date,product_id,sales,quantity,price,category,revenue,day_of_week,month
2020-01-01,Product_1,451.27,9,55.47,Clothing,4061.43,Wednesday,January
2020-01-01,Product_2,500.02,11,31.73,Clothing,5500.219999999999,Wednesday,January
2020-01-01,Product_3,427.31,17,39.97,Toys,7264.27,Wednesday,January
2020-01-01,Product_4,460.65,27,92.84,Electronics,12437.55,Wednesday,January
2020-01-02,Product_1,437.32,9,59.24,Food,3935.88,Thursday,January
2020-01-02,Product_2,499.9,11,54.17,Clothing,5498.9,Thursday,January
2020-01-02,Product_3,415.07,16,65.68,Books,6641.12,Thursday,January
2020-01-02,Product_4,466.96,27,68.63,Electronics,12607.92,Thursday,January
2020-01-03,Product_2,547.11,12,84.54,Electronics,6565.32,Friday,January
2020-01-03,Product_3,434.99,17,53.7,Food,7394.83,Friday,January
2020-01-03,Product_1,479.45,10,66.08,Electronics,4794.5,Friday,January
2020-01-03,Product_4,465.46,27,79.81,Electronics,12567.42,Friday,January
2020-01-04,Product_4,515.39,30,52.12,Food,15461.7,Saturday,January
2020-01-04,Product_3,465.34,18,51.72,Electronics,8376.119999999999,Saturday,January
2020-01-04,Product_1,409.13,9,34.58,Clothing,3682.17,Saturday,January
2020-01-04,Product_2,506.26,11,30.7,Electronics,5568.86,Saturday,January
2020-01-05,Product_1,413.67,9,60.36,Books,3723.03,Sunday,January
2020-01-05,Product_2,465.54,10,59.99,Books,4655.400000000001,Sunday,January
2020-01-05,Product_3,451.97,18,38.99,Electronics,8135.460000000001,Sunday,January
2020-01-05,Product_4,514.75,30,36.64,Electronics,15442.5,Sunday,January
2020-01-06,Product_4,426.62,25,42.74,Toys,10665.5,Monday,January
2020-01-06,Product_1,423.11,9,59.0,Electronics,3807.99,Monday,January
2020-01-06,Product_3,426.18,17,51.5,Clothing,7245.06,Monday,January
2020-01-06,Product_2,501.46,11,55.79,Electronics,5516.06,Monday,January
2020-01-07,Product_3,385.76,15,38.38,Clothing,5786.4,Tuesday,January
2020-01-07,Product_4,458.73,27,64.6,Food,12385.71,Tuesday,January
2020-01-07,Product_5,188.14,4,30.68,Books,752.56,Tuesday,January
2020-01-07,Product_1,404.36,8,66.96,Electronics,3234.88,Tuesday,January
2020-01-07,Product_2,501.22,11,74.11,Food,5513.42,Tuesday,January
2020-01-08,Product_1,465.65,10,96.82,Food,4656.5,Wednesday,January
2020-01-08,Product_2,532.56,11,42.2,Electronics,5858.16,Wednesday,January
2020-01-08,Product_3,444.38,18,43.04,Clothing,7998.84,Wednesday,January
2020-01-08,Product_4,500.52,29,39.44,Books,14515.08,Wednesday,January
2020-01-09,Product_3,470.18,19,60.41,Food,8933.42,Thursday,January
2020-01-09,Product_1,411.37,9,56.0,Food,3702.33,Thursday,January
2020-01-09,Product_2,452.0,10,49.92,Food,4520.0,Thursday,January
2020-01-09,Product_4,503.61,29,93.84,Toys,14604.69,Thursday,January
2020-01-10,Product_1,435.71,9,97.35,Clothing,3921.39,Friday,January
2020-01-10,Product_3,428.94,17,99.08,Toys,7291.98,Friday,January
2020-01-10,Product_4,511.67,30,49.97,Toys,15350.1,Friday,January
2020-01-10,Product_5,205.35,4,40.97,Books,821.4,Friday,January
2020-01-10,Product_2,524.0,11,73.36,Food,5764.0,Friday,January
2020-01-11,Product_1,465.13,10,72.02,Food,4651.3,Saturday,January
2020-01-11,Product_4,509.06,30,78.17,Toys,15271.8,Saturday,January
2020-01-11,Product_3,485.45,19,31.27,Clothing,9223.55,Saturday,January
2020-01-11,Product_2,548.92,12,78.47,Books,6587.039999999999,Saturday,January
2020-01-12,Product_2,490.38,10,93.07,Books,4903.8,Sunday,January
2020-01-12,Product_1,411.5,9,64.18,Clothing,3703.5,Sunday,January
2020-01-12,Product_3,412.18,16,20.11,Books,6594.88,Sunday,January
2020-01-12,Product_4,487.07,28,58.45,Toys,13637.96,Sunday,January
2020-01-13,Product_2,542.5,12,60.44,Books,6510.0,Monday,January
2020-01-13,Product_1,380.03,8,30.17,Toys,3040.24,Monday,January
2020-01-13,Product_3,398.08,16,75.6,Food,6369.28,Monday,January
2020-01-13,Product_4,478.56,28,82.61,Books,13399.68,Monday,January
2020-01-14,Product_2,490.38,10,66.41,Food,4903.8,Tuesday,January
2020-01-14,Product_4,524.51,31,64.71,Food,16259.81,Tuesday,January
2020-01-14,Product_3,430.4,17,21.46,Electronics,7316.799999999999,Tuesday,January
2020-01-14,Product_1,436.9,9,96.97,Clothing,3932.1,Tuesday,January
2020-01-15,Product_1,470.65,10,47.21,Electronics,4706.5,Wednesday,January
2020-01-15,Product_4,508.99,30,81.42,Books,15269.7,Wednesday,January
2020-01-15,Product_2,545.68,12,71.11,Clothing,6548.16,Wednesday,January
2020-01-15,Product_3,417.14,16,25.96,Toys,6674.24,Wednesday,January
2020-01-15,Product_5,184.94,4,57.37,Food,739.76,Wednesday,January
2020-01-16,Product_2,494.85,11,47.16,Books,5443.35,Thursday,January
2020-01-16,Product_1,478.93,10,96.17,Books,4789.3,Thursday,January
2020-01-16,Product_4,527.4,31,69.21,Clothing,16349.4,Thursday,January
2020-01-16,Product_3,474.91,19,39.45,Electronics,9023.29,Thursday,January
2020-01-17,Product_1,497.18,10,66.4,Electronics,4971.8,Friday,January
2020-01-17,Product_3,482.87,19,60.79,Toys,9174.53,Friday,January
2020-01-17,Product_2,546.51,12,72.6,Clothing,6558.12,Friday,January
2020-01-17,Product_4,521.08,30,37.79,Books,15632.4,Friday,January
2020-01-18,Product_3,432.35,17,56.34,Food,7349.950000000001,Saturday,January
2020-01-18,Product_1,458.6,10,93.51,Books,4586.0,Saturday,January
2020-01-18,Product_4,515.39,30,55.79,Toys,15461.7,Saturday,January
2020-01-18,Product_2,569.32,12,30.97,Electronics,6831.84,Saturday,January
2020-01-19,Product_2,537.47,12,62.46,Food,6449.64,Sunday,January
2020-01-19,Product_1,421.87,9,49.82,Clothing,3796.83,Sunday,January
2020-01-19,Product_3,378.05,15,31.31,Toys,5670.75,Sunday,January
2020-01-19,Product_4,465.68,27,26.59,Clothing,12573.36,Sunday,January
2020-01-20,Product_1,402.91,8,47.15,Food,3223.28,Monday,January
2020-01-20,Product_2,535.38,11,25.9,Toys,5889.18,Monday,January
2020-01-20,Product_3,506.88,20,75.54,Toys,10137.6,Monday,January
2020-01-20,Product_4,437.0,25,95.81,Clothing,10925.0,Monday,January
2020-01-21,Product_1,456.51,10,40.06,Clothing,4565.1,Tuesday,January
2020-01-21,Product_3,430.84,17,86.46,Electronics,7324.28,Tuesday,January
2020-01-21,Product_4,477.95,28,32.32,Electronics,13382.6,Tuesday,January
2020-01-21,Product_2,499.91,11,56.69,Electronics,5499.01,Tuesday,January
2020-01-22,Product_2,527.43,11,84.37,Clothing,5801.73,Wednesday,January
2020-01-22,Product_3,440.3,17,95.91,Clothing,7485.1,Wednesday,January
2020-01-22,Product_1,430.53,9,82.51,Books,3874.77,Wednesday,January
2020-01-22,Product_4,460.05,27,71.74,Clothing,12421.35,Wednesday,January
2020-01-23,Product_1,442.31,9,76.24,Clothing,3980.79,Thursday,January
2020-01-23,Product_2,526.26,11,43.37,Clothing,5788.86,Thursday,January
2020-01-23,Product_4,473.57,28,32.39,Food,13259.96,Thursday,January
2020-01-23,Product_3,436.76,17,92.66,Books,7424.92,Thursday,January
2020-01-24,Product_2,471.78,10,98.51,Toys,4717.799999999999,Friday,January
2020-01-24,Product_4,465.73,27,38.83,Clothing,12574.71,Friday,January
2020-01-24,Product_1,509.2,11,52.12,Food,5601.2,Friday,January
2020-01-24,Product_3,495.04,20,80.27,Toys,9900.8,Friday,January
2020-01-24,Product_5,190.6,4,99.14,Food,762.4,Friday,January
2020-01-25,Product_1,491.93,10,28.78,Electronics,4919.3,Saturday,January
2020-01-25,Product_4,446.67,26,91.97,Clothing,11613.42,Saturday,January
2020-01-25,Product_3,424.06,17,81.95,Books,7209.02,Saturday,January
2020-01-25,Product_5,191.23,4,98.44,Food,764.92,Saturday,January
2020-01-25,Product_2,550.24,12,66.22,Electronics,6602.88,Saturday,January
2020-01-26,Product_4,500.38,29,90.34,Clothing,14511.02,Sunday,January
2020-01-26,Product_2,514.35,11,85.47,Food,5657.85,Sunday,January
2020-01-26,Product_3,445.88,18,37.13,Toys,8025.84,Sunday,January
2020-01-26,Product_1,428.48,9,77.34,Clothing,3856.32,Sunday,January
2020-01-27,Product_2,470.1,10,96.46,Books,4701.0,Monday,January
2020-01-27,Product_4,462.88,27,25.52,Books,12497.76,Monday,January
2020-01-27,Product_3,430.45,17,38.9,Clothing,7317.65,Monday,January
2020-01-27,Product_1,421.73,9,88.65,Books,3795.57,Monday,January
2020-01-27,Product_5,246.66,5,23.57,Toys,1233.3,Monday,January
2020-01-28,Product_4,450.01,26,83.85,Electronics,11700.26,Tuesday,January
2020-01-28,Product_3,403.98,16,98.26,Electronics,6463.68,Tuesday,January
2020-01-28,Product_2,507.86,11,92.55,Food,5586.46,Tuesday,January
2020-01-28,Product_5,177.11,3,61.47,Food,531.33,Tuesday,January
2020-01-28,Product_1,459.19,10,42.29,Electronics,4591.9,Tuesday,January
2020-01-29,Product_1,410.59,9,84.14,Food,3695.31,Wednesday,January
2020-01-29,Product_4,482.99,28,26.78,Toys,13523.72,Wednesday,January
2020-01-29,Product_3,412.86,16,79.25,Electronics,6605.76,Wednesday,January
2020-01-29,Product_2,501.04,11,92.56,Clothing,5511.4400000000005,Wednesday,January
2020-01-30,Product_2,584.48,13,50.23,Books,7598.24,Thursday,January
2020-01-30,Product_4,519.75,30,53.51,Clothing,15592.5,Thursday,January
2020-01-30,Product_3,409.12,16,39.31,Electronics,6545.92,Thursday,January
2020-01-30,Product_1,504.67,11,91.55,Food,5551.37,Thursday,January
2020-01-31,Product_3,561.42,22,62.03,Electronics,12351.24,Friday,January
2020-01-31,Product_1,526.75,11,55.72,Toys,5794.25,Friday,January
2020-01-31,Product_2,493.51,11,95.91,Food,5428.61,Friday,January
2020-01-31,Product_4,534.49,31,92.96,Food,16569.19,Friday,January
2020-02-01,Product_4,453.72,26,90.15,Food,11796.72,Saturday,February
2020-02-01,Product_5,183.8,4,89.34,Books,735.2,Saturday,February
2020-02-01,Product_3,402.54,16,24.11,Toys,6440.64,Saturday,February
2020-02-01,Product_1,451.51,9,99.21,Food,4063.59,Saturday,February
2020-02-01,Product_2,544.99,12,65.47,Food,6539.88,Saturday,February
2020-02-02,Product_5,180.28,3,48.29,Clothing,540.84,Sunday,February
2020-02-02,Product_3,410.17,16,80.11,Electronics,6562.72,Sunday,February
2020-02-02,Product_2,492.6,11,71.32,Toys,5418.6,Sunday,February
2020-02-02,Product_4,569.5,33,93.78,Books,18793.5,Sunday,February
2020-02-02,Product_1,452.49,9,70.67,Clothing,4072.41,Sunday,February
2020-02-03,Product_2,466.32,10,82.13,Toys,4663.2,Monday,February
2020-02-03,Product_4,432.74,25,24.92,Food,10818.5,Monday,February
2020-02-03,Product_1,417.9,9,25.8,Electronics,3761.1,Monday,February
2020-02-03,Product_3,440.2,17,92.79,Clothing,7483.4,Monday,February
2020-02-04,Product_3,455.12,18,75.89,Food,8192.16,Tuesday,February
2020-02-04,Product_2,516.62,11,54.56,Books,5682.82,Tuesday,February
2020-02-04,Product_4,542.84,32,41.91,Clothing,17370.88,Tuesday,February
2020-02-04,Product_1,436.59,9,57.87,Food,3929.31,Tuesday,February
2020-02-05,Product_2,549.32,12,20.03,Electronics,6591.84,Wednesday,February
2020-02-05,Product_3,455.22,18,23.44,Toys,8193.960000000001,Wednesday,February
2020-02-05,Product_4,475.59,28,44.61,Toys,13316.52,Wednesday,February
2020-02-05,Product_1,419.38,9,63.86,Books,3774.42,Wednesday,February
2020-02-06,Product_1,514.98,11,98.17,Clothing,5664.780000000001,Thursday,February
2020-02-06,Product_3,453.77,18,87.4,Clothing,8167.86,Thursday,February
2020-02-06,Product_2,501.33,11,74.67,Books,5514.63,Thursday,February
2020-02-06,Product_4,506.27,30,78.0,Toys,15188.1,Thursday,February
2020-02-06,Product_5,235.69,5,37.87,Food,1178.45,Thursday,February
2020-02-07,Product_3,436.36,17,93.79,Books,7418.12,Friday,February
2020-02-07,Product_4,535.71,31,66.86,Toys,16607.010000000002,Friday,February
2020-02-07,Product_2,559.29,12,78.53,Books,6711.48,Friday,February
2020-02-07,Product_1,456.0,10,73.21,Food,4560.0,Friday,February
2020-02-08,Product_4,524.13,31,64.05,Toys,16248.03,Saturday,February
2020-02-08,Product_3,505.6,20,94.8,Toys,10112.0,Saturday,February
2020-02-08,Product_1,477.24,10,52.3,Clothing,4772.4,Saturday,February
2020-02-08,Product_2,578.93,12,46.63,Clothing,6947.16,Saturday,February
2020-02-09,Product_2,510.84,11,81.41,Clothing,5619.24,Sunday,February
2020-02-09,Product_3,479.43,19,80.69,Books,9109.17,Sunday,February
2020-02-09,Product_1,375.56,8,31.5,Books,3004.48,Sunday,February
2020-02-09,Product_4,489.84,29,49.78,Clothing,14205.36,Sunday,February
2020-02-09,Product_5,311.08,6,77.32,Clothing,1866.48,Sunday,February
2020-02-10,Product_1,440.85,9,93.16,Food,3967.65,Monday,February
2020-02-10,Product_3,466.13,18,96.56,Food,8390.34,Monday,February
2020-02-10,Product_4,481.96,28,81.44,Food,13494.88,Monday,February
2020-02-10,Product_2,582.89,13,47.8,Books,7577.57,Monday,February
2020-02-11,Product_4,497.89,29,23.46,Clothing,14438.81,Tuesday,February
2020-02-11,Product_1,461.89,10,76.27,Clothing,4618.9,Tuesday,February
2020-02-11,Product_2,534.21,11,82.26,Food,5876.31,Tuesday,February
2020-02-11,Product_3,460.97,18,45.48,Toys,8297.460000000001,Tuesday,February
2020-02-12,Product_4,495.55,29,78.87,Books,14370.95,Wednesday,February
2020-02-12,Product_1,447.65,9,37.13,Clothing,4028.85,Wednesday,February
2020-02-12,Product_5,196.46,4,29.71,Food,785.84,Wednesday,February
2020-02-12,Product_2,620.94,13,23.98,Books,8072.220000000001,Wednesday,February
2020-02-12,Product_3,451.74,18,57.71,Books,8131.32,Wednesday,February
2020-02-13,Product_1,478.29,10,93.93,Clothing,4782.900000000001,Thursday,February
2020-02-13,Product_2,573.85,12,69.71,Clothing,6886.200000000001,Thursday,February
2020-02-13,Product_3,446.92,18,23.18,Food,8044.56,Thursday,February
2020-02-13,Product_4,506.97,30,74.78,Electronics,15209.1,Thursday,February
2020-02-13,Product_5,193.11,4,34.85,Clothing,772.44,Thursday,February
2020-02-14,Product_2,575.16,12,20.01,Books,6901.92,Friday,February
2020-02-14,Product_4,568.52,33,80.47,Electronics,18761.16,Friday,February
2020-02-14,Product_1,405.17,8,99.07,Books,3241.36,Friday,February
2020-02-14,Product_3,475.18,19,69.48,Food,9028.42,Friday,February
2020-02-15,Product_4,567.72,33,55.87,Toys,18734.76,Saturday,February
2020-02-15,Product_1,456.29,10,67.79,Electronics,4562.900000000001,Saturday,February
2020-02-15,Product_2,564.51,12,24.22,Electronics,6774.12,Saturday,February
2020-02-15,Product_3,427.51,17,40.91,Books,7267.67,Saturday,February
2020-02-16,Product_3,457.27,18,75.53,Electronics,8230.86,Sunday,February
2020-02-16,Product_2,535.08,11,97.75,Clothing,5885.88,Sunday,February
2020-02-16,Product_4,488.99,29,21.07,Books,14180.71,Sunday,February
2020-02-16,Product_1,445.91,9,56.06,Books,4013.19,Sunday,February
2020-02-17,Product_3,437.86,17,70.55,Toys,7443.62,Monday,February
2020-02-17,Product_2,504.49,11,72.61,Food,5549.39,Monday,February
2020-02-17,Product_4,493.54,29,82.01,Books,14312.66,Monday,February
2020-02-17,Product_1,436.31,9,59.97,Food,3926.79,Monday,February
2020-02-18,Product_1,433.31,9,30.51,Books,3899.79,Tuesday,February
2020-02-18,Product_4,537.44,31,46.41,Books,16660.640000000003,Tuesday,February
2020-02-18,Product_3,393.25,16,69.89,Toys,6292.0,Tuesday,February
2020-02-18,Product_2,553.2,12,57.99,Food,6638.400000000001,Tuesday,February
2020-02-19,Product_3,429.48,17,32.0,Food,7301.16,Wednesday,February
2020-02-19,Product_2,547.62,12,87.44,Toys,6571.4400000000005,Wednesday,February
2020-02-19,Product_4,490.1,29,76.76,Books,14212.9,Wednesday,February
2020-02-19,Product_1,457.51,10,73.04,Electronics,4575.1,Wednesday,February
2020-02-20,Product_3,447.21,18,75.27,Books,8049.78,Thursday,February
2020-02-20,Product_2,575.5,12,29.74,Toys,6906.0,Thursday,February
2020-02-20,Product_1,494.01,10,92.84,Clothing,4940.1,Thursday,February
2020-02-20,Product_4,541.39,32,59.88,Clothing,17324.48,Thursday,February
2020-02-21,Product_4,498.94,29,35.04,Toys,14469.26,Friday,February
2020-02-21,Product_3,481.53,19,24.12,Food,9149.07,Friday,February
2020-02-21,Product_5,215.24,4,38.13,Books,860.96,Friday,February
2020-02-21,Product_2,567.0,12,82.68,Books,6804.0,Friday,February
2020-02-21,Product_1,480.37,10,56.04,Toys,4803.7,Friday,February
2020-02-22,Product_1,454.73,10,89.57,Toys,4547.3,Saturday,February
2020-02-22,Product_4,491.68,29,60.4,Electronics,14258.72,Saturday,February
2020-02-22,Product_2,537.12,12,30.55,Clothing,6445.4400000000005,Saturday,February
2020-02-22,Product_3,517.61,21,27.96,Books,10869.81,Saturday,February
2020-02-23,Product_4,487.4,28,98.63,Toys,13647.2,Sunday,February
2020-02-23,Product_1,450.88,9,67.97,Books,4057.92,Sunday,February
2020-02-23,Product_2,574.77,12,32.79,Toys,6897.24,Sunday,February
2020-02-23,Product_3,439.16,17,22.45,Books,7465.72,Sunday,February
2020-02-23,Product_5,189.43,4,98.46,Electronics,757.72,Sunday,February
2020-02-24,Product_3,421.14,17,38.42,Clothing,7159.38,Monday,February
2020-02-24,Product_1,437.19,9,59.51,Clothing,3934.71,Monday,February
2020-02-24,Product_4,469.47,27,42.73,Books,12675.69,Monday,February
2020-02-24,Product_2,555.87,12,79.03,Electronics,6670.4400000000005,Monday,February
2020-02-25,Product_1,445.55,9,98.05,Clothing,4009.95,Tuesday,February
2020-02-25,Product_2,497.61,11,98.34,Toys,5473.71,Tuesday,February
2020-02-25,Product_3,442.45,18,30.87,Clothing,7964.099999999999,Tuesday,February
2020-02-25,Product_4,445.95,26,93.24,Toys,11594.7,Tuesday,February
2020-02-26,Product_2,549.33,12,39.4,Food,6591.960000000001,Wednesday,February
2020-02-26,Product_3,446.6,18,38.56,Clothing,8038.8,Wednesday,February
2020-02-26,Product_4,540.04,32,42.1,Food,17281.28,Wednesday,February
2020-02-26,Product_1,455.74,10,81.08,Electronics,4557.4,Wednesday,February
2020-02-27,Product_3,473.03,19,56.9,Electronics,8987.57,Thursday,February
2020-02-27,Product_2,515.34,11,88.56,Food,5668.740000000001,Thursday,February
2020-02-27,Product_4,578.62,34,86.08,Electronics,19673.08,Thursday,February
2020-02-27,Product_1,520.75,11,48.05,Clothing,5728.25,Thursday,February
2020-02-27,Product_5,232.01,5,78.62,Toys,1160.05,Thursday,February
2020-02-28,Product_3,507.0,20,56.71,Electronics,10140.0,Friday,February
2020-02-28,Product_1,510.94,11,75.92,Food,5620.34,Friday,February
2020-02-28,Product_2,579.17,12,84.05,Clothing,6950.039999999999,Friday,February
2020-02-28,Product_4,570.18,33,99.98,Toys,18815.94,Friday,February
2020-02-29,Product_2,567.27,12,99.72,Books,6807.24,Saturday,February
2020-02-29,Product_4,571.82,33,90.04,Toys,18870.06,Saturday,February
2020-02-29,Product_1,509.97,11,25.66,Food,5609.67,Saturday,February
2020-02-29,Product_5,176.05,3,82.61,Food,528.1500000000001,Saturday,February
2020-02-29,Product_3,441.13,17,60.1,Books,7499.21,Saturday,February
2020-03-01,Product_4,511.66,30,43.52,Books,15349.8,Sunday,March
2020-03-01,Product_2,548.78,12,63.31,Electronics,6585.36,Sunday,March
2020-03-01,Product_1,517.24,11,54.09,Electronics,5689.64,Sunday,March
2020-03-01,Product_3,517.77,21,25.88,Books,10873.17,Sunday,March
2020-03-02,Product_3,365.88,14,54.87,Food,5122.32,Monday,March
2020-03-02,Product_1,455.74,10,71.19,Electronics,4557.4,Monday,March
2020-03-02,Product_4,486.57,28,57.97,Clothing,13623.96,Monday,March
2020-03-02,Product_2,547.14,12,60.61,Toys,6565.68,Monday,March
2020-03-03,Product_3,465.04,18,37.16,Toys,8370.720000000001,Tuesday,March
2020-03-03,Product_1,472.57,10,40.82,Electronics,4725.7,Tuesday,March
2020-03-03,Product_2,551.04,12,70.75,Food,6612.48,Tuesday,March
2020-03-03,Product_5,174.42,3,53.73,Books,523.26,Tuesday,March
2020-03-03,Product_4,489.84,29,82.28,Clothing,14205.36,Tuesday,March
2020-03-04,Product_2,545.07,12,57.77,Food,6540.84,Wednesday,March
2020-03-04,Product_1,439.2,9,50.75,Clothing,3952.8,Wednesday,March
2020-03-04,Product_5,208.84,4,49.25,Toys,835.36,Wednesday,March
2020-03-04,Product_3,451.57,18,32.14,Food,8128.26,Wednesday,March
2020-03-04,Product_4,505.49,30,32.43,Toys,15164.7,Wednesday,March
2020-03-05,Product_1,522.46,11,40.63,Food,5747.06,Thursday,March
2020-03-05,Product_5,205.27,4,79.69,Toys,821.08,Thursday,March
2020-03-05,Product_4,517.54,30,31.01,Clothing,15526.2,Thursday,March
2020-03-05,Product_3,449.53,18,45.05,Clothing,8091.539999999999,Thursday,March
2020-03-05,Product_2,530.19,11,40.78,Electronics,5832.09,Thursday,March
2020-03-06,Product_3,506.01,20,92.12,Food,10120.2,Friday,March
2020-03-06,Product_1,477.07,10,60.38,Books,4770.7,Friday,March
2020-03-06,Product_2,583.23,13,76.81,Books,7581.99,Friday,March
2020-03-06,Product_4,580.22,34,47.25,Clothing,19727.48,Friday,March
2020-03-07,Product_4,477.42,28,85.72,Toys,13367.76,Saturday,March
2020-03-07,Product_2,555.84,12,45.38,Food,6670.08,Saturday,March
2020-03-07,Product_3,484.4,19,85.2,Books,9203.6,Saturday,March
2020-03-07,Product_5,203.65,4,96.94,Clothing,814.6,Saturday,March
2020-03-07,Product_1,515.2,11,40.43,Books,5667.200000000001,Saturday,March
2020-03-08,Product_4,492.47,29,23.08,Clothing,14281.63,Sunday,March
2020-03-08,Product_2,620.66,13,50.06,Clothing,8068.58,Sunday,March
2020-03-08,Product_3,458.55,18,53.01,Electronics,8253.9,Sunday,March
2020-03-08,Product_1,484.16,10,66.85,Books,4841.6,Sunday,March
2020-03-09,Product_2,575.58,12,58.02,Clothing,6906.960000000001,Monday,March
2020-03-09,Product_1,468.6,10,70.9,Electronics,4686.0,Monday,March
2020-03-09,Product_3,509.13,20,74.68,Food,10182.6,Monday,March
2020-03-09,Product_4,529.76,31,51.75,Books,16422.56,Monday,March
2020-03-10,Product_2,548.09,12,72.37,Books,6577.08,Tuesday,March
2020-03-10,Product_3,465.02,18,52.09,Toys,8370.36,Tuesday,March
2020-03-10,Product_4,530.38,31,20.31,Clothing,16441.78,Tuesday,March
2020-03-10,Product_1,478.77,10,72.41,Electronics,4787.7,Tuesday,March
2020-03-11,Product_2,584.63,13,99.52,Toys,7600.19,Wednesday,March
2020-03-11,Product_3,477.47,19,36.52,Toys,9071.93,Wednesday,March
2020-03-11,Product_4,483.89,28,72.43,Clothing,13548.92,Wednesday,March
2020-03-11,Product_1,490.86,10,38.74,Books,4908.6,Wednesday,March
2020-03-12,Product_2,574.75,12,47.63,Clothing,6897.0,Thursday,March
2020-03-12,Product_4,620.63,36,59.54,Food,22342.68,Thursday,March
2020-03-12,Product_3,455.71,18,40.3,Food,8202.779999999999,Thursday,March
2020-03-12,Product_1,447.03,9,39.45,Toys,4023.27,Thursday,March
2020-03-13,Product_1,507.01,11,52.96,Clothing,5577.11,Friday,March
2020-03-13,Product_2,594.68,13,83.54,Electronics,7730.839999999999,Friday,March
2020-03-13,Product_3,470.72,19,62.73,Toys,8943.68,Friday,March
2020-03-13,Product_4,538.58,32,25.49,Toys,17234.56,Friday,March
2020-03-14,Product_4,551.48,32,48.2,Toys,17647.36,Saturday,March
2020-03-14,Product_5,207.28,4,49.69,Books,829.12,Saturday,March
2020-03-14,Product_1,471.72,10,33.66,Toys,4717.200000000001,Saturday,March
2020-03-14,Product_2,526.21,11,65.26,Electronics,5788.31,Saturday,March
2020-03-14,Product_3,508.63,20,51.02,Clothing,10172.6,Saturday,March
2020-03-15,Product_3,424.28,17,61.37,Books,7212.759999999999,Sunday,March
2020-03-15,Product_2,579.22,12,24.9,Clothing,6950.64,Sunday,March
2020-03-15,Product_4,564.47,33,42.73,Toys,18627.51,Sunday,March
2020-03-15,Product_1,425.02,9,72.01,Food,3825.18,Sunday,March
2020-03-16,Product_2,540.06,12,45.32,Books,6480.719999999999,Monday,March
2020-03-16,Product_4,511.78,30,80.61,Books,15353.4,Monday,March
2020-03-16,Product_3,441.59,17,81.41,Electronics,7507.03,Monday,March
2020-03-16,Product_5,186.62,4,45.4,Toys,746.48,Monday,March
2020-03-16,Product_1,512.18,11,96.35,Books,5633.98,Monday,March
2020-03-17,Product_1,511.33,11,28.26,Books,5624.63,Tuesday,March
2020-03-17,Product_3,448.69,18,46.24,Food,8076.42,Tuesday,March
2020-03-17,Product_4,520.81,30,93.08,Books,15624.3,Tuesday,March
2020-03-17,Product_2,501.34,11,89.93,Electronics,5514.74,Tuesday,March
2020-03-18,Product_5,212.47,4,86.01,Books,849.88,Wednesday,March
2020-03-18,Product_3,486.0,19,95.46,Electronics,9234.0,Wednesday,March
2020-03-18,Product_4,558.87,33,64.37,Electronics,18442.71,Wednesday,March
2020-03-18,Product_1,498.32,11,74.53,Clothing,5481.52,Wednesday,March
2020-03-18,Product_2,525.87,11,21.13,Clothing,5784.57,Wednesday,March
2020-03-19,Product_4,572.25,34,90.3,Clothing,19456.5,Thursday,March
2020-03-19,Product_1,485.95,10,53.71,Clothing,4859.5,Thursday,March
2020-03-19,Product_2,531.42,11,70.68,Books,5845.62,Thursday,March
2020-03-19,Product_3,491.13,19,60.18,Food,9331.47,Thursday,March
2020-03-20,Product_4,505.32,30,68.22,Toys,15159.6,Friday,March
2020-03-20,Product_2,585.75,13,98.11,Books,7614.75,Friday,March
2020-03-20,Product_1,533.35,11,34.21,Clothing,5866.85,Friday,March
2020-03-20,Product_3,500.0,20,79.31,Clothing,10000.0,Friday,March
2020-03-20,Product_5,242.24,5,73.21,Books,1211.2,Friday,March
2020-03-21,Product_4,521.18,30,95.15,Clothing,15635.399999999998,Saturday,March
2020-03-21,Product_3,488.13,19,31.66,Electronics,9274.47,Saturday,March
2020-03-21,Product_2,607.94,13,29.02,Food,7903.220000000001,Saturday,March
2020-03-21,Product_1,519.79,11,36.34,Electronics,5717.69,Saturday,March
2020-03-22,Product_3,469.95,19,72.84,Books,8929.05,Sunday,March
2020-03-22,Product_2,565.18,12,54.29,Books,6782.16,Sunday,March
2020-03-22,Product_1,501.21,11,88.95,Toys,5513.31,Sunday,March
2020-03-22,Product_4,541.99,32,94.35,Food,17343.68,Sunday,March
2020-03-23,Product_3,433.75,17,99.28,Electronics,7373.75,Monday,March
2020-03-23,Product_2,528.3,11,69.95,Electronics,5811.299999999999,Monday,March
2020-03-23,Product_4,528.9,31,49.69,Food,16395.899999999998,Monday,March
2020-03-23,Product_1,484.84,10,34.71,Food,4848.4,Monday,March
2020-03-24,Product_1,479.64,10,25.68,Toys,4796.4,Tuesday,March
2020-03-24,Product_4,527.23,31,70.24,Clothing,16344.13,Tuesday,March
2020-03-24,Product_2,558.01,12,67.75,Toys,6696.12,Tuesday,March
2020-03-24,Product_3,397.98,16,20.44,Toys,6367.68,Tuesday,March
2020-03-25,Product_3,456.77,18,87.31,Food,8221.86,Wednesday,March
2020-03-25,Product_4,518.44,30,69.11,Clothing,15553.2,Wednesday,March
2020-03-25,Product_1,473.49,10,68.65,Electronics,4734.9,Wednesday,March
2020-03-25,Product_2,552.73,12,73.1,Toys,6632.76,Wednesday,March
2020-03-26,Product_3,481.67,19,48.43,Food,9151.73,Thursday,March
2020-03-26,Product_4,529.42,31,99.1,Electronics,16412.02,Thursday,March
2020-03-26,Product_2,604.18,13,62.05,Electronics,7854.339999999999,Thursday,March
2020-03-26,Product_1,504.04,11,72.54,Toys,5544.4400000000005,Thursday,March
2020-03-27,Product_2,553.12,12,79.48,Food,6637.4400000000005,Friday,March
2020-03-27,Product_4,555.88,33,44.99,Electronics,18344.04,Friday,March
2020-03-27,Product_1,489.61,10,53.08,Clothing,4896.1,Friday,March
2020-03-27,Product_3,504.41,20,31.15,Electronics,10088.2,Friday,March
2020-03-28,Product_3,508.74,20,70.71,Clothing,10174.8,Saturday,March
2020-03-28,Product_1,542.39,11,42.91,Electronics,5966.29,Saturday,March
2020-03-28,Product_4,554.27,32,47.99,Clothing,17736.64,Saturday,March
2020-03-28,Product_2,556.26,12,34.07,Food,6675.12,Saturday,March
2020-03-29,Product_1,467.93,10,31.41,Food,4679.3,Sunday,March
2020-03-29,Product_4,494.95,29,36.05,Toys,14353.55,Sunday,March
2020-03-29,Product_3,439.25,17,91.23,Electronics,7467.25,Sunday,March
2020-03-29,Product_2,534.41,11,73.53,Books,5878.509999999999,Sunday,March
2020-03-30,Product_1,405.54,8,68.95,Food,3244.32,Monday,March
2020-03-30,Product_3,493.18,20,24.52,Food,9863.6,Monday,March
2020-03-30,Product_2,539.27,12,60.89,Food,6471.24,Monday,March
2020-03-30,Product_4,529.94,31,62.88,Clothing,16428.140000000003,Monday,March
2020-03-31,Product_3,496.59,20,84.1,Toys,9931.8,Tuesday,March
2020-03-31,Product_2,558.82,12,67.99,Books,6705.84,Tuesday,March
2020-03-31,Product_4,472.95,28,71.63,Food,13242.6,Tuesday,March
2020-03-31,Product_1,406.95,8,70.19,Clothing,3255.6,Tuesday,March
2020-04-01,Product_3,485.01,19,42.28,Electronics,9215.19,Wednesday,April
2020-04-01,Product_2,571.23,12,37.12,Electronics,6854.76,Wednesday,April
2020-04-01,Product_4,596.05,35,55.98,Books,20861.75,Wednesday,April
2020-04-01,Product_1,507.17,11,36.28,Toys,5578.87,Wednesday,April
2020-04-02,Product_3,494.25,20,90.08,Electronics,9885.0,Thursday,April
2020-04-02,Product_1,539.49,11,20.07,Food,5934.39,Thursday,April
2020-04-02,Product_2,571.35,12,34.05,Food,6856.200000000001,Thursday,April
2020-04-02,Product_4,553.96,32,92.85,Electronics,17726.72,Thursday,April
2020-04-03,Product_3,508.17,20,51.91,Books,10163.4,Friday,April
2020-04-03,Product_4,519.68,30,43.08,Books,15590.399999999998,Friday,April
2020-04-03,Product_2,622.29,13,37.69,Food,8089.769999999999,Friday,April
2020-04-03,Product_1,506.89,11,77.39,Clothing,5575.79,Friday,April
2020-04-04,Product_5,198.34,4,44.43,Toys,793.36,Saturday,April
2020-04-04,Product_4,562.0,33,30.43,Food,18546.0,Saturday,April
2020-04-04,Product_3,490.64,19,74.16,Books,9322.16,Saturday,April
2020-04-04,Product_2,571.48,12,35.98,Electronics,6857.76,Saturday,April
2020-04-04,Product_1,447.06,9,82.41,Books,4023.54,Saturday,April
2020-04-05,Product_4,576.04,34,93.3,Books,19585.36,Sunday,April
2020-04-05,Product_1,480.19,10,61.24,Books,4801.9,Sunday,April
2020-04-05,Product_3,507.49,20,60.0,Toys,10149.8,Sunday,April
2020-04-05,Product_2,567.28,12,24.31,Books,6807.36,Sunday,April
2020-04-06,Product_3,395.05,16,27.79,Food,6320.8,Monday,April
2020-04-06,Product_2,554.97,12,91.77,Toys,6659.64,Monday,April
2020-04-06,Product_4,536.58,31,50.93,Food,16633.98,Monday,April
2020-04-06,Product_1,487.92,10,91.81,Toys,4879.2,Monday,April
2020-04-07,Product_1,490.15,10,88.59,Electronics,4901.5,Tuesday,April
2020-04-07,Product_3,487.24,19,99.01,Toys,9257.56,Tuesday,April
2020-04-07,Product_2,543.01,12,77.82,Food,6516.12,Tuesday,April
2020-04-07,Product_4,511.47,30,52.23,Food,15344.1,Tuesday,April
2020-04-08,Product_5,208.27,4,24.47,Food,833.08,Wednesday,April
2020-04-08,Product_3,498.83,20,82.78,Food,9976.6,Wednesday,April
2020-04-08,Product_1,448.99,9,71.76,Food,4040.91,Wednesday,April
2020-04-08,Product_2,528.59,11,20.91,Clothing,5814.490000000001,Wednesday,April
2020-04-08,Product_4,557.77,33,76.45,Toys,18406.41,Wednesday,April
2020-04-09,Product_3,522.38,21,52.25,Food,10969.98,Thursday,April
2020-04-09,Product_1,505.98,11,26.86,Food,5565.780000000001,Thursday,April
2020-04-09,Product_4,572.67,34,26.65,Food,19470.78,Thursday,April
2020-04-09,Product_5,203.47,4,20.67,Food,813.88,Thursday,April
2020-04-09,Product_2,571.51,12,41.99,Electronics,6858.12,Thursday,April
2020-04-10,Product_1,487.96,10,72.33,Food,4879.599999999999,Friday,April
2020-04-10,Product_2,580.97,13,80.19,Food,7552.610000000001,Friday,April
2020-04-10,Product_4,566.1,33,83.85,Books,18681.3,Friday,April
2020-04-10,Product_3,475.28,19,34.99,Books,9030.32,Friday,April
2020-04-10,Product_5,195.65,4,74.88,Toys,782.6,Friday,April
2020-04-11,Product_3,442.75,18,73.14,Clothing,7969.5,Saturday,April
2020-04-11,Product_1,469.47,10,39.73,Clothing,4694.700000000001,Saturday,April
2020-04-11,Product_2,582.0,13,27.19,Clothing,7566.0,Saturday,April
2020-04-11,Product_5,209.55,4,40.35,Books,838.2,Saturday,April
2020-04-11,Product_4,541.17,32,63.83,Electronics,17317.44,Saturday,April
2020-04-12,Product_1,468.04,10,28.49,Toys,4680.400000000001,Sunday,April
2020-04-12,Product_3,499.34,20,34.33,Clothing,9986.8,Sunday,April
2020-04-12,Product_5,244.77,5,84.27,Books,1223.85,Sunday,April
2020-04-12,Product_4,565.09,33,90.15,Electronics,18647.97,Sunday,April
2020-04-12,Product_2,520.91,11,25.61,Books,5730.009999999999,Sunday,April
2020-04-13,Product_4,550.72,32,48.82,Electronics,17623.04,Monday,April
2020-04-13,Product_3,511.7,20,43.02,Electronics,10234.0,Monday,April
2020-04-13,Product_1,460.18,10,93.04,Electronics,4601.8,Monday,April
2020-04-13,Product_2,544.43,12,60.36,Toys,6533.16,Monday,April
2020-04-14,Product_5,174.61,3,38.2,Toys,523.83,Tuesday,April
2020-04-14,Product_2,581.79,13,26.82,Books,7563.269999999999,Tuesday,April
2020-04-14,Product_4,633.64,37,30.89,Electronics,23444.68,Tuesday,April
2020-04-14,Product_3,485.4,19,42.72,Toys,9222.6,Tuesday,April
2020-04-14,Product_1,443.0,9,47.21,Clothing,3987.0,Tuesday,April
2020-04-15,Product_1,537.5,11,60.79,Electronics,5912.5,Wednesday,April
2020-04-15,Product_2,554.07,12,20.43,Electronics,6648.84,Wednesday,April
2020-04-15,Product_4,524.77,31,68.73,Food,16267.87,Wednesday,April
2020-04-15,Product_3,516.52,21,94.07,Toys,10846.92,Wednesday,April
2020-04-15,Product_5,185.27,4,46.72,Books,741.08,Wednesday,April
2020-04-16,Product_5,257.29,5,21.22,Clothing,1286.45,Thursday,April
2020-04-16,Product_3,505.92,20,27.95,Food,10118.4,Thursday,April
2020-04-16,Product_1,538.42,11,35.57,Clothing,5922.62,Thursday,April
2020-04-16,Product_2,650.2,14,28.68,Electronics,9102.8,Thursday,April
2020-04-16,Product_4,525.53,31,50.39,Toys,16291.429999999998,Thursday,April
2020-04-17,Product_2,606.33,13,23.61,Toys,7882.290000000001,Friday,April
2020-04-17,Product_4,495.91,29,36.84,Electronics,14381.39,Friday,April
2020-04-17,Product_3,517.29,21,66.0,Clothing,10863.09,Friday,April
2020-04-17,Product_1,580.94,12,36.82,Electronics,6971.280000000001,Friday,April
2020-04-18,Product_2,561.03,12,76.27,Books,6732.36,Saturday,April
2020-04-18,Product_3,486.71,19,52.95,Books,9247.49,Saturday,April
2020-04-18,Product_1,429.14,9,43.87,Books,3862.26,Saturday,April
2020-04-18,Product_4,522.77,31,53.18,Books,16205.87,Saturday,April
2020-04-19,Product_2,605.43,13,41.85,Books,7870.589999999999,Sunday,April
2020-04-19,Product_3,477.53,19,37.1,Electronics,9073.07,Sunday,April
2020-04-19,Product_1,496.7,10,88.78,Books,4967.0,Sunday,April
2020-04-19,Product_4,595.86,35,28.27,Electronics,20855.1,Sunday,April
2020-04-20,Product_4,479.8,28,47.84,Books,13434.4,Monday,April
2020-04-20,Product_2,536.98,12,90.52,Food,6443.76,Monday,April
2020-04-20,Product_3,484.93,19,24.64,Toys,9213.67,Monday,April
2020-04-20,Product_1,453.42,10,93.0,Electronics,4534.2,Monday,April
2020-04-21,Product_1,510.04,11,58.63,Clothing,5610.4400000000005,Tuesday,April
2020-04-21,Product_4,490.66,29,97.45,Electronics,14229.14,Tuesday,April
2020-04-21,Product_2,618.21,13,32.12,Toys,8036.73,Tuesday,April
2020-04-21,Product_3,513.07,20,62.63,Toys,10261.4,Tuesday,April
2020-04-22,Product_1,487.91,10,44.64,Food,4879.1,Wednesday,April
2020-04-22,Product_4,475.11,28,43.88,Electronics,13303.08,Wednesday,April
2020-04-22,Product_2,526.83,11,47.83,Clothing,5795.13,Wednesday,April
2020-04-22,Product_3,457.28,18,45.05,Clothing,8231.039999999999,Wednesday,April
2020-04-23,Product_4,525.69,31,91.63,Clothing,16296.39,Thursday,April
2020-04-23,Product_3,470.32,19,56.6,Toys,8936.08,Thursday,April
2020-04-23,Product_1,490.42,10,87.69,Electronics,4904.2,Thursday,April
2020-04-23,Product_2,544.03,12,86.22,Toys,6528.36,Thursday,April
2020-04-24,Product_1,504.16,11,89.69,Food,5545.76,Friday,April
2020-04-24,Product_4,628.83,37,99.28,Electronics,23266.710000000003,Friday,April
2020-04-24,Product_3,473.18,19,36.15,Toys,8990.42,Friday,April
2020-04-24,Product_2,559.38,12,57.81,Food,6712.56,Friday,April
2020-04-25,Product_1,459.27,10,24.18,Clothing,4592.7,Saturday,April
2020-04-25,Product_4,601.95,35,67.71,Books,21068.25,Saturday,April
2020-04-25,Product_3,491.62,20,39.27,Toys,9832.4,Saturday,April
2020-04-25,Product_2,563.31,12,90.63,Food,6759.719999999999,Saturday,April
2020-04-26,Product_4,519.25,30,38.7,Books,15577.5,Sunday,April
2020-04-26,Product_1,474.67,10,72.77,Toys,4746.7,Sunday,April
2020-04-26,Product_3,458.95,18,47.89,Toys,8261.1,Sunday,April
2020-04-26,Product_2,621.44,13,45.91,Toys,8078.720000000001,Sunday,April
2020-04-27,Product_3,532.88,21,62.18,Electronics,11190.48,Monday,April
2020-04-27,Product_4,510.39,30,79.85,Clothing,15311.7,Monday,April
2020-04-27,Product_2,556.7,12,21.6,Books,6680.400000000001,Monday,April
2020-04-27,Product_1,495.29,10,41.85,Toys,4952.900000000001,Monday,April
2020-04-28,Product_4,499.69,29,24.56,Books,14491.01,Tuesday,April
2020-04-28,Product_2,507.3,11,76.95,Food,5580.3,Tuesday,April
2020-04-28,Product_1,432.52,9,78.61,Electronics,3892.68,Tuesday,April
2020-04-28,Product_3,468.97,19,53.41,Toys,8910.43,Tuesday,April
2020-04-29,Product_3,469.09,19,64.69,Toys,8912.71,Wednesday,April
2020-04-29,Product_2,560.34,12,42.64,Food,6724.08,Wednesday,April
2020-04-29,Product_4,523.37,31,93.07,Electronics,16224.47,Wednesday,April
2020-04-29,Product_5,184.45,4,78.67,Electronics,737.8,Wednesday,April
2020-04-29,Product_1,463.35,10,77.42,Clothing,4633.5,Wednesday,April
2020-04-30,Product_1,489.63,10,83.85,Electronics,4896.3,Thursday,April
2020-04-30,Product_3,489.38,19,34.08,Electronics,9298.22,Thursday,April
2020-04-30,Product_2,594.35,13,43.6,Toys,7726.55,Thursday,April
2020-04-30,Product_4,575.81,34,56.31,Clothing,19577.54,Thursday,April
2020-05-01,Product_3,483.02,19,97.54,Books,9177.38,Friday,May
2020-05-01,Product_4,545.25,32,89.28,Food,17448.0,Friday,May
2020-05-01,Product_5,205.73,4,61.12,Toys,822.92,Friday,May
2020-05-01,Product_1,526.3,11,97.8,Books,5789.299999999999,Friday,May
2020-05-01,Product_2,574.29,12,27.75,Food,6891.48,Friday,May
2020-05-02,Product_4,521.5,31,39.75,Books,16166.5,Saturday,May
2020-05-02,Product_5,203.28,4,68.29,Books,813.12,Saturday,May
2020-05-02,Product_3,477.41,19,46.46,Clothing,9070.79,Saturday,May
2020-05-02,Product_1,441.52,9,78.64,Electronics,3973.68,Saturday,May
2020-05-02,Product_2,563.11,12,57.42,Books,6757.32,Saturday,May
2020-05-03,Product_2,495.9,11,64.93,Clothing,5454.9,Sunday,May
2020-05-03,Product_4,555.04,33,82.73,Toys,18316.32,Sunday,May
2020-05-03,Product_3,475.89,19,78.99,Toys,9041.91,Sunday,May
2020-05-03,Product_1,482.84,10,50.9,Books,4828.4,Sunday,May
2020-05-04,Product_2,481.65,10,69.27,Books,4816.5,Monday,May
2020-05-04,Product_4,561.07,33,51.0,Electronics,18515.31,Monday,May
2020-05-04,Product_1,425.73,9,39.29,Food,3831.57,Monday,May
2020-05-04,Product_5,192.33,4,46.17,Electronics,769.32,Monday,May
2020-05-04,Product_3,517.39,21,55.25,Toys,10865.19,Monday,May
2020-05-05,Product_4,523.77,31,45.92,Electronics,16236.87,Tuesday,May
2020-05-05,Product_1,461.28,10,74.69,Electronics,4612.799999999999,Tuesday,May
2020-05-05,Product_2,529.69,11,73.63,Clothing,5826.59,Tuesday,May
2020-05-05,Product_3,468.94,19,44.61,Toys,8909.86,Tuesday,May
2020-05-06,Product_1,437.5,9,32.36,Electronics,3937.5,Wednesday,May
2020-05-06,Product_3,473.47,19,68.61,Books,8995.93,Wednesday,May
2020-05-06,Product_2,565.99,12,37.03,Toys,6791.88,Wednesday,May
2020-05-06,Product_5,213.82,4,39.17,Toys,855.28,Wednesday,May
2020-05-06,Product_4,551.55,32,48.64,Food,17649.6,Wednesday,May
2020-05-07,Product_3,510.82,20,89.94,Toys,10216.4,Thursday,May
2020-05-07,Product_1,466.73,10,80.06,Toys,4667.3,Thursday,May
2020-05-07,Product_2,543.62,12,73.04,Food,6523.4400000000005,Thursday,May
2020-05-07,Product_4,541.65,32,23.84,Clothing,17332.8,Thursday,May
2020-05-07,Product_5,222.93,4,70.78,Toys,891.72,Thursday,May
2020-05-08,Product_1,510.13,11,97.66,Food,5611.43,Friday,May
2020-05-08,Product_4,552.62,32,66.86,Toys,17683.84,Friday,May
2020-05-08,Product_2,590.94,13,79.73,Food,7682.220000000001,Friday,May
2020-05-08,Product_5,179.47,3,86.69,Electronics,538.41,Friday,May
2020-05-08,Product_3,487.83,19,92.55,Books,9268.77,Friday,May
2020-05-09,Product_2,559.77,12,89.74,Books,6717.24,Saturday,May
2020-05-09,Product_1,467.49,10,87.3,Clothing,4674.9,Saturday,May
2020-05-09,Product_5,179.29,3,44.48,Toys,537.87,Saturday,May
2020-05-09,Product_4,528.84,31,49.69,Books,16394.04,Saturday,May
2020-05-09,Product_3,481.69,19,29.62,Toys,9152.11,Saturday,May
2020-05-10,Product_2,540.13,12,89.13,Electronics,6481.56,Sunday,May
2020-05-10,Product_4,487.16,28,71.03,Books,13640.48,Sunday,May
2020-05-10,Product_1,442.18,9,33.84,Electronics,3979.62,Sunday,May
2020-05-10,Product_5,174.43,3,47.55,Toys,523.29,Sunday,May
2020-05-10,Product_3,462.22,18,78.62,Clothing,8319.960000000001,Sunday,May
2020-05-11,Product_4,535.27,31,25.14,Books,16593.37,Monday,May
2020-05-11,Product_2,550.78,12,79.19,Toys,6609.36,Monday,May
2020-05-11,Product_3,482.57,19,40.91,Toys,9168.83,Monday,May
2020-05-11,Product_1,470.15,10,43.31,Electronics,4701.5,Monday,May
2020-05-12,Product_3,432.18,17,57.29,Food,7347.06,Tuesday,May
2020-05-12,Product_1,451.98,9,73.34,Toys,4067.82,Tuesday,May
2020-05-12,Product_4,446.72,26,70.75,Books,11614.72,Tuesday,May
2020-05-12,Product_2,615.31,13,71.72,Food,7999.029999999999,Tuesday,May
2020-05-13,Product_2,581.95,13,58.94,Electronics,7565.35,Wednesday,May
2020-05-13,Product_1,491.84,10,96.18,Electronics,4918.4,Wednesday,May
2020-05-13,Product_4,507.19,30,50.98,Food,15215.7,Wednesday,May
2020-05-13,Product_3,435.79,17,74.16,Books,7408.43,Wednesday,May
2020-05-14,Product_2,550.23,12,45.96,Books,6602.76,Thursday,May
2020-05-14,Product_5,173.52,3,50.13,Clothing,520.5600000000001,Thursday,May
2020-05-14,Product_4,536.36,31,99.8,Electronics,16627.16,Thursday,May
2020-05-14,Product_1,495.88,10,61.74,Toys,4958.8,Thursday,May
2020-05-14,Product_3,490.57,19,33.86,Clothing,9320.83,Thursday,May
2020-05-15,Product_5,240.34,5,81.61,Food,1201.7,Friday,May
2020-05-15,Product_3,484.76,19,68.88,Electronics,9210.44,Friday,May
2020-05-15,Product_4,543.1,32,64.56,Books,17379.2,Friday,May
2020-05-15,Product_2,570.68,12,66.46,Electronics,6848.16,Friday,May
2020-05-15,Product_1,534.32,11,33.75,Toys,5877.52,Friday,May
2020-05-16,Product_3,482.53,19,26.36,Books,9168.07,Saturday,May
2020-05-16,Product_5,176.94,3,71.33,Toys,530.8199999999999,Saturday,May
2020-05-16,Product_2,529.72,11,34.37,Food,5826.92,Saturday,May
2020-05-16,Product_1,477.82,10,35.12,Toys,4778.2,Saturday,May
2020-05-16,Product_4,554.21,32,90.43,Books,17734.72,Saturday,May
2020-05-17,Product_3,502.28,20,82.96,Electronics,10045.6,Sunday,May
2020-05-17,Product_1,434.27,9,45.6,Clothing,3908.43,Sunday,May
2020-05-17,Product_2,583.55,13,52.66,Electronics,7586.15,Sunday,May
2020-05-17,Product_4,515.08,30,60.62,Electronics,15452.4,Sunday,May
2020-05-18,Product_1,424.62,9,69.47,Electronics,3821.58,Monday,May
2020-05-18,Product_3,476.83,19,66.71,Electronics,9059.77,Monday,May
2020-05-18,Product_5,184.4,4,60.41,Toys,737.6,Monday,May
2020-05-18,Product_4,504.53,29,72.74,Food,14631.37,Monday,May
2020-05-18,Product_2,565.26,12,75.44,Food,6783.12,Monday,May
2020-05-19,Product_3,498.79,20,37.15,Books,9975.8,Tuesday,May
2020-05-19,Product_1,455.76,10,20.01,Books,4557.6,Tuesday,May
2020-05-19,Product_4,508.98,30,90.1,Electronics,15269.4,Tuesday,May
2020-05-19,Product_2,516.0,11,98.8,Books,5676.0,Tuesday,May
2020-05-20,Product_3,476.16,19,80.07,Toys,9047.04,Wednesday,May
2020-05-20,Product_1,495.71,10,46.64,Electronics,4957.099999999999,Wednesday,May
2020-05-20,Product_4,539.52,32,23.35,Food,17264.64,Wednesday,May
2020-05-20,Product_2,540.4,12,47.3,Food,6484.799999999999,Wednesday,May
2020-05-21,Product_2,543.04,12,92.97,Toys,6516.48,Thursday,May
2020-05-21,Product_5,231.38,5,86.58,Electronics,1156.9,Thursday,May
2020-05-21,Product_4,569.46,33,48.08,Toys,18792.18,Thursday,May
2020-05-21,Product_3,508.82,20,29.43,Electronics,10176.4,Thursday,May
2020-05-21,Product_1,455.96,10,27.18,Food,4559.599999999999,Thursday,May
2020-05-22,Product_1,501.77,11,40.08,Toys,5519.469999999999,Friday,May
2020-05-22,Product_2,521.39,11,70.0,Books,5735.29,Friday,May
2020-05-22,Product_3,624.67,25,90.31,Toys,15616.749999999998,Friday,May
2020-05-22,Product_4,514.9,30,48.54,Electronics,15447.0,Friday,May
2020-05-23,Product_3,473.8,19,88.04,Food,9002.2,Saturday,May
2020-05-23,Product_1,478.14,10,21.88,Electronics,4781.4,Saturday,May
2020-05-23,Product_2,535.13,11,77.66,Books,5886.43,Saturday,May
2020-05-23,Product_4,487.23,28,86.31,Toys,13642.44,Saturday,May
2020-05-24,Product_3,396.14,16,57.03,Food,6338.24,Sunday,May
2020-05-24,Product_5,174.09,3,79.25,Electronics,522.27,Sunday,May
2020-05-24,Product_2,521.03,11,62.5,Toys,5731.33,Sunday,May
2020-05-24,Product_1,441.4,9,20.73,Food,3972.6,Sunday,May
2020-05-24,Product_4,565.32,33,93.53,Electronics,18655.56,Sunday,May
2020-05-25,Product_4,510.25,30,80.51,Clothing,15307.5,Monday,May
2020-05-25,Product_1,459.75,10,83.59,Electronics,4597.5,Monday,May
2020-05-25,Product_2,582.95,13,99.19,Books,7578.35,Monday,May
2020-05-25,Product_3,475.79,19,94.19,Clothing,9040.01,Monday,May
2020-05-26,Product_4,521.26,30,81.81,Electronics,15637.8,Tuesday,May
2020-05-26,Product_3,431.21,17,99.84,Clothing,7330.57,Tuesday,May
2020-05-26,Product_1,471.46,10,84.68,Toys,4714.599999999999,Tuesday,May
2020-05-26,Product_2,502.92,11,49.07,Toys,5532.12,Tuesday,May
2020-05-27,Product_1,504.49,11,42.03,Electronics,5549.39,Wednesday,May
2020-05-27,Product_5,194.34,4,81.88,Clothing,777.36,Wednesday,May
2020-05-27,Product_2,508.42,11,96.4,Electronics,5592.62,Wednesday,May
2020-05-27,Product_4,628.55,37,53.95,Electronics,23256.35,Wednesday,May
2020-05-27,Product_3,413.97,16,85.37,Clothing,6623.52,Wednesday,May
2020-05-28,Product_3,509.41,20,22.21,Food,10188.2,Thursday,May
2020-05-28,Product_2,580.62,13,24.95,Toys,7548.06,Thursday,May
2020-05-28,Product_4,566.89,33,72.89,Clothing,18707.37,Thursday,May
2020-05-28,Product_1,474.51,10,89.07,Electronics,4745.1,Thursday,May
2020-05-29,Product_3,507.27,20,72.91,Books,10145.4,Friday,May
2020-05-29,Product_4,559.75,33,39.93,Books,18471.75,Friday,May
2020-05-29,Product_5,215.84,4,76.62,Clothing,863.36,Friday,May
2020-05-29,Product_2,592.32,13,46.31,Books,7700.160000000001,Friday,May
2020-05-29,Product_1,515.97,11,90.29,Toys,5675.67,Friday,May
2020-05-30,Product_1,503.84,11,97.57,Food,5542.24,Saturday,May
2020-05-30,Product_2,510.91,11,89.02,Electronics,5620.01,Saturday,May
2020-05-30,Product_4,473.79,28,66.15,Electronics,13266.12,Saturday,May
2020-05-30,Product_3,426.05,17,36.44,Toys,7242.85,Saturday,May
2020-05-31,Product_3,465.93,18,47.67,Books,8386.74,Sunday,May
2020-05-31,Product_2,552.67,12,47.95,Books,6632.039999999999,Sunday,May
2020-05-31,Product_1,491.64,10,72.45,Clothing,4916.4,Sunday,May
2020-05-31,Product_4,524.84,31,85.34,Electronics,16270.04,Sunday,May
2020-06-01,Product_3,390.73,15,74.58,Food,5860.950000000001,Monday,June
2020-06-01,Product_1,401.09,8,28.58,Books,3208.72,Monday,June
2020-06-01,Product_2,545.15,12,24.35,Books,6541.799999999999,Monday,June
2020-06-01,Product_4,472.29,28,35.29,Toys,13224.12,Monday,June
2020-06-02,Product_2,569.27,12,23.65,Food,6831.24,Tuesday,June
2020-06-02,Product_1,508.92,11,94.2,Clothing,5598.12,Tuesday,June
2020-06-02,Product_3,478.87,19,36.74,Food,9098.53,Tuesday,June
2020-06-02,Product_4,566.7,33,76.76,Electronics,18701.1,Tuesday,June
2020-06-03,Product_2,519.74,11,50.52,Clothing,5717.14,Wednesday,June
2020-06-03,Product_4,548.51,32,91.3,Food,17552.32,Wednesday,June
2020-06-03,Product_3,444.58,18,20.81,Electronics,8002.44,Wednesday,June
2020-06-03,Product_1,476.8,10,72.18,Books,4768.0,Wednesday,June
2020-06-04,Product_4,534.0,31,27.18,Books,16554.0,Thursday,June
2020-06-04,Product_5,197.75,4,32.83,Books,791.0,Thursday,June
2020-06-04,Product_1,473.46,10,43.15,Books,4734.599999999999,Thursday,June
2020-06-04,Product_3,505.44,20,52.2,Clothing,10108.8,Thursday,June
2020-06-04,Product_2,584.57,13,21.89,Toys,7599.410000000001,Thursday,June
2020-06-05,Product_4,478.54,28,64.25,Electronics,13399.12,Friday,June
2020-06-05,Product_2,539.99,12,40.65,Books,6479.88,Friday,June
2020-06-05,Product_3,502.46,20,27.3,Food,10049.2,Friday,June
2020-06-05,Product_1,477.92,10,53.5,Food,4779.2,Friday,June
2020-06-06,Product_3,484.49,19,84.02,Electronics,9205.31,Saturday,June
2020-06-06,Product_2,576.42,12,56.76,Clothing,6917.039999999999,Saturday,June
2020-06-06,Product_5,217.16,4,93.56,Food,868.64,Saturday,June
2020-06-06,Product_1,496.95,10,88.94,Food,4969.5,Saturday,June
2020-06-06,Product_4,514.26,30,48.88,Clothing,15427.8,Saturday,June
2020-06-07,Product_3,453.54,18,79.35,Books,8163.72,Sunday,June
2020-06-07,Product_4,533.55,31,26.75,Clothing,16540.05,Sunday,June
2020-06-07,Product_2,531.04,11,36.88,Clothing,5841.44,Sunday,June
2020-06-07,Product_1,418.03,9,72.02,Clothing,3762.27,Sunday,June
2020-06-08,Product_2,501.88,11,84.26,Clothing,5520.68,Monday,June
2020-06-08,Product_4,498.23,29,84.27,Toys,14448.67,Monday,June
2020-06-08,Product_3,385.08,15,80.87,Electronics,5776.2,Monday,June
2020-06-08,Product_1,484.46,10,40.98,Toys,4844.599999999999,Monday,June
2020-06-09,Product_1,481.12,10,21.85,Books,4811.2,Tuesday,June
2020-06-09,Product_3,455.95,18,26.85,Electronics,8207.1,Tuesday,June
2020-06-09,Product_4,439.94,26,30.25,Clothing,11438.44,Tuesday,June
2020-06-09,Product_2,468.54,10,26.87,Toys,4685.400000000001,Tuesday,June
2020-06-10,Product_3,480.5,19,48.65,Food,9129.5,Wednesday,June
2020-06-10,Product_4,504.32,29,35.04,Food,14625.28,Wednesday,June
2020-06-10,Product_2,523.99,11,84.8,Books,5763.89,Wednesday,June
2020-06-10,Product_1,443.33,9,92.94,Toys,3989.97,Wednesday,June
2020-06-11,Product_1,477.66,10,89.86,Toys,4776.6,Thursday,June
2020-06-11,Product_2,550.31,12,67.6,Books,6603.719999999999,Thursday,June
2020-06-11,Product_4,508.13,30,52.8,Toys,15243.9,Thursday,June
2020-06-11,Product_5,214.6,4,33.6,Food,858.4,Thursday,June
2020-06-11,Product_3,468.8,19,33.73,Toys,8907.2,Thursday,June
2020-06-12,Product_3,489.11,19,78.42,Electronics,9293.09,Friday,June
2020-06-12,Product_1,435.51,9,76.88,Books,3919.59,Friday,June
2020-06-12,Product_2,567.24,12,33.92,Toys,6806.88,Friday,June
2020-06-12,Product_5,184.92,4,53.32,Books,739.68,Friday,June
2020-06-12,Product_4,528.12,31,49.73,Electronics,16371.72,Friday,June
2020-06-13,Product_4,505.84,30,64.34,Books,15175.2,Saturday,June
2020-06-13,Product_2,552.02,12,90.21,Books,6624.24,Saturday,June
2020-06-13,Product_1,444.7,9,66.06,Clothing,4002.3,Saturday,June
2020-06-13,Product_3,431.8,17,74.73,Books,7340.6,Saturday,June
2020-06-14,Product_2,488.68,10,88.6,Electronics,4886.8,Sunday,June
2020-06-14,Product_4,469.9,27,31.91,Books,12687.3,Sunday,June
2020-06-14,Product_1,439.64,9,94.17,Clothing,3956.76,Sunday,June
2020-06-14,Product_3,482.35,19,36.27,Clothing,9164.65,Sunday,June
2020-06-15,Product_1,462.38,10,60.69,Clothing,4623.8,Monday,June
2020-06-15,Product_3,390.79,15,83.14,Toys,5861.85,Monday,June
2020-06-15,Product_4,484.4,28,20.77,Electronics,13563.2,Monday,June
2020-06-15,Product_2,494.3,11,49.7,Electronics,5437.3,Monday,June
2020-06-16,Product_4,462.47,27,59.43,Electronics,12486.69,Tuesday,June
2020-06-16,Product_1,450.62,9,80.47,Books,4055.58,Tuesday,June
2020-06-16,Product_2,499.75,11,95.49,Books,5497.25,Tuesday,June
2020-06-16,Product_3,449.55,18,82.3,Books,8091.900000000001,Tuesday,June
2020-06-17,Product_3,432.44,17,57.44,Food,7351.48,Wednesday,June
2020-06-17,Product_2,529.51,11,73.02,Electronics,5824.61,Wednesday,June
2020-06-17,Product_4,504.49,29,83.81,Food,14630.21,Wednesday,June
2020-06-17,Product_1,461.02,10,41.6,Clothing,4610.2,Wednesday,June
2020-06-18,Product_2,523.16,11,88.57,Toys,5754.759999999999,Thursday,June
2020-06-18,Product_4,487.9,29,24.89,Food,14149.1,Thursday,June
2020-06-18,Product_3,434.56,17,68.52,Food,7387.52,Thursday,June
2020-06-18,Product_1,439.88,9,43.07,Clothing,3958.92,Thursday,June
2020-06-19,Product_1,504.96,11,31.24,Food,5554.56,Friday,June
2020-06-19,Product_3,491.49,20,36.6,Books,9829.8,Friday,June
2020-06-19,Product_2,494.59,11,39.52,Electronics,5440.49,Friday,June
2020-06-19,Product_4,550.62,32,43.73,Food,17619.84,Friday,June
2020-06-20,Product_1,458.5,10,34.36,Electronics,4585.0,Saturday,June
2020-06-20,Product_3,438.44,17,90.38,Clothing,7453.48,Saturday,June
2020-06-20,Product_2,531.62,11,41.03,Books,5847.82,Saturday,June
2020-06-20,Product_4,496.64,29,67.71,Toys,14402.56,Saturday,June
2020-06-21,Product_1,448.06,9,65.67,Food,4032.54,Sunday,June
2020-06-21,Product_4,525.6,31,59.98,Toys,16293.6,Sunday,June
2020-06-21,Product_2,536.72,12,32.21,Electronics,6440.64,Sunday,June
2020-06-21,Product_3,413.55,16,55.56,Food,6616.8,Sunday,June
2020-06-22,Product_2,509.49,11,34.86,Food,5604.39,Monday,June
2020-06-22,Product_1,416.81,9,74.94,Electronics,3751.29,Monday,June
2020-06-22,Product_4,516.93,30,62.02,Food,15507.899999999998,Monday,June
2020-06-22,Product_3,430.52,17,66.9,Clothing,7318.84,Monday,June
2020-06-23,Product_4,497.59,29,79.9,Food,14430.11,Tuesday,June
2020-06-23,Product_3,534.83,21,77.34,Toys,11231.43,Tuesday,June
2020-06-23,Product_2,506.05,11,25.26,Electronics,5566.55,Tuesday,June
2020-06-23,Product_1,523.91,11,42.85,Clothing,5763.009999999999,Tuesday,June
2020-06-24,Product_4,522.88,31,34.47,Electronics,16209.28,Wednesday,June
2020-06-24,Product_1,418.92,9,84.13,Electronics,3770.28,Wednesday,June
2020-06-24,Product_3,520.68,21,46.74,Food,10934.28,Wednesday,June
2020-06-24,Product_2,557.15,12,67.97,Food,6685.799999999999,Wednesday,June
2020-06-25,Product_1,497.13,10,93.81,Food,4971.3,Thursday,June
2020-06-25,Product_3,484.23,19,21.49,Toys,9200.37,Thursday,June
2020-06-25,Product_2,537.66,12,39.36,Clothing,6451.92,Thursday,June
2020-06-25,Product_4,499.76,29,36.07,Toys,14493.04,Thursday,June
2020-06-26,Product_4,512.87,30,42.74,Books,15386.1,Friday,June
2020-06-26,Product_1,468.84,10,40.96,Food,4688.4,Friday,June
2020-06-26,Product_3,460.55,18,42.16,Books,8289.9,Friday,June
2020-06-26,Product_2,514.79,11,84.27,Books,5662.69,Friday,June
2020-06-27,Product_1,471.84,10,27.22,Toys,4718.4,Saturday,June
2020-06-27,Product_2,561.96,12,60.26,Books,6743.52,Saturday,June
2020-06-27,Product_3,429.87,17,58.35,Toys,7307.79,Saturday,June
2020-06-27,Product_4,511.11,30,62.65,Clothing,15333.3,Saturday,June
2020-06-28,Product_2,499.01,11,43.18,Electronics,5489.11,Sunday,June
2020-06-28,Product_1,400.81,8,26.61,Clothing,3206.48,Sunday,June
2020-06-28,Product_4,448.48,26,38.79,Food,11660.48,Sunday,June
2020-06-28,Product_3,445.86,18,69.84,Food,8025.48,Sunday,June
2020-06-29,Product_4,444.16,26,55.91,Toys,11548.16,Monday,June
2020-06-29,Product_2,509.29,11,62.38,Books,5602.1900000000005,Monday,June
2020-06-29,Product_3,375.32,15,53.42,Clothing,5629.8,Monday,June
2020-06-29,Product_1,424.77,9,52.47,Books,3822.93,Monday,June
2020-06-30,Product_3,429.51,17,40.24,Electronics,7301.67,Tuesday,June
2020-06-30,Product_2,502.16,11,81.52,Food,5523.76,Tuesday,June
2020-06-30,Product_1,445.98,9,86.03,Books,4013.82,Tuesday,June
2020-06-30,Product_4,485.45,28,40.35,Toys,13592.6,Tuesday,June
2020-07-01,Product_2,487.16,10,37.52,Books,4871.6,Wednesday,July
2020-07-01,Product_3,444.0,18,41.6,Electronics,7992.0,Wednesday,July
2020-07-01,Product_4,495.23,29,71.83,Electronics,14361.67,Wednesday,July
2020-07-01,Product_1,407.92,9,68.48,Food,3671.28,Wednesday,July
2020-07-02,Product_1,429.7,9,60.04,Clothing,3867.3,Thursday,July
2020-07-02,Product_3,439.39,17,44.0,Food,7469.63,Thursday,July
2020-07-02,Product_4,520.73,30,53.84,Clothing,15621.9,Thursday,July
2020-07-02,Product_2,574.39,12,65.67,Food,6892.68,Thursday,July
2020-07-03,Product_4,515.21,30,41.64,Clothing,15456.3,Friday,July
2020-07-03,Product_3,463.62,18,51.44,Books,8345.16,Friday,July
2020-07-03,Product_2,574.08,12,80.8,Electronics,6888.960000000001,Friday,July
2020-07-03,Product_1,494.74,10,56.61,Clothing,4947.4,Friday,July
2020-07-04,Product_4,453.06,26,37.21,Clothing,11779.56,Saturday,July
2020-07-04,Product_2,668.33,14,52.29,Toys,9356.62,Saturday,July
2020-07-04,Product_1,509.15,11,67.65,Electronics,5600.65,Saturday,July
2020-07-04,Product_3,465.29,18,97.09,Electronics,8375.220000000001,Saturday,July
2020-07-05,Product_2,494.41,11,94.24,Electronics,5438.51,Sunday,July
2020-07-05,Product_1,434.36,9,20.93,Toys,3909.24,Sunday,July
2020-07-05,Product_3,384.78,15,65.33,Books,5771.7,Sunday,July
2020-07-05,Product_4,458.27,27,76.66,Food,12373.29,Sunday,July
2020-07-06,Product_4,515.6,30,41.09,Food,15468.0,Monday,July
2020-07-06,Product_2,508.02,11,50.84,Toys,5588.219999999999,Monday,July
2020-07-06,Product_1,437.38,9,24.3,Food,3936.42,Monday,July
2020-07-06,Product_3,441.1,17,71.66,Electronics,7498.700000000001,Monday,July
2020-07-07,Product_4,495.09,29,62.27,Books,14357.61,Tuesday,July
2020-07-07,Product_3,404.45,16,28.06,Electronics,6471.2,Tuesday,July
2020-07-07,Product_2,535.34,11,21.84,Clothing,5888.740000000001,Tuesday,July
2020-07-07,Product_1,437.53,9,47.6,Electronics,3937.77,Tuesday,July
2020-07-08,Product_4,442.83,26,61.36,Toys,11513.58,Wednesday,July
2020-07-08,Product_1,418.49,9,64.79,Electronics,3766.41,Wednesday,July
2020-07-08,Product_2,499.04,11,51.16,Electronics,5489.4400000000005,Wednesday,July
2020-07-08,Product_3,415.95,16,31.53,Electronics,6655.2,Wednesday,July
2020-07-09,Product_1,432.13,9,96.75,Clothing,3889.17,Thursday,July
2020-07-09,Product_2,549.65,12,32.03,Toys,6595.799999999999,Thursday,July
2020-07-09,Product_3,502.8,20,64.14,Food,10056.0,Thursday,July
2020-07-09,Product_4,536.36,31,36.29,Books,16627.16,Thursday,July
2020-07-10,Product_2,558.69,12,81.54,Clothing,6704.280000000001,Friday,July
2020-07-10,Product_3,480.54,19,34.68,Electronics,9130.26,Friday,July
2020-07-10,Product_4,488.81,29,69.9,Clothing,14175.49,Friday,July
2020-07-10,Product_1,456.45,10,57.64,Clothing,4564.5,Friday,July
2020-07-11,Product_2,516.67,11,97.44,Toys,5683.37,Saturday,July
2020-07-11,Product_1,363.48,8,89.6,Toys,2907.84,Saturday,July
2020-07-11,Product_4,518.45,30,60.04,Electronics,15553.500000000002,Saturday,July
2020-07-11,Product_3,425.21,17,41.72,Books,7228.57,Saturday,July
2020-07-12,Product_2,494.39,11,81.72,Food,5438.29,Sunday,July
2020-07-12,Product_4,462.8,27,96.09,Electronics,12495.6,Sunday,July
2020-07-12,Product_1,467.24,10,77.88,Food,4672.4,Sunday,July
2020-07-12,Product_3,351.45,14,81.19,Books,4920.3,Sunday,July
2020-07-13,Product_2,529.39,11,60.4,Clothing,5823.29,Monday,July
2020-07-13,Product_1,427.13,9,69.9,Books,3844.17,Monday,July
2020-07-13,Product_3,402.86,16,53.32,Electronics,6445.76,Monday,July
2020-07-13,Product_4,513.03,30,30.53,Books,15390.9,Monday,July
2020-07-14,Product_3,394.04,16,51.38,Electronics,6304.64,Tuesday,July
2020-07-14,Product_5,205.95,4,70.01,Toys,823.8,Tuesday,July
2020-07-14,Product_4,470.6,27,36.53,Toys,12706.2,Tuesday,July
2020-07-14,Product_2,487.59,10,84.27,Clothing,4875.9,Tuesday,July
2020-07-14,Product_1,394.09,8,64.89,Electronics,3152.72,Tuesday,July
2020-07-15,Product_1,453.86,10,68.75,Food,4538.6,Wednesday,July
2020-07-15,Product_2,510.59,11,95.22,Clothing,5616.49,Wednesday,July
2020-07-15,Product_3,414.27,16,97.82,Food,6628.32,Wednesday,July
2020-07-15,Product_4,473.41,28,94.28,Toys,13255.48,Wednesday,July
2020-07-16,Product_1,459.5,10,68.28,Electronics,4595.0,Thursday,July
2020-07-16,Product_3,476.29,19,61.68,Books,9049.51,Thursday,July
2020-07-16,Product_2,515.63,11,60.02,Toys,5671.93,Thursday,July
2020-07-16,Product_4,517.23,30,29.68,Clothing,15516.9,Thursday,July
2020-07-17,Product_3,422.99,17,60.85,Toys,7190.83,Friday,July
2020-07-17,Product_5,188.88,4,92.61,Food,755.52,Friday,July
2020-07-17,Product_1,489.67,10,48.24,Electronics,4896.7,Friday,July
2020-07-17,Product_2,549.04,12,78.37,Clothing,6588.48,Friday,July
2020-07-17,Product_4,458.91,27,26.23,Food,12390.570000000002,Friday,July
2020-07-18,Product_3,424.66,17,60.98,Toys,7219.22,Saturday,July
2020-07-18,Product_1,438.64,9,24.79,Books,3947.76,Saturday,July
2020-07-18,Product_4,502.43,29,33.87,Books,14570.47,Saturday,July
2020-07-18,Product_2,516.28,11,41.07,Clothing,5679.08,Saturday,July
2020-07-19,Product_4,487.22,28,69.78,Food,13642.16,Sunday,July
2020-07-19,Product_1,437.3,9,44.8,Clothing,3935.7,Sunday,July
2020-07-19,Product_2,544.89,12,67.91,Clothing,6538.68,Sunday,July
2020-07-19,Product_3,472.75,19,96.52,Books,8982.25,Sunday,July
2020-07-20,Product_4,437.88,26,35.93,Food,11384.88,Monday,July
2020-07-20,Product_2,467.93,10,86.68,Books,4679.3,Monday,July
2020-07-20,Product_3,332.4,13,22.22,Clothing,4321.2,Monday,July
2020-07-20,Product_1,373.59,8,32.86,Toys,2988.72,Monday,July
2020-07-21,Product_4,473.1,28,88.89,Clothing,13246.8,Tuesday,July
2020-07-21,Product_2,465.28,10,20.82,Electronics,4652.799999999999,Tuesday,July
2020-07-21,Product_3,406.63,16,91.81,Toys,6506.08,Tuesday,July
2020-07-21,Product_1,364.96,8,34.66,Clothing,2919.68,Tuesday,July
2020-07-22,Product_4,471.94,28,41.07,Electronics,13214.32,Wednesday,July
2020-07-22,Product_2,546.21,12,79.93,Toys,6554.52,Wednesday,July
2020-07-22,Product_1,411.15,9,62.45,Toys,3700.35,Wednesday,July
2020-07-22,Product_3,398.32,16,74.05,Clothing,6373.12,Wednesday,July
2020-07-23,Product_3,421.94,17,36.54,Books,7172.98,Thursday,July
2020-07-23,Product_2,488.78,10,49.01,Toys,4887.799999999999,Thursday,July
2020-07-23,Product_1,445.18,9,74.92,Food,4006.62,Thursday,July
2020-07-23,Product_4,503.21,29,77.99,Food,14593.09,Thursday,July
2020-07-24,Product_2,493.19,11,73.65,Books,5425.09,Friday,July
2020-07-24,Product_1,465.82,10,25.04,Electronics,4658.2,Friday,July
2020-07-24,Product_4,515.55,30,37.74,Food,15466.499999999998,Friday,July
2020-07-24,Product_3,446.17,18,75.57,Clothing,8031.06,Friday,July
2020-07-25,Product_4,447.62,26,85.32,Food,11638.12,Saturday,July
2020-07-25,Product_3,432.07,17,62.54,Toys,7345.19,Saturday,July
2020-07-25,Product_2,527.04,11,78.17,Toys,5797.44,Saturday,July
2020-07-25,Product_1,438.66,9,45.68,Electronics,3947.94,Saturday,July
2020-07-26,Product_2,555.59,12,95.99,Toys,6667.08,Sunday,July
2020-07-26,Product_4,451.05,26,46.51,Food,11727.3,Sunday,July
2020-07-26,Product_3,429.13,17,52.08,Books,7295.21,Sunday,July
2020-07-26,Product_1,424.07,9,52.76,Books,3816.63,Sunday,July
2020-07-27,Product_1,408.49,9,34.48,Food,3676.41,Monday,July
2020-07-27,Product_2,537.08,12,83.76,Books,6444.960000000001,Monday,July
2020-07-27,Product_3,432.68,17,91.14,Toys,7355.56,Monday,July
2020-07-27,Product_4,472.59,28,59.84,Books,13232.52,Monday,July
2020-07-28,Product_1,419.57,9,89.41,Clothing,3776.13,Tuesday,July
2020-07-28,Product_2,506.13,11,98.05,Books,5567.43,Tuesday,July
2020-07-28,Product_4,470.43,27,54.63,Food,12701.61,Tuesday,July
2020-07-28,Product_3,407.19,16,78.84,Electronics,6515.04,Tuesday,July
2020-07-29,Product_4,439.28,26,49.83,Clothing,11421.28,Wednesday,July
2020-07-29,Product_2,497.63,11,27.98,Clothing,5473.93,Wednesday,July
2020-07-29,Product_3,375.16,15,99.85,Toys,5627.400000000001,Wednesday,July
2020-07-29,Product_1,426.63,9,26.51,Books,3839.67,Wednesday,July
2020-07-30,Product_4,509.29,30,52.43,Clothing,15278.7,Thursday,July
2020-07-30,Product_2,512.33,11,65.62,Electronics,5635.63,Thursday,July
2020-07-30,Product_3,480.34,19,86.74,Books,9126.46,Thursday,July
2020-07-30,Product_1,449.14,9,39.59,Food,4042.26,Thursday,July
2020-07-31,Product_3,447.26,18,61.48,Clothing,8050.68,Friday,July
2020-07-31,Product_4,502.58,29,58.28,Food,14574.82,Friday,July
2020-07-31,Product_1,419.9,9,49.96,Toys,3779.1,Friday,July
2020-07-31,Product_2,493.08,11,20.8,Toys,5423.88,Friday,July
2020-08-01,Product_2,536.04,12,69.32,Books,6432.48,Saturday,August
2020-08-01,Product_1,391.7,8,78.13,Clothing,3133.6,Saturday,August
2020-08-01,Product_4,491.27,29,37.0,Toys,14246.83,Saturday,August
2020-08-01,Product_3,361.45,14,87.04,Electronics,5060.3,Saturday,August
2020-08-02,Product_2,444.58,9,64.57,Books,4001.22,Sunday,August
2020-08-02,Product_1,423.12,9,39.32,Toys,3808.08,Sunday,August
2020-08-02,Product_3,443.87,18,43.28,Books,7989.66,Sunday,August
2020-08-02,Product_4,479.66,28,24.17,Clothing,13430.48,Sunday,August
2020-08-03,Product_2,494.75,11,56.09,Toys,5442.25,Monday,August
2020-08-03,Product_4,461.62,27,66.12,Electronics,12463.74,Monday,August
2020-08-03,Product_3,365.22,14,65.43,Clothing,5113.08,Monday,August
2020-08-03,Product_1,372.1,8,27.77,Food,2976.8,Monday,August
2020-08-04,Product_3,423.08,17,79.81,Books,7192.36,Tuesday,August
2020-08-04,Product_4,479.43,28,60.87,Clothing,13424.04,Tuesday,August
2020-08-04,Product_2,471.09,10,53.77,Toys,4710.9,Tuesday,August
2020-08-04,Product_1,378.67,8,79.64,Toys,3029.36,Tuesday,August
2020-08-05,Product_2,502.69,11,91.84,Electronics,5529.59,Wednesday,August
2020-08-05,Product_3,426.43,17,50.93,Electronics,7249.31,Wednesday,August
2020-08-05,Product_4,494.83,29,72.93,Toys,14350.07,Wednesday,August
2020-08-05,Product_1,447.69,9,54.74,Electronics,4029.21,Wednesday,August
2020-08-06,Product_4,462.24,27,55.51,Books,12480.48,Thursday,August
2020-08-06,Product_1,434.02,9,96.16,Books,3906.18,Thursday,August
2020-08-06,Product_3,431.92,17,55.89,Books,7342.64,Thursday,August
2020-08-06,Product_2,497.48,11,37.92,Books,5472.280000000001,Thursday,August
2020-08-07,Product_1,484.33,10,31.08,Books,4843.3,Friday,August
2020-08-07,Product_2,511.65,11,49.99,Electronics,5628.15,Friday,August
2020-08-07,Product_4,497.02,29,96.83,Food,14413.58,Friday,August
2020-08-07,Product_3,496.23,20,71.48,Toys,9924.6,Friday,August
2020-08-08,Product_4,462.34,27,69.58,Clothing,12483.179999999998,Saturday,August
2020-08-08,Product_1,457.54,10,58.68,Clothing,4575.400000000001,Saturday,August
2020-08-08,Product_2,524.13,11,95.5,Electronics,5765.43,Saturday,August
2020-08-08,Product_3,396.56,16,41.79,Books,6344.96,Saturday,August
2020-08-09,Product_3,402.12,16,44.74,Food,6433.92,Sunday,August
2020-08-09,Product_4,450.97,26,93.0,Food,11725.22,Sunday,August
2020-08-09,Product_2,498.07,11,37.0,Food,5478.77,Sunday,August
2020-08-09,Product_1,454.54,10,70.33,Toys,4545.400000000001,Sunday,August
2020-08-10,Product_4,456.43,27,28.41,Electronics,12323.61,Monday,August
2020-08-10,Product_1,387.77,8,70.21,Electronics,3102.16,Monday,August
2020-08-10,Product_3,411.96,16,40.76,Food,6591.36,Monday,August
2020-08-10,Product_2,504.41,11,36.08,Electronics,5548.51,Monday,August
2020-08-11,Product_1,379.94,8,29.12,Clothing,3039.52,Tuesday,August
2020-08-11,Product_3,398.95,16,83.59,Books,6383.2,Tuesday,August
2020-08-11,Product_2,500.29,11,87.33,Books,5503.1900000000005,Tuesday,August
2020-08-11,Product_4,447.43,26,67.13,Toys,11633.18,Tuesday,August
2020-08-12,Product_3,430.61,17,25.17,Electronics,7320.37,Wednesday,August
2020-08-12,Product_1,487.95,10,47.82,Clothing,4879.5,Wednesday,August
2020-08-12,Product_2,499.53,11,89.43,Books,5494.83,Wednesday,August
2020-08-12,Product_4,497.9,29,78.57,Food,14439.1,Wednesday,August
2020-08-13,Product_1,447.79,9,62.75,Books,4030.11,Thursday,August
2020-08-13,Product_2,487.23,10,68.85,Books,4872.3,Thursday,August
2020-08-13,Product_3,434.41,17,54.27,Food,7384.97,Thursday,August
2020-08-13,Product_4,531.4,31,37.13,Food,16473.399999999998,Thursday,August
2020-08-14,Product_3,469.57,19,62.0,Clothing,8921.83,Friday,August
2020-08-14,Product_1,408.29,9,80.23,Clothing,3674.61,Friday,August
2020-08-14,Product_2,521.85,11,45.08,Books,5740.35,Friday,August
2020-08-14,Product_4,504.49,29,56.06,Food,14630.21,Friday,August
2020-08-15,Product_2,502.33,11,94.14,Books,5525.63,Saturday,August
2020-08-15,Product_4,479.48,28,54.9,Books,13425.44,Saturday,August
2020-08-15,Product_3,424.7,17,48.04,Electronics,7219.9,Saturday,August
2020-08-15,Product_1,483.9,10,41.3,Electronics,4839.0,Saturday,August
2020-08-16,Product_2,452.23,10,24.1,Clothing,4522.3,Sunday,August
2020-08-16,Product_1,364.93,8,58.15,Clothing,2919.44,Sunday,August
2020-08-16,Product_3,344.08,14,68.06,Books,4817.12,Sunday,August
2020-08-16,Product_4,440.79,26,88.39,Electronics,11460.54,Sunday,August
2020-08-17,Product_2,493.14,11,21.8,Books,5424.54,Monday,August
2020-08-17,Product_4,487.0,28,90.61,Books,13636.0,Monday,August
2020-08-17,Product_1,391.31,8,27.49,Clothing,3130.48,Monday,August
2020-08-17,Product_3,449.4,18,63.07,Clothing,8089.2,Monday,August
2020-08-18,Product_1,423.34,9,25.45,Clothing,3810.06,Tuesday,August
2020-08-18,Product_2,496.64,11,63.16,Books,5463.04,Tuesday,August
2020-08-18,Product_4,507.2,30,74.31,Books,15216.0,Tuesday,August
2020-08-18,Product_3,409.01,16,64.55,Electronics,6544.16,Tuesday,August
2020-08-19,Product_1,361.92,7,35.85,Food,2533.44,Wednesday,August
2020-08-19,Product_2,472.99,10,27.12,Clothing,4729.9,Wednesday,August
2020-08-19,Product_3,418.84,17,62.2,Toys,7120.28,Wednesday,August
2020-08-19,Product_4,442.09,26,81.76,Electronics,11494.34,Wednesday,August
2020-08-20,Product_4,534.88,31,88.54,Clothing,16581.28,Thursday,August
2020-08-20,Product_2,538.31,12,44.13,Toys,6459.719999999999,Thursday,August
2020-08-20,Product_1,470.5,10,88.09,Clothing,4705.0,Thursday,August
2020-08-20,Product_3,425.7,17,99.31,Books,7236.9,Thursday,August
2020-08-21,Product_2,563.06,12,44.21,Toys,6756.719999999999,Friday,August
2020-08-21,Product_1,443.62,9,40.43,Food,3992.58,Friday,August
2020-08-21,Product_4,440.73,26,70.39,Electronics,11458.98,Friday,August
2020-08-21,Product_3,414.77,16,76.31,Food,6636.32,Friday,August
2020-08-22,Product_2,491.5,11,25.85,Books,5406.5,Saturday,August
2020-08-22,Product_4,443.27,26,44.19,Books,11525.02,Saturday,August
2020-08-22,Product_1,410.77,9,90.75,Clothing,3696.93,Saturday,August
2020-08-22,Product_3,408.56,16,42.06,Books,6536.96,Saturday,August
2020-08-23,Product_4,375.76,22,63.86,Food,8266.72,Sunday,August
2020-08-23,Product_1,488.26,10,37.87,Food,4882.6,Sunday,August
2020-08-23,Product_2,437.76,9,71.49,Books,3939.84,Sunday,August
2020-08-23,Product_3,339.56,13,27.91,Books,4414.28,Sunday,August
2020-08-24,Product_3,379.64,15,30.73,Food,5694.599999999999,Monday,August
2020-08-24,Product_4,416.18,24,26.31,Food,9988.32,Monday,August
2020-08-24,Product_2,461.5,10,85.93,Food,4615.0,Monday,August
2020-08-24,Product_1,410.59,9,40.42,Books,3695.31,Monday,August
2020-08-25,Product_3,356.53,14,39.13,Clothing,4991.42,Tuesday,August
2020-08-25,Product_2,470.63,10,88.55,Electronics,4706.3,Tuesday,August
2020-08-25,Product_4,439.12,26,62.97,Electronics,11417.12,Tuesday,August
2020-08-25,Product_1,422.34,9,53.36,Books,3801.06,Tuesday,August
2020-08-26,Product_1,388.32,8,35.45,Clothing,3106.56,Wednesday,August
2020-08-26,Product_4,550.85,32,97.13,Clothing,17627.2,Wednesday,August
2020-08-26,Product_2,509.99,11,87.55,Electronics,5609.89,Wednesday,August
2020-08-26,Product_3,398.89,16,85.6,Toys,6382.24,Wednesday,August
2020-08-27,Product_3,419.04,17,61.77,Electronics,7123.68,Thursday,August
2020-08-27,Product_2,498.98,11,37.51,Clothing,5488.780000000001,Thursday,August
2020-08-27,Product_1,369.92,8,63.65,Electronics,2959.36,Thursday,August
2020-08-27,Product_4,483.2,28,66.52,Clothing,13529.6,Thursday,August
2020-08-28,Product_1,473.91,10,90.6,Clothing,4739.1,Friday,August
2020-08-28,Product_4,453.06,26,54.86,Toys,11779.56,Friday,August
2020-08-28,Product_2,544.05,12,39.76,Food,6528.599999999999,Friday,August
2020-08-28,Product_3,384.87,15,21.03,Food,5773.05,Friday,August
2020-08-29,Product_1,403.68,8,85.78,Food,3229.44,Saturday,August
2020-08-29,Product_4,521.72,31,60.12,Toys,16173.320000000002,Saturday,August
2020-08-29,Product_2,487.64,10,53.64,Electronics,4876.4,Saturday,August
2020-08-29,Product_3,426.94,17,76.88,Food,7257.98,Saturday,August
2020-08-30,Product_4,490.79,29,65.08,Toys,14232.91,Sunday,August
2020-08-30,Product_3,436.75,17,71.84,Electronics,7424.75,Sunday,August
2020-08-30,Product_2,455.66,10,71.94,Electronics,4556.6,Sunday,August
2020-08-30,Product_1,376.59,8,74.18,Clothing,3012.72,Sunday,August
2020-08-31,Product_4,549.51,32,57.52,Clothing,17584.32,Monday,August
2020-08-31,Product_1,359.08,7,59.76,Food,2513.56,Monday,August
2020-08-31,Product_2,401.48,8,68.35,Toys,3211.84,Monday,August
2020-08-31,Product_3,363.59,14,63.57,Clothing,5090.259999999999,Monday,August
2020-09-01,Product_2,591.99,13,72.69,Food,7695.87,Tuesday,September
2020-09-01,Product_4,466.23,27,27.25,Food,12588.21,Tuesday,September
2020-09-01,Product_1,403.25,8,92.88,Toys,3226.0,Tuesday,September
2020-09-01,Product_3,390.4,15,87.31,Clothing,5856.0,Tuesday,September
2020-09-02,Product_2,508.33,11,21.83,Food,5591.63,Wednesday,September
2020-09-02,Product_1,425.16,9,42.71,Electronics,3826.44,Wednesday,September
2020-09-02,Product_3,421.39,17,94.15,Food,7163.63,Wednesday,September
2020-09-02,Product_4,498.1,29,25.06,Clothing,14444.9,Wednesday,September
2020-09-02,Product_5,213.79,4,51.69,Toys,855.16,Wednesday,September
2020-09-03,Product_2,480.04,10,71.0,Electronics,4800.400000000001,Thursday,September
2020-09-03,Product_4,514.94,30,61.79,Books,15448.2,Thursday,September
2020-09-03,Product_1,379.19,8,39.95,Electronics,3033.52,Thursday,September
2020-09-03,Product_3,405.28,16,51.17,Books,6484.48,Thursday,September
2020-09-04,Product_4,477.28,28,62.17,Electronics,13363.84,Friday,September
2020-09-04,Product_2,536.34,12,45.24,Toys,6436.08,Friday,September
2020-09-04,Product_1,380.41,8,31.24,Books,3043.28,Friday,September
2020-09-04,Product_3,407.37,16,31.85,Clothing,6517.92,Friday,September
2020-09-05,Product_1,414.61,9,27.13,Clothing,3731.49,Saturday,September
2020-09-05,Product_2,464.28,10,39.07,Books,4642.799999999999,Saturday,September
2020-09-05,Product_4,447.34,26,55.25,Books,11630.84,Saturday,September
2020-09-05,Product_3,444.83,18,76.89,Electronics,8006.94,Saturday,September
2020-09-06,Product_1,372.3,8,56.43,Toys,2978.4,Sunday,September
2020-09-06,Product_2,515.17,11,29.4,Food,5666.87,Sunday,September
2020-09-06,Product_3,383.78,15,49.98,Toys,5756.7,Sunday,September
2020-09-06,Product_4,440.15,26,77.66,Electronics,11443.9,Sunday,September
2020-09-06,Product_5,216.3,4,24.25,Electronics,865.2,Sunday,September
2020-09-07,Product_4,427.57,25,44.78,Electronics,10689.25,Monday,September
2020-09-07,Product_2,441.13,9,36.28,Toys,3970.17,Monday,September
2020-09-07,Product_1,378.84,8,90.15,Electronics,3030.72,Monday,September
2020-09-07,Product_3,403.83,16,29.05,Toys,6461.28,Monday,September
2020-09-08,Product_1,347.23,7,34.31,Food,2430.61,Tuesday,September
2020-09-08,Product_2,477.48,10,90.14,Electronics,4774.8,Tuesday,September
2020-09-08,Product_4,457.26,27,42.15,Food,12346.02,Tuesday,September
2020-09-08,Product_3,396.89,16,24.72,Food,6350.24,Tuesday,September
2020-09-09,Product_2,514.85,11,70.91,Books,5663.35,Wednesday,September
2020-09-09,Product_3,397.04,16,90.13,Clothing,6352.64,Wednesday,September
2020-09-09,Product_4,458.0,27,94.01,Electronics,12366.0,Wednesday,September
2020-09-09,Product_1,395.44,8,25.58,Toys,3163.52,Wednesday,September
2020-09-10,Product_1,433.14,9,78.86,Toys,3898.26,Thursday,September
2020-09-10,Product_4,472.91,28,39.09,Books,13241.48,Thursday,September
2020-09-10,Product_2,563.3,12,47.97,Toys,6759.599999999999,Thursday,September
2020-09-10,Product_3,414.14,16,84.26,Toys,6626.24,Thursday,September
2020-09-11,Product_3,324.25,13,43.29,Electronics,4215.25,Friday,September
2020-09-11,Product_1,395.11,8,67.79,Toys,3160.88,Friday,September
2020-09-11,Product_4,470.39,27,46.33,Food,12700.53,Friday,September
2020-09-11,Product_2,488.26,10,90.16,Books,4882.6,Friday,September
2020-09-12,Product_2,508.0,11,86.32,Clothing,5588.0,Saturday,September
2020-09-12,Product_1,399.26,8,41.82,Toys,3194.08,Saturday,September
2020-09-12,Product_4,437.76,26,96.48,Clothing,11381.76,Saturday,September
2020-09-12,Product_3,479.26,19,34.82,Books,9105.94,Saturday,September
2020-09-13,Product_3,395.65,16,64.54,Toys,6330.4,Sunday,September
2020-09-13,Product_1,365.28,8,29.29,Clothing,2922.24,Sunday,September
2020-09-13,Product_4,449.47,26,74.9,Clothing,11686.22,Sunday,September
2020-09-13,Product_2,520.14,11,68.02,Clothing,5721.54,Sunday,September
2020-09-14,Product_3,398.67,16,49.72,Electronics,6378.72,Monday,September
2020-09-14,Product_1,409.65,9,66.81,Books,3686.85,Monday,September
2020-09-14,Product_4,424.86,25,54.52,Books,10621.5,Monday,September
2020-09-14,Product_2,478.7,10,54.84,Electronics,4787.0,Monday,September
2020-09-15,Product_3,386.04,15,80.03,Toys,5790.6,Tuesday,September
2020-09-15,Product_4,387.28,23,84.56,Food,8907.439999999999,Tuesday,September
2020-09-15,Product_1,388.16,8,59.47,Food,3105.28,Tuesday,September
2020-09-15,Product_2,474.19,10,52.45,Food,4741.9,Tuesday,September
2020-09-16,Product_3,406.53,16,95.02,Electronics,6504.48,Wednesday,September
2020-09-16,Product_1,432.42,9,54.97,Electronics,3891.78,Wednesday,September
2020-09-16,Product_2,475.7,10,56.54,Electronics,4757.0,Wednesday,September
2020-09-16,Product_4,457.31,27,47.41,Books,12347.37,Wednesday,September
2020-09-17,Product_3,430.61,17,76.11,Books,7320.37,Thursday,September
2020-09-17,Product_2,508.88,11,95.2,Toys,5597.68,Thursday,September
2020-09-17,Product_4,480.87,28,35.08,Electronics,13464.36,Thursday,September
2020-09-17,Product_1,457.04,10,24.85,Clothing,4570.400000000001,Thursday,September
2020-09-18,Product_3,431.05,17,91.91,Food,7327.85,Friday,September
2020-09-18,Product_4,477.93,28,84.19,Electronics,13382.04,Friday,September
2020-09-18,Product_1,464.64,10,49.02,Toys,4646.4,Friday,September
2020-09-18,Product_2,512.64,11,54.68,Food,5639.04,Friday,September
2020-09-19,Product_4,449.37,26,38.77,Toys,11683.62,Saturday,September
2020-09-19,Product_2,470.95,10,33.78,Books,4709.5,Saturday,September
2020-09-19,Product_3,409.39,16,57.7,Clothing,6550.24,Saturday,September
2020-09-19,Product_1,407.24,8,80.12,Food,3257.92,Saturday,September
2020-09-20,Product_3,387.5,15,71.16,Food,5812.5,Sunday,September
2020-09-20,Product_4,455.53,27,68.88,Books,12299.31,Sunday,September
2020-09-20,Product_2,508.02,11,40.97,Toys,5588.219999999999,Sunday,September
2020-09-20,Product_1,371.23,8,90.29,Food,2969.84,Sunday,September
2020-09-21,Product_2,463.59,10,70.99,Books,4635.9,Monday,September
2020-09-21,Product_1,404.85,8,55.84,Toys,3238.8,Monday,September
2020-09-21,Product_4,478.73,28,67.27,Books,13404.44,Monday,September
2020-09-21,Product_3,433.38,17,66.38,Electronics,7367.46,Monday,September
2020-09-22,Product_3,358.86,14,98.72,Electronics,5024.04,Tuesday,September
2020-09-22,Product_1,372.78,8,46.59,Books,2982.24,Tuesday,September
2020-09-22,Product_4,447.43,26,81.42,Electronics,11633.18,Tuesday,September
2020-09-22,Product_2,456.77,10,46.96,Toys,4567.7,Tuesday,September
2020-09-23,Product_3,361.81,14,29.79,Toys,5065.34,Wednesday,September
2020-09-23,Product_1,391.72,8,86.47,Clothing,3133.76,Wednesday,September
2020-09-23,Product_2,496.37,11,56.76,Electronics,5460.07,Wednesday,September
2020-09-23,Product_4,457.44,27,89.45,Books,12350.88,Wednesday,September
2020-09-24,Product_2,481.13,10,35.51,Toys,4811.3,Thursday,September
2020-09-24,Product_3,387.22,15,66.02,Books,5808.3,Thursday,September
2020-09-24,Product_4,510.19,30,51.49,Food,15305.7,Thursday,September
2020-09-24,Product_1,492.02,10,66.0,Toys,4920.2,Thursday,September
2020-09-25,Product_3,465.77,18,36.46,Food,8383.86,Friday,September
2020-09-25,Product_1,425.13,9,60.03,Toys,3826.17,Friday,September
2020-09-25,Product_2,490.57,10,83.2,Food,4905.7,Friday,September
2020-09-25,Product_4,462.04,27,40.91,Clothing,12475.08,Friday,September
2020-09-26,Product_4,484.94,28,63.04,Food,13578.32,Saturday,September
2020-09-26,Product_3,376.06,15,74.04,Books,5640.9,Saturday,September
2020-09-26,Product_2,451.17,10,42.49,Books,4511.7,Saturday,September
2020-09-26,Product_1,344.11,7,26.89,Toys,2408.77,Saturday,September
2020-09-27,Product_4,454.7,27,26.81,Toys,12276.9,Sunday,September
2020-09-27,Product_3,365.55,14,74.26,Clothing,5117.7,Sunday,September
2020-09-27,Product_1,387.07,8,76.92,Clothing,3096.56,Sunday,September
2020-09-27,Product_2,420.92,9,83.35,Clothing,3788.28,Sunday,September
2020-09-28,Product_4,398.2,23,53.45,Electronics,9158.6,Monday,September
2020-09-28,Product_3,430.26,17,34.58,Toys,7314.42,Monday,September
2020-09-28,Product_1,385.28,8,85.65,Books,3082.24,Monday,September
2020-09-28,Product_2,445.08,9,66.52,Food,4005.72,Monday,September
2020-09-29,Product_3,394.72,16,94.08,Toys,6315.52,Tuesday,September
2020-09-29,Product_4,467.13,27,38.66,Books,12612.51,Tuesday,September
2020-09-29,Product_2,536.57,12,58.63,Toys,6438.84,Tuesday,September
2020-09-29,Product_1,399.12,8,81.36,Food,3192.96,Tuesday,September
2020-09-30,Product_1,407.92,9,88.97,Clothing,3671.28,Wednesday,September
2020-09-30,Product_4,398.96,23,82.03,Electronics,9176.08,Wednesday,September
2020-09-30,Product_2,531.29,11,93.31,Books,5844.19,Wednesday,September
2020-09-30,Product_3,414.25,16,40.02,Electronics,6628.0,Wednesday,September
2020-10-01,Product_2,557.21,12,76.69,Clothing,6686.52,Thursday,October
2020-10-01,Product_4,475.25,28,91.86,Food,13307.0,Thursday,October
2020-10-01,Product_3,476.98,19,76.25,Food,9062.62,Thursday,October
2020-10-01,Product_1,384.17,8,47.97,Books,3073.36,Thursday,October
2020-10-02,Product_2,495.84,11,90.38,Electronics,5454.24,Friday,October
2020-10-02,Product_3,419.02,17,38.62,Clothing,7123.34,Friday,October
2020-10-02,Product_1,442.05,9,72.91,Books,3978.45,Friday,October
2020-10-02,Product_4,511.25,30,64.06,Food,15337.5,Friday,October
2020-10-03,Product_2,477.6,10,28.21,Toys,4776.0,Saturday,October
2020-10-03,Product_1,444.02,9,86.47,Books,3996.18,Saturday,October
2020-10-03,Product_3,424.99,17,99.42,Food,7224.83,Saturday,October
2020-10-03,Product_4,444.7,26,64.41,Electronics,11562.2,Saturday,October
2020-10-04,Product_1,432.55,9,69.46,Toys,3892.95,Sunday,October
2020-10-04,Product_3,335.3,13,24.42,Food,4358.900000000001,Sunday,October
2020-10-04,Product_2,494.79,11,65.44,Books,5442.6900000000005,Sunday,October
2020-10-04,Product_4,437.72,26,84.74,Books,11380.72,Sunday,October
2020-10-05,Product_4,415.07,24,38.77,Books,9961.68,Monday,October
2020-10-05,Product_2,468.62,10,82.73,Toys,4686.2,Monday,October
2020-10-05,Product_1,388.66,8,53.85,Toys,3109.28,Monday,October
2020-10-05,Product_3,408.39,16,37.55,Clothing,6534.24,Monday,October
2020-10-06,Product_2,484.53,10,50.84,Toys,4845.299999999999,Tuesday,October
2020-10-06,Product_3,407.42,16,46.29,Clothing,6518.72,Tuesday,October
2020-10-06,Product_1,403.91,8,33.98,Electronics,3231.28,Tuesday,October
2020-10-06,Product_4,461.27,27,55.42,Toys,12454.29,Tuesday,October
2020-10-07,Product_2,442.97,9,29.42,Electronics,3986.730000000001,Wednesday,October
2020-10-07,Product_3,467.41,19,41.55,Books,8880.79,Wednesday,October
2020-10-07,Product_4,398.94,23,22.88,Clothing,9175.62,Wednesday,October
2020-10-07,Product_1,425.65,9,31.59,Food,3830.85,Wednesday,October
2020-10-08,Product_3,413.99,16,99.82,Food,6623.84,Thursday,October
2020-10-08,Product_1,416.71,9,75.63,Electronics,3750.39,Thursday,October
2020-10-08,Product_4,475.37,28,91.48,Books,13310.36,Thursday,October
2020-10-08,Product_2,472.95,10,93.93,Electronics,4729.5,Thursday,October
2020-10-09,Product_4,532.93,31,75.91,Food,16520.829999999998,Friday,October
2020-10-09,Product_3,443.41,18,41.38,Food,7981.38,Friday,October
2020-10-09,Product_1,401.9,8,71.32,Food,3215.2,Friday,October
2020-10-09,Product_2,492.42,11,61.07,Food,5416.62,Friday,October
2020-10-10,Product_3,424.0,17,92.01,Electronics,7208.0,Saturday,October
2020-10-10,Product_4,478.96,28,55.68,Electronics,13410.88,Saturday,October
2020-10-10,Product_1,437.52,9,34.85,Toys,3937.68,Saturday,October
2020-10-10,Product_2,495.61,11,55.18,Electronics,5451.71,Saturday,October
2020-10-11,Product_2,498.68,11,50.24,Books,5485.4800000000005,Sunday,October
2020-10-11,Product_3,441.47,17,70.56,Electronics,7504.990000000001,Sunday,October
2020-10-11,Product_1,441.77,9,53.1,Electronics,3975.93,Sunday,October
2020-10-11,Product_4,415.02,24,66.86,Books,9960.48,Sunday,October
2020-10-12,Product_3,371.04,15,60.97,Toys,5565.6,Monday,October
2020-10-12,Product_2,412.04,9,22.77,Electronics,3708.36,Monday,October
2020-10-12,Product_4,471.31,28,30.23,Toys,13196.68,Monday,October
2020-10-12,Product_1,412.01,9,92.38,Clothing,3708.09,Monday,October
2020-10-13,Product_1,445.68,9,31.23,Clothing,4011.12,Tuesday,October
2020-10-13,Product_3,448.16,18,30.78,Electronics,8066.88,Tuesday,October
2020-10-13,Product_4,384.4,22,60.31,Food,8456.8,Tuesday,October
2020-10-13,Product_2,457.23,10,85.81,Electronics,4572.3,Tuesday,October
2020-10-14,Product_1,432.5,9,61.89,Books,3892.5,Wednesday,October
2020-10-14,Product_3,493.67,20,79.63,Clothing,9873.4,Wednesday,October
2020-10-14,Product_4,420.43,24,70.11,Clothing,10090.32,Wednesday,October
2020-10-14,Product_2,452.41,10,24.63,Clothing,4524.1,Wednesday,October
2020-10-15,Product_1,479.18,10,31.42,Clothing,4791.8,Thursday,October
2020-10-15,Product_4,492.99,29,45.7,Clothing,14296.71,Thursday,October
2020-10-15,Product_3,448.58,18,79.21,Electronics,8074.44,Thursday,October
2020-10-15,Product_2,546.63,12,98.4,Books,6559.56,Thursday,October
2020-10-16,Product_4,475.14,28,80.29,Toys,13303.92,Friday,October
2020-10-16,Product_3,437.66,17,30.15,Food,7440.22,Friday,October
2020-10-16,Product_2,568.17,12,23.75,Toys,6818.039999999999,Friday,October
2020-10-16,Product_1,467.95,10,91.96,Electronics,4679.5,Friday,October
2020-10-17,Product_4,522.11,31,46.06,Food,16185.41,Saturday,October
2020-10-17,Product_1,396.85,8,65.65,Electronics,3174.8,Saturday,October
2020-10-17,Product_3,454.08,18,28.46,Books,8173.44,Saturday,October
2020-10-17,Product_2,498.13,11,61.07,Food,5479.43,Saturday,October
2020-10-18,Product_1,388.33,8,34.36,Clothing,3106.64,Sunday,October
2020-10-18,Product_2,439.77,9,77.78,Clothing,3957.93,Sunday,October
2020-10-18,Product_3,420.78,17,39.82,Food,7153.259999999999,Sunday,October
2020-10-18,Product_4,448.14,26,81.64,Toys,11651.64,Sunday,October
2020-10-19,Product_3,356.47,14,35.08,Electronics,4990.58,Monday,October
2020-10-19,Product_1,381.6,8,65.56,Toys,3052.8,Monday,October
2020-10-19,Product_4,452.14,26,75.03,Electronics,11755.64,Monday,October
2020-10-19,Product_2,466.64,10,71.92,Electronics,4666.4,Monday,October
2020-10-20,Product_1,417.91,9,55.86,Books,3761.19,Tuesday,October
2020-10-20,Product_2,501.41,11,81.81,Toys,5515.51,Tuesday,October
2020-10-20,Product_3,347.68,14,63.17,Clothing,4867.52,Tuesday,October
2020-10-20,Product_4,465.51,27,22.24,Food,12568.77,Tuesday,October
2020-10-21,Product_2,485.08,10,84.04,Food,4850.8,Wednesday,October
2020-10-21,Product_4,460.88,27,89.43,Toys,12443.76,Wednesday,October
2020-10-21,Product_3,402.16,16,86.74,Food,6434.56,Wednesday,October
2020-10-21,Product_1,399.48,8,67.76,Toys,3195.84,Wednesday,October
2020-10-22,Product_1,372.44,8,46.64,Food,2979.52,Thursday,October
2020-10-22,Product_4,436.22,25,79.34,Books,10905.5,Thursday,October
2020-10-22,Product_2,473.06,10,64.49,Books,4730.6,Thursday,October
2020-10-22,Product_3,428.74,17,22.01,Books,7288.58,Thursday,October
2020-10-23,Product_3,422.45,17,97.92,Food,7181.65,Friday,October
2020-10-23,Product_2,532.33,11,41.66,Food,5855.63,Friday,October
2020-10-23,Product_5,254.09,5,82.53,Clothing,1270.45,Friday,October
2020-10-23,Product_4,514.73,30,33.96,Food,15441.9,Friday,October
2020-10-23,Product_1,429.25,9,95.44,Electronics,3863.25,Friday,October
2020-10-24,Product_1,397.07,8,61.77,Food,3176.56,Saturday,October
2020-10-24,Product_3,373.25,15,98.97,Toys,5598.75,Saturday,October
2020-10-24,Product_2,475.66,10,64.17,Food,4756.6,Saturday,October
2020-10-24,Product_4,497.36,29,97.95,Toys,14423.44,Saturday,October
2020-10-25,Product_4,451.03,26,37.38,Toys,11726.78,Sunday,October
2020-10-25,Product_1,385.96,8,20.92,Electronics,3087.68,Sunday,October
2020-10-25,Product_3,384.28,15,50.41,Clothing,5764.2,Sunday,October
2020-10-25,Product_2,454.99,10,99.2,Food,4549.9,Sunday,October
2020-10-26,Product_3,368.98,15,53.98,Electronics,5534.700000000001,Monday,October
2020-10-26,Product_4,428.33,25,71.29,Books,10708.25,Monday,October
2020-10-26,Product_2,478.35,10,73.55,Clothing,4783.5,Monday,October
2020-10-26,Product_1,408.21,9,24.04,Electronics,3673.89,Monday,October
2020-10-27,Product_3,362.95,14,31.34,Electronics,5081.3,Tuesday,October
2020-10-27,Product_4,427.25,25,59.45,Food,10681.25,Tuesday,October
2020-10-27,Product_1,421.46,9,56.61,Books,3793.14,Tuesday,October
2020-10-27,Product_2,423.08,9,28.08,Clothing,3807.72,Tuesday,October
2020-10-28,Product_4,525.98,31,95.18,Toys,16305.38,Wednesday,October
2020-10-28,Product_2,463.84,10,94.72,Electronics,4638.4,Wednesday,October
2020-10-28,Product_1,429.93,9,57.68,Books,3869.37,Wednesday,October
2020-10-28,Product_3,427.39,17,56.71,Electronics,7265.63,Wednesday,October
2020-10-29,Product_2,591.67,13,58.18,Books,7691.709999999999,Thursday,October
2020-10-29,Product_4,479.92,28,57.86,Food,13437.76,Thursday,October
2020-10-29,Product_1,481.6,10,67.85,Food,4816.0,Thursday,October
2020-10-29,Product_3,413.33,16,41.27,Clothing,6613.28,Thursday,October
2020-10-30,Product_4,509.44,30,48.19,Toys,15283.2,Friday,October
2020-10-30,Product_3,469.02,19,31.52,Toys,8911.38,Friday,October
2020-10-30,Product_2,538.33,12,37.99,Books,6459.960000000001,Friday,October
2020-10-30,Product_1,466.82,10,74.07,Electronics,4668.2,Friday,October
2020-10-31,Product_4,503.3,29,87.21,Toys,14595.7,Saturday,October
2020-10-31,Product_2,558.24,12,81.18,Toys,6698.88,Saturday,October
2020-10-31,Product_3,392.05,15,55.11,Clothing,5880.75,Saturday,October
2020-10-31,Product_1,491.03,10,26.48,Clothing,4910.299999999999,Saturday,October
2020-11-01,Product_2,457.09,10,99.87,Food,4570.9,Sunday,November
2020-11-01,Product_3,383.02,15,40.32,Food,5745.299999999999,Sunday,November
2020-11-01,Product_1,433.57,9,86.15,Food,3902.13,Sunday,November
2020-11-01,Product_4,467.34,27,27.54,Books,12618.179999999998,Sunday,November
2020-11-02,Product_2,483.86,10,79.57,Toys,4838.6,Monday,November
2020-11-02,Product_1,434.01,9,66.62,Electronics,3906.09,Monday,November
2020-11-02,Product_3,410.19,16,36.21,Food,6563.04,Monday,November
2020-11-02,Product_4,472.82,28,78.75,Electronics,13238.96,Monday,November
2020-11-03,Product_2,514.94,11,36.79,Clothing,5664.34,Tuesday,November
2020-11-03,Product_1,407.17,8,96.66,Electronics,3257.36,Tuesday,November
2020-11-03,Product_4,463.43,27,69.14,Books,12512.61,Tuesday,November
2020-11-03,Product_3,436.55,17,69.58,Electronics,7421.35,Tuesday,November
2020-11-04,Product_2,545.53,12,77.79,Electronics,6546.36,Wednesday,November
2020-11-04,Product_1,388.47,8,98.46,Books,3107.76,Wednesday,November
2020-11-04,Product_4,458.29,27,37.15,Food,12373.83,Wednesday,November
2020-11-04,Product_3,393.63,16,76.68,Food,6298.08,Wednesday,November
2020-11-05,Product_3,371.22,15,20.58,Electronics,5568.3,Thursday,November
2020-11-05,Product_4,440.92,26,64.95,Toys,11463.92,Thursday,November
2020-11-05,Product_1,476.56,10,73.42,Books,4765.6,Thursday,November
2020-11-05,Product_2,463.5,10,25.54,Food,4635.0,Thursday,November
2020-11-06,Product_4,473.0,28,81.11,Clothing,13244.0,Friday,November
2020-11-06,Product_1,410.39,9,97.07,Electronics,3693.51,Friday,November
2020-11-06,Product_3,503.53,20,75.87,Books,10070.6,Friday,November
2020-11-06,Product_2,518.57,11,54.24,Food,5704.27,Friday,November
2020-11-07,Product_4,454.46,27,23.88,Books,12270.42,Saturday,November
2020-11-07,Product_3,391.2,15,77.63,Electronics,5868.0,Saturday,November
2020-11-07,Product_2,460.36,10,21.42,Electronics,4603.6,Saturday,November
2020-11-07,Product_1,437.56,9,25.66,Clothing,3938.04,Saturday,November
2020-11-08,Product_2,500.98,11,51.4,Food,5510.780000000001,Sunday,November
2020-11-08,Product_1,443.01,9,53.1,Toys,3987.09,Sunday,November
2020-11-08,Product_3,384.78,15,57.36,Electronics,5771.7,Sunday,November
2020-11-08,Product_4,455.39,27,23.1,Electronics,12295.53,Sunday,November
2020-11-09,Product_1,410.19,9,61.3,Electronics,3691.71,Monday,November
2020-11-09,Product_2,493.5,11,40.31,Books,5428.5,Monday,November
2020-11-09,Product_3,367.67,14,41.6,Food,5147.38,Monday,November
2020-11-09,Product_4,418.05,24,92.75,Electronics,10033.2,Monday,November
2020-11-10,Product_1,425.13,9,65.64,Toys,3826.17,Tuesday,November
2020-11-10,Product_3,430.9,17,39.75,Toys,7325.299999999999,Tuesday,November
2020-11-10,Product_4,373.58,22,27.24,Electronics,8218.76,Tuesday,November
2020-11-10,Product_2,459.36,10,49.97,Electronics,4593.6,Tuesday,November
2020-11-11,Product_2,454.94,10,24.24,Clothing,4549.4,Wednesday,November
2020-11-11,Product_4,447.07,26,71.41,Books,11623.82,Wednesday,November
2020-11-11,Product_1,457.48,10,49.76,Books,4574.8,Wednesday,November
2020-11-11,Product_3,418.56,17,76.95,Books,7115.52,Wednesday,November
2020-11-12,Product_3,476.81,19,37.68,Clothing,9059.39,Thursday,November
2020-11-12,Product_4,517.5,30,30.67,Food,15525.0,Thursday,November
2020-11-12,Product_1,480.18,10,90.16,Toys,4801.8,Thursday,November
2020-11-12,Product_2,523.43,11,61.64,Clothing,5757.73,Thursday,November
2020-11-13,Product_1,420.97,9,28.46,Food,3788.730000000001,Friday,November
2020-11-13,Product_4,513.93,30,50.1,Toys,15417.899999999998,Friday,November
2020-11-13,Product_3,463.23,18,34.3,Food,8338.14,Friday,November
2020-11-13,Product_2,530.96,11,70.39,Toys,5840.56,Friday,November
2020-11-14,Product_4,476.28,28,47.66,Books,13335.84,Saturday,November
2020-11-14,Product_3,389.03,15,94.62,Books,5835.45,Saturday,November
2020-11-14,Product_1,443.63,9,42.76,Food,3992.67,Saturday,November
2020-11-14,Product_2,522.93,11,78.12,Clothing,5752.23,Saturday,November
2020-11-15,Product_1,456.72,10,95.1,Books,4567.200000000001,Sunday,November
2020-11-15,Product_2,484.6,10,83.11,Clothing,4846.0,Sunday,November
2020-11-15,Product_3,414.97,16,20.53,Clothing,6639.52,Sunday,November
2020-11-15,Product_4,471.98,28,67.12,Electronics,13215.44,Sunday,November
2020-11-16,Product_3,402.84,16,51.43,Toys,6445.44,Monday,November
2020-11-16,Product_1,407.42,8,89.66,Electronics,3259.36,Monday,November
2020-11-16,Product_4,489.19,29,71.45,Electronics,14186.51,Monday,November
2020-11-16,Product_2,497.34,11,47.91,Clothing,5470.74,Monday,November
2020-11-17,Product_1,470.58,10,33.55,Toys,4705.8,Tuesday,November
2020-11-17,Product_4,493.06,29,31.17,Toys,14298.74,Tuesday,November
2020-11-17,Product_2,429.35,9,59.22,Clothing,3864.15,Tuesday,November
2020-11-17,Product_3,400.81,16,52.48,Clothing,6412.96,Tuesday,November
2020-11-18,Product_1,382.96,8,38.11,Toys,3063.68,Wednesday,November
2020-11-18,Product_2,532.39,11,90.41,Electronics,5856.29,Wednesday,November
2020-11-18,Product_4,465.5,27,46.15,Books,12568.5,Wednesday,November
2020-11-18,Product_3,382.79,15,49.72,Electronics,5741.85,Wednesday,November
2020-11-19,Product_1,443.04,9,53.78,Toys,3987.36,Thursday,November
2020-11-19,Product_2,527.66,11,32.36,Food,5804.259999999999,Thursday,November
2020-11-19,Product_3,384.83,15,46.75,Clothing,5772.45,Thursday,November
2020-11-19,Product_4,537.92,31,22.39,Food,16675.52,Thursday,November
2020-11-20,Product_3,533.16,21,52.03,Toys,11196.36,Friday,November
2020-11-20,Product_1,466.38,10,45.14,Food,4663.8,Friday,November
2020-11-20,Product_2,519.44,11,73.52,Electronics,5713.84,Friday,November
2020-11-20,Product_4,444.94,26,20.73,Toys,11568.44,Friday,November
2020-11-21,Product_2,542.04,12,67.63,Toys,6504.48,Saturday,November
2020-11-21,Product_4,485.12,28,58.1,Toys,13583.36,Saturday,November
2020-11-21,Product_3,451.34,18,82.31,Toys,8124.12,Saturday,November
2020-11-21,Product_1,368.23,8,77.58,Clothing,2945.84,Saturday,November
2020-11-22,Product_3,394.32,16,60.63,Electronics,6309.12,Sunday,November
2020-11-22,Product_1,438.13,9,29.17,Electronics,3943.17,Sunday,November
2020-11-22,Product_2,515.78,11,87.32,Food,5673.58,Sunday,November
2020-11-22,Product_4,439.84,26,22.55,Food,11435.84,Sunday,November
2020-11-23,Product_3,426.19,17,89.28,Food,7245.23,Monday,November
2020-11-23,Product_2,544.76,12,45.64,Toys,6537.12,Monday,November
2020-11-23,Product_1,400.48,8,49.11,Clothing,3203.84,Monday,November
2020-11-23,Product_4,492.29,29,94.51,Food,14276.41,Monday,November
2020-11-24,Product_2,503.15,11,72.0,Clothing,5534.65,Tuesday,November
2020-11-24,Product_1,384.37,8,74.38,Electronics,3074.96,Tuesday,November
2020-11-24,Product_3,447.45,18,34.5,Toys,8054.099999999999,Tuesday,November
2020-11-24,Product_4,478.7,28,63.64,Food,13403.6,Tuesday,November
2020-11-25,Product_2,517.42,11,25.45,Toys,5691.62,Wednesday,November
2020-11-25,Product_1,421.31,9,60.54,Toys,3791.79,Wednesday,November
2020-11-25,Product_3,466.32,18,31.17,Books,8393.76,Wednesday,November
2020-11-25,Product_4,505.74,30,38.43,Toys,15172.2,Wednesday,November
2020-11-26,Product_2,535.55,11,80.72,Electronics,5891.049999999999,Thursday,November
2020-11-26,Product_4,462.28,27,36.6,Clothing,12481.56,Thursday,November
2020-11-26,Product_3,393.39,16,76.6,Clothing,6294.24,Thursday,November
2020-11-26,Product_1,469.11,10,56.9,Food,4691.1,Thursday,November
2020-11-27,Product_3,412.14,16,85.23,Food,6594.24,Friday,November
2020-11-27,Product_2,554.71,12,24.12,Books,6656.52,Friday,November
2020-11-27,Product_1,457.03,10,30.6,Books,4570.299999999999,Friday,November
2020-11-27,Product_4,506.3,30,99.76,Food,15189.0,Friday,November
2020-11-28,Product_3,437.07,17,75.12,Clothing,7430.19,Saturday,November
2020-11-28,Product_4,475.8,28,66.69,Toys,13322.4,Saturday,November
2020-11-28,Product_1,431.93,9,37.87,Electronics,3887.37,Saturday,November
2020-11-28,Product_2,475.32,10,64.02,Food,4753.2,Saturday,November
2020-11-29,Product_4,459.48,27,62.62,Toys,12405.96,Sunday,November
2020-11-29,Product_3,416.03,16,33.11,Food,6656.48,Sunday,November
2020-11-29,Product_1,414.95,9,82.21,Books,3734.55,Sunday,November
2020-11-29,Product_2,488.79,10,67.65,Toys,4887.900000000001,Sunday,November
2020-11-30,Product_1,413.7,9,71.23,Toys,3723.3,Monday,November
2020-11-30,Product_2,524.72,11,75.04,Electronics,5771.92,Monday,November
2020-11-30,Product_3,429.47,17,91.28,Books,7300.990000000001,Monday,November
2020-11-30,Product_4,461.2,27,27.42,Books,12452.4,Monday,November
2020-12-01,Product_1,446.29,9,61.62,Books,4016.61,Tuesday,December
2020-12-01,Product_4,472.96,28,65.83,Toys,13242.88,Tuesday,December
2020-12-01,Product_3,422.25,17,28.69,Toys,7178.25,Tuesday,December
2020-12-01,Product_2,516.74,11,28.24,Books,5684.14,Tuesday,December
2020-12-02,Product_1,456.01,10,72.87,Clothing,4560.1,Wednesday,December
2020-12-02,Product_2,487.09,10,77.7,Toys,4870.9,Wednesday,December
2020-12-02,Product_4,498.48,29,79.6,Electronics,14455.92,Wednesday,December
2020-12-02,Product_3,421.0,17,46.48,Books,7157.0,Wednesday,December
2020-12-03,Product_2,550.42,12,60.54,Clothing,6605.039999999999,Thursday,December
2020-12-03,Product_4,536.38,31,85.78,Food,16627.78,Thursday,December
2020-12-03,Product_1,412.94,9,53.97,Books,3716.46,Thursday,December
2020-12-03,Product_3,474.11,19,49.94,Food,9008.09,Thursday,December
2020-12-04,Product_2,544.14,12,98.37,Food,6529.68,Friday,December
2020-12-04,Product_3,469.94,19,70.73,Books,8928.86,Friday,December
2020-12-04,Product_4,477.76,28,20.99,Food,13377.28,Friday,December
2020-12-04,Product_1,431.38,9,45.51,Food,3882.42,Friday,December
2020-12-05,Product_1,432.73,9,55.99,Clothing,3894.57,Saturday,December
2020-12-05,Product_4,485.97,28,41.33,Food,13607.16,Saturday,December
2020-12-05,Product_3,477.12,19,93.4,Food,9065.28,Saturday,December
2020-12-05,Product_2,529.65,11,91.06,Clothing,5826.15,Saturday,December
2020-12-06,Product_1,419.56,9,82.93,Food,3776.04,Sunday,December
2020-12-06,Product_2,510.34,11,83.35,Electronics,5613.74,Sunday,December
2020-12-06,Product_3,436.65,17,60.58,Toys,7423.049999999999,Sunday,December
2020-12-06,Product_4,497.75,29,40.26,Toys,14434.75,Sunday,December
2020-12-07,Product_1,432.19,9,67.91,Books,3889.71,Monday,December
2020-12-07,Product_4,445.19,26,73.69,Toys,11574.94,Monday,December
2020-12-07,Product_3,474.54,19,28.9,Books,9016.26,Monday,December
2020-12-07,Product_2,494.08,11,60.01,Food,5434.88,Monday,December
2020-12-08,Product_1,465.13,10,75.25,Electronics,4651.3,Tuesday,December
2020-12-08,Product_4,498.75,29,48.83,Electronics,14463.75,Tuesday,December
2020-12-08,Product_2,541.79,12,75.8,Electronics,6501.48,Tuesday,December
2020-12-08,Product_3,464.23,18,21.67,Clothing,8356.14,Tuesday,December
2020-12-09,Product_1,470.83,10,36.01,Electronics,4708.3,Wednesday,December
2020-12-09,Product_4,474.27,28,25.32,Toys,13279.56,Wednesday,December
2020-12-09,Product_3,389.69,15,41.36,Electronics,5845.35,Wednesday,December
2020-12-09,Product_2,540.97,12,49.8,Toys,6491.64,Wednesday,December
2020-12-10,Product_3,410.13,16,40.41,Books,6562.08,Thursday,December
2020-12-10,Product_1,456.22,10,20.46,Food,4562.200000000001,Thursday,December
2020-12-10,Product_4,507.23,30,81.49,Toys,15216.9,Thursday,December
2020-12-10,Product_2,566.65,12,77.2,Books,6799.799999999999,Thursday,December
2020-12-11,Product_2,673.88,15,75.23,Clothing,10108.2,Friday,December
2020-12-11,Product_4,528.51,31,82.43,Electronics,16383.81,Friday,December
2020-12-11,Product_1,444.8,9,24.18,Books,4003.2,Friday,December
2020-12-11,Product_3,484.57,19,59.93,Electronics,9206.83,Friday,December
2020-12-12,Product_4,484.17,28,77.08,Books,13556.76,Saturday,December
2020-12-12,Product_3,458.08,18,42.34,Food,8245.44,Saturday,December
2020-12-12,Product_2,539.43,12,28.72,Electronics,6473.16,Saturday,December
2020-12-12,Product_1,462.01,10,97.12,Books,4620.1,Saturday,December
2020-12-13,Product_3,468.69,19,49.26,Electronics,8905.11,Sunday,December
2020-12-13,Product_1,433.85,9,31.65,Toys,3904.65,Sunday,December
2020-12-13,Product_4,481.5,28,74.11,Food,13482.0,Sunday,December
2020-12-13,Product_2,551.73,12,40.77,Toys,6620.76,Sunday,December
2020-12-14,Product_3,441.0,17,50.85,Electronics,7497.0,Monday,December
2020-12-14,Product_1,426.78,9,30.33,Electronics,3841.02,Monday,December
2020-12-14,Product_4,528.83,31,96.6,Electronics,16393.73,Monday,December
2020-12-14,Product_2,504.12,11,44.0,Clothing,5545.32,Monday,December
2020-12-15,Product_4,488.34,29,93.55,Clothing,14161.86,Tuesday,December
2020-12-15,Product_3,442.55,18,89.41,Food,7965.900000000001,Tuesday,December
2020-12-15,Product_1,476.27,10,39.91,Food,4762.7,Tuesday,December
2020-12-15,Product_2,516.72,11,76.68,Clothing,5683.92,Tuesday,December
2020-12-16,Product_4,527.23,31,70.7,Electronics,16344.13,Wednesday,December
2020-12-16,Product_3,461.15,18,97.52,Books,8300.699999999999,Wednesday,December
2020-12-16,Product_2,561.9,12,47.3,Electronics,6742.799999999999,Wednesday,December
2020-12-16,Product_1,475.48,10,70.38,Clothing,4754.8,Wednesday,December
2020-12-17,Product_2,506.23,11,48.0,Toys,5568.530000000001,Thursday,December
2020-12-17,Product_4,539.3,32,57.09,Clothing,17257.6,Thursday,December
2020-12-17,Product_1,473.55,10,30.96,Clothing,4735.5,Thursday,December
2020-12-17,Product_3,416.39,16,34.39,Clothing,6662.24,Thursday,December
2020-12-18,Product_1,482.03,10,35.95,Books,4820.299999999999,Friday,December
2020-12-18,Product_4,544.84,32,99.42,Toys,17434.88,Friday,December
2020-12-18,Product_3,501.81,20,35.35,Food,10036.2,Friday,December
2020-12-18,Product_2,577.05,12,99.45,Books,6924.599999999999,Friday,December
2020-12-19,Product_3,453.53,18,88.85,Electronics,8163.539999999999,Saturday,December
2020-12-19,Product_4,500.0,29,47.03,Clothing,14500.0,Saturday,December
2020-12-19,Product_1,491.87,10,26.66,Electronics,4918.7,Saturday,December
2020-12-19,Product_2,536.09,12,57.37,Books,6433.08,Saturday,December
2020-12-20,Product_2,520.18,11,79.88,Toys,5721.98,Sunday,December
2020-12-20,Product_1,470.75,10,94.19,Books,4707.5,Sunday,December
2020-12-20,Product_4,435.27,25,92.53,Clothing,10881.75,Sunday,December
2020-12-20,Product_3,453.83,18,44.26,Food,8168.94,Sunday,December
2020-12-21,Product_2,457.22,10,72.87,Toys,4572.200000000001,Monday,December
2020-12-21,Product_1,466.79,10,27.14,Clothing,4667.900000000001,Monday,December
2020-12-21,Product_3,444.98,18,50.23,Books,8009.64,Monday,December
2020-12-21,Product_4,507.67,30,61.06,Clothing,15230.1,Monday,December
2020-12-22,Product_3,434.85,17,22.17,Clothing,7392.450000000001,Tuesday,December
2020-12-22,Product_2,467.46,10,64.75,Food,4674.599999999999,Tuesday,December
2020-12-22,Product_1,437.62,9,67.32,Clothing,3938.58,Tuesday,December
2020-12-22,Product_4,576.31,34,37.61,Food,19594.54,Tuesday,December
2020-12-23,Product_1,461.38,10,70.2,Clothing,4613.8,Wednesday,December
2020-12-23,Product_3,460.3,18,75.01,Toys,8285.4,Wednesday,December
2020-12-23,Product_4,517.02,30,36.29,Electronics,15510.6,Wednesday,December
2020-12-23,Product_2,487.92,10,37.26,Food,4879.2,Wednesday,December
2020-12-24,Product_2,515.64,11,79.6,Electronics,5672.04,Thursday,December
2020-12-24,Product_4,532.96,31,88.26,Food,16521.760000000002,Thursday,December
2020-12-24,Product_3,459.38,18,75.91,Clothing,8268.84,Thursday,December
2020-12-24,Product_1,486.31,10,48.04,Toys,4863.1,Thursday,December
2020-12-25,Product_4,510.48,30,40.54,Clothing,15314.4,Friday,December
2020-12-25,Product_2,569.68,12,68.35,Food,6836.16,Friday,December
2020-12-25,Product_3,476.4,19,33.5,Clothing,9051.6,Friday,December
2020-12-25,Product_1,446.08,9,78.74,Electronics,4014.72,Friday,December
2020-12-26,Product_2,555.92,12,20.84,Books,6671.039999999999,Saturday,December
2020-12-26,Product_4,540.88,32,83.38,Electronics,17308.16,Saturday,December
2020-12-26,Product_3,450.77,18,37.82,Electronics,8113.86,Saturday,December
2020-12-26,Product_1,495.77,10,66.75,Toys,4957.7,Saturday,December
2020-12-27,Product_1,432.14,9,88.04,Toys,3889.26,Sunday,December
2020-12-27,Product_4,541.66,32,93.13,Electronics,17333.12,Sunday,December
2020-12-27,Product_2,529.39,11,22.21,Electronics,5823.29,Sunday,December
2020-12-27,Product_3,468.56,19,21.0,Electronics,8902.64,Sunday,December
2020-12-28,Product_1,415.61,9,56.24,Books,3740.49,Monday,December
2020-12-28,Product_4,495.81,29,20.63,Food,14378.49,Monday,December
2020-12-28,Product_2,509.51,11,69.43,Clothing,5604.61,Monday,December
2020-12-28,Product_3,447.33,18,50.04,Food,8051.94,Monday,December
2020-12-29,Product_1,404.36,8,64.58,Electronics,3234.88,Tuesday,December
2020-12-29,Product_4,500.38,29,46.04,Clothing,14511.02,Tuesday,December
2020-12-29,Product_3,441.12,17,69.61,Books,7499.04,Tuesday,December
2020-12-29,Product_2,532.69,11,64.21,Clothing,5859.59,Tuesday,December
2020-12-30,Product_3,421.8,17,90.77,Toys,7170.6,Wednesday,December
2020-12-30,Product_1,411.94,9,75.62,Clothing,3707.46,Wednesday,December
2020-12-30,Product_2,541.52,12,22.79,Toys,6498.24,Wednesday,December
2020-12-30,Product_4,534.64,31,51.22,Clothing,16573.84,Wednesday,December
2020-12-31,Product_4,545.44,32,62.62,Clothing,17454.08,Thursday,December
2020-12-31,Product_3,429.87,17,30.41,Toys,7307.79,Thursday,December
2020-12-31,Product_1,469.5,10,28.32,Books,4695.0,Thursday,December
2020-12-31,Product_2,544.01,12,90.34,Books,6528.12,Thursday,December
2021-01-01,Product_2,548.55,12,80.31,Clothing,6582.599999999999,Friday,January
2021-01-01,Product_3,445.44,18,24.36,Electronics,8017.92,Friday,January
2021-01-01,Product_4,549.09,32,63.69,Electronics,17570.88,Friday,January
2021-01-01,Product_1,477.0,10,43.64,Books,4770.0,Friday,January
2021-01-02,Product_4,473.36,28,43.49,Books,13254.08,Saturday,January
2021-01-02,Product_2,578.65,12,68.2,Clothing,6943.799999999999,Saturday,January
2021-01-02,Product_1,455.4,10,21.98,Books,4554.0,Saturday,January
2021-01-02,Product_3,415.42,16,45.22,Food,6646.72,Saturday,January
2021-01-03,Product_4,506.32,30,34.78,Clothing,15189.6,Sunday,January
2021-01-03,Product_3,475.48,19,48.43,Electronics,9034.12,Sunday,January
2021-01-03,Product_2,506.41,11,33.81,Toys,5570.51,Sunday,January
2021-01-03,Product_1,449.59,9,85.81,Books,4046.31,Sunday,January
2021-01-04,Product_4,485.12,28,52.99,Electronics,13583.36,Monday,January
2021-01-04,Product_1,490.32,10,52.18,Clothing,4903.2,Monday,January
2021-01-04,Product_2,500.84,11,87.0,Food,5509.24,Monday,January
2021-01-04,Product_3,418.14,17,82.8,Electronics,7108.38,Monday,January
2021-01-05,Product_2,568.76,12,37.57,Food,6825.12,Tuesday,January
2021-01-05,Product_3,458.81,18,46.63,Electronics,8258.58,Tuesday,January
2021-01-05,Product_1,398.84,8,87.7,Food,3190.72,Tuesday,January
2021-01-05,Product_4,542.41,32,47.81,Electronics,17357.12,Tuesday,January
2021-01-06,Product_1,474.64,10,56.42,Books,4746.4,Wednesday,January
2021-01-06,Product_3,499.94,20,76.8,Toys,9998.8,Wednesday,January
2021-01-06,Product_4,546.9,32,21.57,Toys,17500.8,Wednesday,January
2021-01-06,Product_2,562.79,12,23.04,Books,6753.48,Wednesday,January
2021-01-07,Product_1,448.82,9,42.42,Electronics,4039.38,Thursday,January
2021-01-07,Product_5,215.39,4,76.56,Toys,861.56,Thursday,January
2021-01-07,Product_4,581.03,34,81.96,Electronics,19755.02,Thursday,January
2021-01-07,Product_2,554.97,12,67.18,Toys,6659.64,Thursday,January
2021-01-07,Product_3,450.29,18,54.37,Food,8105.22,Thursday,January
2021-01-08,Product_2,561.24,12,53.27,Clothing,6734.88,Friday,January
2021-01-08,Product_1,522.86,11,87.27,Clothing,5751.46,Friday,January
2021-01-08,Product_3,482.9,19,72.23,Toys,9175.1,Friday,January
2021-01-08,Product_5,184.24,4,47.85,Clothing,736.96,Friday,January
2021-01-08,Product_4,563.76,33,60.63,Books,18604.08,Friday,January
2021-01-09,Product_3,483.5,19,92.64,Books,9186.5,Saturday,January
2021-01-09,Product_1,496.27,10,81.81,Toys,4962.7,Saturday,January
2021-01-09,Product_2,583.55,13,45.83,Books,7586.15,Saturday,January
2021-01-09,Product_4,517.89,30,79.52,Clothing,15536.7,Saturday,January
2021-01-10,Product_4,547.2,32,78.71,Clothing,17510.4,Sunday,January
2021-01-10,Product_3,432.19,17,91.48,Toys,7347.23,Sunday,January
2021-01-10,Product_1,431.83,9,80.33,Toys,3886.47,Sunday,January
2021-01-10,Product_2,492.77,11,90.44,Books,5420.469999999999,Sunday,January
2021-01-11,Product_2,570.61,12,40.04,Toys,6847.32,Monday,January
2021-01-11,Product_4,528.57,31,43.47,Toys,16385.670000000002,Monday,January
2021-01-11,Product_3,416.8,16,31.3,Food,6668.8,Monday,January
2021-01-11,Product_1,442.53,9,90.77,Clothing,3982.77,Monday,January
2021-01-12,Product_3,485.44,19,93.38,Toys,9223.36,Tuesday,January
2021-01-12,Product_1,503.22,11,40.14,Books,5535.42,Tuesday,January
2021-01-12,Product_4,558.56,33,68.53,Food,18432.48,Tuesday,January
2021-01-12,Product_2,528.92,11,42.3,Electronics,5818.12,Tuesday,January
2021-01-13,Product_3,501.02,20,52.22,Books,10020.4,Wednesday,January
2021-01-13,Product_2,586.11,13,67.98,Toys,7619.43,Wednesday,January
2021-01-13,Product_5,235.02,5,80.62,Toys,1175.1,Wednesday,January
2021-01-13,Product_4,491.4,29,28.77,Food,14250.6,Wednesday,January
2021-01-13,Product_1,432.01,9,79.16,Clothing,3888.09,Wednesday,January
2021-01-14,Product_1,530.42,11,83.7,Clothing,5834.62,Thursday,January
2021-01-14,Product_3,453.07,18,21.34,Clothing,8155.26,Thursday,January
2021-01-14,Product_2,588.38,13,79.86,Electronics,7648.94,Thursday,January
2021-01-14,Product_4,592.31,35,68.53,Toys,20730.85,Thursday,January
2021-01-15,Product_3,439.2,17,82.68,Toys,7466.4,Friday,January
2021-01-15,Product_4,579.72,34,53.61,Toys,19710.48,Friday,January
2021-01-15,Product_1,546.92,12,86.12,Clothing,6563.039999999999,Friday,January
2021-01-15,Product_2,618.01,13,76.13,Electronics,8034.13,Friday,January
2021-01-16,Product_1,548.09,12,24.1,Clothing,6577.08,Saturday,January
2021-01-16,Product_4,562.2,33,64.43,Toys,18552.6,Saturday,January
2021-01-16,Product_2,562.33,12,59.63,Clothing,6747.960000000001,Saturday,January
2021-01-16,Product_3,475.04,19,21.36,Toys,9025.76,Saturday,January
2021-01-17,Product_3,451.67,18,38.46,Books,8130.06,Sunday,January
2021-01-17,Product_4,503.38,29,95.74,Toys,14598.02,Sunday,January
2021-01-17,Product_1,458.35,10,58.3,Toys,4583.5,Sunday,January
2021-01-17,Product_2,576.99,12,99.77,Electronics,6923.88,Sunday,January
2021-01-18,Product_4,499.5,29,23.95,Books,14485.5,Monday,January
2021-01-18,Product_3,455.54,18,94.69,Clothing,8199.720000000001,Monday,January
2021-01-18,Product_2,535.58,11,87.08,Toys,5891.38,Monday,January
2021-01-18,Product_1,491.0,10,47.17,Toys,4910.0,Monday,January
2021-01-19,Product_4,496.33,29,64.04,Food,14393.57,Tuesday,January
2021-01-19,Product_3,467.56,19,26.09,Toys,8883.64,Tuesday,January
2021-01-19,Product_1,395.51,8,38.75,Clothing,3164.08,Tuesday,January
2021-01-19,Product_2,562.86,12,72.58,Books,6754.32,Tuesday,January
2021-01-20,Product_3,412.89,16,56.76,Electronics,6606.24,Wednesday,January
2021-01-20,Product_4,549.0,32,73.39,Food,17568.0,Wednesday,January
2021-01-20,Product_1,475.79,10,76.35,Books,4757.900000000001,Wednesday,January
2021-01-20,Product_2,565.32,12,99.23,Food,6783.84,Wednesday,January
2021-01-21,Product_2,589.87,13,92.37,Toys,7668.31,Thursday,January
2021-01-21,Product_1,489.05,10,55.98,Food,4890.5,Thursday,January
2021-01-21,Product_3,478.63,19,99.26,Food,9093.97,Thursday,January
2021-01-21,Product_4,579.32,34,33.56,Books,19696.88,Thursday,January
2021-01-22,Product_4,532.84,31,20.42,Books,16518.04,Friday,January
2021-01-22,Product_3,562.55,22,99.08,Electronics,12376.1,Friday,January
2021-01-22,Product_1,524.07,11,30.98,Food,5764.77,Friday,January
2021-01-22,Product_2,553.59,12,39.42,Toys,6643.08,Friday,January
2021-01-22,Product_5,205.13,4,76.44,Books,820.52,Friday,January
2021-01-23,Product_1,505.62,11,24.08,Books,5561.82,Saturday,January
2021-01-23,Product_2,600.42,13,29.49,Books,7805.459999999999,Saturday,January
2021-01-23,Product_3,502.1,20,74.67,Toys,10042.0,Saturday,January
2021-01-23,Product_4,561.75,33,41.35,Electronics,18537.75,Saturday,January
2021-01-24,Product_2,607.35,13,27.73,Food,7895.55,Sunday,January
2021-01-24,Product_1,483.16,10,85.69,Clothing,4831.6,Sunday,January
2021-01-24,Product_3,479.44,19,75.15,Toys,9109.36,Sunday,January
2021-01-24,Product_4,561.43,33,93.84,Food,18527.19,Sunday,January
2021-01-25,Product_2,568.99,12,86.83,Books,6827.88,Monday,January
2021-01-25,Product_1,424.59,9,84.07,Food,3821.31,Monday,January
2021-01-25,Product_4,559.23,33,80.92,Electronics,18454.59,Monday,January
2021-01-25,Product_3,452.32,18,75.05,Toys,8141.76,Monday,January
2021-01-26,Product_1,435.58,9,81.09,Books,3920.22,Tuesday,January
2021-01-26,Product_2,531.22,11,61.81,Toys,5843.42,Tuesday,January
2021-01-26,Product_4,557.98,33,70.92,Books,18413.34,Tuesday,January
2021-01-26,Product_3,470.8,19,64.19,Food,8945.2,Tuesday,January
2021-01-27,Product_1,504.91,11,66.52,Toys,5554.01,Wednesday,January
2021-01-27,Product_2,598.52,13,38.78,Food,7780.76,Wednesday,January
2021-01-27,Product_4,564.51,33,86.36,Clothing,18628.83,Wednesday,January
2021-01-27,Product_3,473.85,19,26.26,Books,9003.15,Wednesday,January
2021-01-28,Product_1,588.23,12,96.87,Food,7058.76,Thursday,January
2021-01-28,Product_4,585.19,34,51.75,Books,19896.460000000003,Thursday,January
2021-01-28,Product_2,578.57,12,71.85,Toys,6942.84,Thursday,January
2021-01-28,Product_3,495.66,20,91.47,Clothing,9913.2,Thursday,January
2021-01-29,Product_5,186.09,4,48.15,Books,744.36,Friday,January
2021-01-29,Product_4,579.29,34,95.97,Books,19695.86,Friday,January
2021-01-29,Product_3,537.72,21,51.32,Electronics,11292.12,Friday,January
2021-01-29,Product_2,617.79,13,51.01,Electronics,8031.269999999999,Friday,January
2021-01-29,Product_1,546.03,12,86.24,Clothing,6552.36,Friday,January
2021-01-30,Product_3,498.46,20,28.01,Electronics,9969.2,Saturday,January
2021-01-30,Product_2,624.09,13,65.68,Food,8113.17,Saturday,January
2021-01-30,Product_1,525.48,11,59.62,Food,5780.280000000001,Saturday,January
2021-01-30,Product_4,546.55,32,55.79,Electronics,17489.6,Saturday,January
2021-01-31,Product_2,582.95,13,78.35,Clothing,7578.35,Sunday,January
2021-01-31,Product_3,481.46,19,37.04,Clothing,9147.74,Sunday,January
2021-01-31,Product_4,538.96,32,28.14,Clothing,17246.72,Sunday,January
2021-01-31,Product_1,443.44,9,47.72,Food,3990.96,Sunday,January
2021-02-01,Product_1,507.9,11,34.66,Toys,5586.9,Monday,February
2021-02-01,Product_2,540.25,12,86.54,Clothing,6483.0,Monday,February
2021-02-01,Product_3,432.03,17,60.82,Books,7344.509999999999,Monday,February
2021-02-01,Product_4,576.75,34,53.08,Electronics,19609.5,Monday,February
2021-02-02,Product_5,178.26,3,51.29,Toys,534.78,Tuesday,February
2021-02-02,Product_4,499.42,29,26.23,Books,14483.18,Tuesday,February
2021-02-02,Product_3,424.17,17,98.98,Electronics,7210.89,Tuesday,February
2021-02-02,Product_2,546.67,12,77.53,Toys,6560.039999999999,Tuesday,February
2021-02-02,Product_1,463.97,10,20.08,Toys,4639.700000000001,Tuesday,February
2021-02-03,Product_2,565.55,12,51.08,Books,6786.599999999999,Wednesday,February
2021-02-03,Product_4,576.88,34,64.39,Toys,19613.92,Wednesday,February
2021-02-03,Product_3,447.95,18,68.98,Clothing,8063.099999999999,Wednesday,February
2021-02-03,Product_1,512.47,11,46.83,Clothing,5637.17,Wednesday,February
2021-02-04,Product_2,567.37,12,97.95,Clothing,6808.4400000000005,Thursday,February
2021-02-04,Product_1,503.92,11,31.28,Clothing,5543.12,Thursday,February
2021-02-04,Product_3,517.48,21,30.21,Food,10867.08,Thursday,February
2021-02-04,Product_4,592.28,35,69.81,Food,20729.8,Thursday,February
2021-02-05,Product_1,529.98,11,20.99,Books,5829.780000000001,Friday,February
2021-02-05,Product_2,559.05,12,99.07,Electronics,6708.599999999999,Friday,February
2021-02-05,Product_4,569.75,33,69.37,Clothing,18801.75,Friday,February
2021-02-05,Product_3,512.05,20,82.2,Toys,10241.0,Friday,February
2021-02-06,Product_1,511.94,11,84.98,Books,5631.34,Saturday,February
2021-02-06,Product_4,526.34,31,36.95,Toys,16316.54,Saturday,February
2021-02-06,Product_2,571.3,12,20.04,Clothing,6855.599999999999,Saturday,February
2021-02-06,Product_3,474.91,19,59.29,Books,9023.29,Saturday,February
2021-02-07,Product_2,608.45,13,78.06,Toys,7909.85,Sunday,February
2021-02-07,Product_1,503.55,11,42.89,Clothing,5539.05,Sunday,February
2021-02-07,Product_4,572.76,34,89.15,Toys,19473.84,Sunday,February
2021-02-07,Product_3,535.73,21,36.2,Electronics,11250.33,Sunday,February
2021-02-08,Product_4,549.14,32,77.76,Clothing,17572.48,Monday,February
2021-02-08,Product_2,578.06,12,48.65,Toys,6936.719999999999,Monday,February
2021-02-08,Product_1,452.39,9,76.76,Electronics,4071.51,Monday,February
2021-02-08,Product_3,453.84,18,74.2,Electronics,8169.12,Monday,February
2021-02-09,Product_3,477.73,19,97.31,Books,9076.87,Tuesday,February
2021-02-09,Product_2,554.29,12,61.52,Clothing,6651.48,Tuesday,February
2021-02-09,Product_4,566.33,33,51.59,Books,18688.890000000003,Tuesday,February
2021-02-09,Product_1,425.33,9,32.04,Food,3827.97,Tuesday,February
2021-02-10,Product_1,499.57,11,52.87,Toys,5495.27,Wednesday,February
2021-02-10,Product_2,552.12,12,26.39,Toys,6625.4400000000005,Wednesday,February
2021-02-10,Product_5,200.23,4,63.24,Toys,800.92,Wednesday,February
2021-02-10,Product_4,536.48,31,85.01,Books,16630.88,Wednesday,February
2021-02-10,Product_3,475.88,19,24.82,Toys,9041.72,Wednesday,February
2021-02-11,Product_2,619.08,13,84.26,Toys,8048.040000000001,Thursday,February
2021-02-11,Product_5,211.39,4,77.82,Food,845.56,Thursday,February
2021-02-11,Product_4,680.34,40,66.97,Food,27213.6,Thursday,February
2021-02-11,Product_1,585.86,12,38.55,Electronics,7030.32,Thursday,February
2021-02-11,Product_3,525.47,21,86.15,Electronics,11034.87,Thursday,February
2021-02-12,Product_3,524.22,21,74.33,Clothing,11008.62,Friday,February
2021-02-12,Product_4,552.56,32,91.05,Toys,17681.92,Friday,February
2021-02-12,Product_2,628.68,14,46.53,Books,8801.519999999999,Friday,February
2021-02-12,Product_1,465.13,10,27.02,Food,4651.3,Friday,February
2021-02-13,Product_2,617.35,13,34.03,Toys,8025.55,Saturday,February
2021-02-13,Product_1,513.05,11,58.07,Toys,5643.549999999999,Saturday,February
2021-02-13,Product_3,494.97,20,59.65,Electronics,9899.4,Saturday,February
2021-02-13,Product_4,622.81,37,96.76,Food,23043.97,Saturday,February
2021-02-14,Product_4,546.2,32,59.13,Electronics,17478.4,Sunday,February
2021-02-14,Product_3,489.81,19,43.9,Clothing,9306.39,Sunday,February
2021-02-14,Product_2,577.11,12,20.93,Food,6925.32,Sunday,February
2021-02-14,Product_1,527.47,11,55.56,Books,5802.17,Sunday,February
2021-02-15,Product_2,567.52,12,32.68,Electronics,6810.24,Monday,February
2021-02-15,Product_1,501.19,11,38.36,Electronics,5513.09,Monday,February
2021-02-15,Product_3,468.23,19,58.27,Toys,8896.37,Monday,February
2021-02-15,Product_5,206.12,4,40.14,Toys,824.48,Monday,February
2021-02-15,Product_4,524.9,31,80.84,Books,16271.9,Monday,February
2021-02-16,Product_2,591.49,13,96.07,Toys,7689.37,Tuesday,February
2021-02-16,Product_1,530.04,11,47.75,Toys,5830.44,Tuesday,February
2021-02-16,Product_3,479.34,19,34.69,Books,9107.46,Tuesday,February
2021-02-16,Product_4,543.5,32,60.35,Electronics,17392.0,Tuesday,February
2021-02-17,Product_5,194.96,4,47.16,Clothing,779.84,Wednesday,February
2021-02-17,Product_4,565.33,33,44.6,Food,18655.890000000003,Wednesday,February
2021-02-17,Product_3,528.25,21,64.9,Electronics,11093.25,Wednesday,February
2021-02-17,Product_1,521.53,11,40.43,Electronics,5736.83,Wednesday,February
2021-02-17,Product_2,611.47,13,35.31,Clothing,7949.110000000001,Wednesday,February
2021-02-18,Product_4,556.53,33,29.42,Electronics,18365.49,Thursday,February
2021-02-18,Product_5,201.69,4,98.27,Electronics,806.76,Thursday,February
2021-02-18,Product_3,491.46,20,72.15,Electronics,9829.2,Thursday,February
2021-02-18,Product_1,505.86,11,73.83,Toys,5564.46,Thursday,February
2021-02-18,Product_2,614.81,13,64.47,Electronics,7992.529999999999,Thursday,February
2021-02-19,Product_3,474.62,19,56.63,Electronics,9017.78,Friday,February
2021-02-19,Product_5,223.54,4,97.4,Clothing,894.16,Friday,February
2021-02-19,Product_2,614.87,13,56.34,Food,7993.31,Friday,February
2021-02-19,Product_1,516.6,11,98.07,Food,5682.6,Friday,February
2021-02-19,Product_4,547.37,32,29.23,Electronics,17515.84,Friday,February
2021-02-20,Product_2,631.6,14,90.17,Clothing,8842.4,Saturday,February
2021-02-20,Product_4,552.37,32,96.08,Books,17675.84,Saturday,February
2021-02-20,Product_1,492.29,10,49.02,Electronics,4922.900000000001,Saturday,February
2021-02-20,Product_5,174.29,3,44.93,Toys,522.87,Saturday,February
2021-02-20,Product_3,507.14,20,77.1,Food,10142.8,Saturday,February
2021-02-21,Product_2,565.52,12,45.4,Food,6786.24,Sunday,February
2021-02-21,Product_5,192.41,4,64.87,Electronics,769.64,Sunday,February
2021-02-21,Product_3,508.03,20,83.14,Food,10160.6,Sunday,February
2021-02-21,Product_4,551.68,32,62.32,Books,17653.76,Sunday,February
2021-02-21,Product_1,478.4,10,85.23,Electronics,4784.0,Sunday,February
2021-02-22,Product_1,510.03,11,77.91,Toys,5610.33,Monday,February
2021-02-22,Product_3,471.27,19,57.45,Toys,8954.13,Monday,February
2021-02-22,Product_4,505.99,30,98.94,Books,15179.7,Monday,February
2021-02-22,Product_2,630.69,14,22.24,Food,8829.66,Monday,February
2021-02-23,Product_4,517.24,30,80.15,Clothing,15517.2,Tuesday,February
2021-02-23,Product_1,470.36,10,72.89,Clothing,4703.6,Tuesday,February
2021-02-23,Product_2,565.65,12,92.93,Food,6787.799999999999,Tuesday,February
2021-02-23,Product_3,501.3,20,88.58,Toys,10026.0,Tuesday,February
2021-02-24,Product_1,490.1,10,89.82,Books,4901.0,Wednesday,February
2021-02-24,Product_3,538.34,21,61.36,Toys,11305.14,Wednesday,February
2021-02-24,Product_2,612.84,13,59.11,Clothing,7966.92,Wednesday,February
2021-02-24,Product_4,604.02,35,36.93,Electronics,21140.7,Wednesday,February
2021-02-25,Product_3,549.38,22,44.2,Food,12086.36,Thursday,February
2021-02-25,Product_1,536.06,11,68.8,Food,5896.66,Thursday,February
2021-02-25,Product_4,591.88,35,73.71,Books,20715.8,Thursday,February
2021-02-25,Product_2,612.22,13,39.56,Food,7958.860000000001,Thursday,February
2021-02-26,Product_4,625.52,37,60.86,Food,23144.24,Friday,February
2021-02-26,Product_5,173.37,3,76.16,Electronics,520.11,Friday,February
2021-02-26,Product_3,477.46,19,97.55,Clothing,9071.74,Friday,February
2021-02-26,Product_1,514.46,11,96.96,Electronics,5659.06,Friday,February
2021-02-26,Product_2,684.0,15,70.42,Toys,10260.0,Friday,February
2021-02-27,Product_3,508.71,20,96.89,Clothing,10174.2,Saturday,February
2021-02-27,Product_1,527.71,11,98.45,Books,5804.81,Saturday,February
2021-02-27,Product_5,183.62,4,62.79,Clothing,734.48,Saturday,February
2021-02-27,Product_2,597.82,13,21.39,Clothing,7771.660000000001,Saturday,February
2021-02-27,Product_4,581.44,34,60.8,Clothing,19768.960000000003,Saturday,February
2021-02-28,Product_1,544.48,12,58.12,Electronics,6533.76,Sunday,February
2021-02-28,Product_2,565.89,12,27.05,Books,6790.68,Sunday,February
2021-02-28,Product_3,501.66,20,46.13,Books,10033.2,Sunday,February
2021-02-28,Product_4,482.78,28,23.45,Books,13517.84,Sunday,February
2021-02-28,Product_5,184.91,4,54.7,Toys,739.64,Sunday,February
2021-03-01,Product_3,489.61,19,59.08,Clothing,9302.59,Monday,March
2021-03-01,Product_2,577.62,12,54.66,Clothing,6931.4400000000005,Monday,March
2021-03-01,Product_4,584.9,34,24.82,Clothing,19886.6,Monday,March
2021-03-01,Product_1,481.44,10,31.04,Clothing,4814.4,Monday,March
2021-03-02,Product_3,495.08,20,95.93,Food,9901.6,Tuesday,March
2021-03-02,Product_4,562.02,33,48.97,Food,18546.66,Tuesday,March
2021-03-02,Product_1,420.28,9,97.41,Clothing,3782.52,Tuesday,March
2021-03-02,Product_2,570.17,12,62.79,Books,6842.039999999999,Tuesday,March
2021-03-03,Product_2,561.55,12,72.11,Books,6738.599999999999,Wednesday,March
2021-03-03,Product_3,425.72,17,21.17,Electronics,7237.240000000001,Wednesday,March
2021-03-03,Product_1,515.17,11,80.92,Electronics,5666.87,Wednesday,March
2021-03-03,Product_4,594.95,35,43.58,Food,20823.25,Wednesday,March
2021-03-04,Product_4,545.98,32,99.13,Books,17471.36,Thursday,March
2021-03-04,Product_1,508.51,11,43.98,Food,5593.61,Thursday,March
2021-03-04,Product_2,621.3,13,53.15,Toys,8076.9,Thursday,March
2021-03-04,Product_3,504.44,20,60.82,Electronics,10088.8,Thursday,March
2021-03-05,Product_4,607.85,36,98.09,Books,21882.6,Friday,March
2021-03-05,Product_1,511.42,11,93.0,Electronics,5625.62,Friday,March
2021-03-05,Product_2,655.42,14,99.74,Clothing,9175.88,Friday,March
2021-03-05,Product_5,187.58,4,51.77,Books,750.32,Friday,March
2021-03-05,Product_3,504.56,20,69.09,Books,10091.2,Friday,March
2021-03-06,Product_5,227.34,4,45.89,Clothing,909.36,Saturday,March
2021-03-06,Product_3,496.97,20,72.17,Food,9939.4,Saturday,March
2021-03-06,Product_2,609.37,13,72.44,Clothing,7921.81,Saturday,March
2021-03-06,Product_4,532.89,31,81.92,Food,16519.59,Saturday,March
2021-03-06,Product_1,537.36,11,73.38,Clothing,5910.96,Saturday,March
2021-03-07,Product_3,473.61,19,91.19,Electronics,8998.59,Sunday,March
2021-03-07,Product_5,186.75,4,55.78,Food,747.0,Sunday,March
2021-03-07,Product_4,577.15,34,79.71,Electronics,19623.1,Sunday,March
2021-03-07,Product_1,469.87,10,82.66,Food,4698.7,Sunday,March
2021-03-07,Product_2,635.08,14,29.6,Food,8891.12,Sunday,March
2021-03-08,Product_4,637.01,37,23.28,Food,23569.37,Monday,March
2021-03-08,Product_3,438.89,17,49.34,Books,7461.13,Monday,March
2021-03-08,Product_2,568.59,12,64.18,Food,6823.08,Monday,March
2021-03-08,Product_1,532.46,11,91.53,Clothing,5857.06,Monday,March
2021-03-09,Product_2,556.2,12,27.9,Electronics,6674.400000000001,Tuesday,March
2021-03-09,Product_3,478.24,19,57.32,Food,9086.56,Tuesday,March
2021-03-09,Product_4,497.24,29,48.98,Books,14419.96,Tuesday,March
2021-03-09,Product_1,584.12,12,40.77,Clothing,7009.4400000000005,Tuesday,March
2021-03-09,Product_5,194.41,4,81.69,Clothing,777.64,Tuesday,March
2021-03-10,Product_2,584.66,13,58.61,Clothing,7600.58,Wednesday,March
2021-03-10,Product_3,515.64,20,48.92,Toys,10312.8,Wednesday,March
2021-03-10,Product_1,561.41,12,83.21,Clothing,6736.92,Wednesday,March
2021-03-10,Product_4,532.59,31,31.66,Food,16510.29,Wednesday,March
2021-03-11,Product_1,520.39,11,96.06,Electronics,5724.29,Thursday,March
2021-03-11,Product_3,510.52,20,76.04,Electronics,10210.4,Thursday,March
2021-03-11,Product_4,596.06,35,42.79,Food,20862.1,Thursday,March
2021-03-11,Product_2,612.62,13,28.4,Clothing,7964.06,Thursday,March
2021-03-12,Product_4,643.87,38,95.54,Clothing,24467.06,Friday,March
2021-03-12,Product_1,537.78,11,37.2,Clothing,5915.58,Friday,March
2021-03-12,Product_2,666.6,14,67.82,Books,9332.4,Friday,March
2021-03-12,Product_3,504.84,20,95.99,Toys,10096.8,Friday,March
2021-03-12,Product_5,197.52,4,42.86,Food,790.08,Friday,March
2021-03-13,Product_4,541.86,32,73.19,Electronics,17339.52,Saturday,March
2021-03-13,Product_1,501.71,11,78.41,Toys,5518.81,Saturday,March
2021-03-13,Product_2,588.74,13,53.18,Books,7653.62,Saturday,March
2021-03-13,Product_3,519.09,21,32.88,Food,10900.89,Saturday,March
2021-03-14,Product_1,541.38,11,42.4,Books,5955.18,Sunday,March
2021-03-14,Product_4,568.22,33,81.26,Books,18751.26,Sunday,March
2021-03-14,Product_2,613.28,13,51.07,Electronics,7972.639999999999,Sunday,March
2021-03-14,Product_3,517.51,21,69.61,Electronics,10867.71,Sunday,March
2021-03-15,Product_3,488.2,19,57.62,Toys,9275.8,Monday,March
2021-03-15,Product_1,497.59,10,87.43,Electronics,4975.9,Monday,March
2021-03-15,Product_2,651.15,14,73.26,Food,9116.1,Monday,March
2021-03-15,Product_4,519.62,30,93.38,Toys,15588.6,Monday,March
2021-03-16,Product_3,533.79,21,67.29,Electronics,11209.59,Tuesday,March
2021-03-16,Product_4,555.82,33,45.55,Electronics,18342.06,Tuesday,March
2021-03-16,Product_1,606.74,13,98.4,Books,7887.62,Tuesday,March
2021-03-16,Product_5,215.37,4,54.24,Clothing,861.48,Tuesday,March
2021-03-16,Product_2,568.33,12,59.8,Food,6819.960000000001,Tuesday,March
2021-03-17,Product_5,205.62,4,29.68,Toys,822.48,Wednesday,March
2021-03-17,Product_2,607.21,13,41.56,Clothing,7893.73,Wednesday,March
2021-03-17,Product_4,551.57,32,73.83,Electronics,17650.24,Wednesday,March
2021-03-17,Product_3,567.6,23,34.31,Electronics,13054.8,Wednesday,March
2021-03-17,Product_1,589.53,13,85.21,Electronics,7663.889999999999,Wednesday,March
2021-03-18,Product_3,536.14,21,25.15,Electronics,11258.94,Thursday,March
2021-03-18,Product_5,213.83,4,80.52,Electronics,855.32,Thursday,March
2021-03-18,Product_2,627.29,14,80.89,Toys,8782.06,Thursday,March
2021-03-18,Product_1,530.39,11,37.69,Food,5834.29,Thursday,March
2021-03-18,Product_4,570.5,33,80.32,Clothing,18826.5,Thursday,March
2021-03-19,Product_3,543.66,22,39.04,Electronics,11960.52,Friday,March
2021-03-19,Product_5,185.72,4,88.8,Toys,742.88,Friday,March
2021-03-19,Product_2,639.09,14,41.35,Food,8947.26,Friday,March
2021-03-19,Product_4,578.03,34,98.32,Books,19653.02,Friday,March
2021-03-19,Product_1,623.31,13,57.28,Food,8103.029999999999,Friday,March
2021-03-20,Product_5,188.38,4,97.15,Books,753.52,Saturday,March
2021-03-20,Product_2,660.64,14,36.58,Food,9248.96,Saturday,March
2021-03-20,Product_4,579.96,34,58.78,Books,19718.64,Saturday,March
2021-03-20,Product_3,507.52,20,53.26,Books,10150.4,Saturday,March
2021-03-20,Product_1,511.0,11,49.2,Toys,5621.0,Saturday,March
2021-03-21,Product_1,498.07,11,67.81,Books,5478.77,Sunday,March
2021-03-21,Product_3,525.07,21,20.95,Books,11026.47,Sunday,March
2021-03-21,Product_2,632.26,14,37.61,Clothing,8851.64,Sunday,March
2021-03-21,Product_4,570.04,33,51.94,Clothing,18811.32,Sunday,March
2021-03-22,Product_1,560.25,12,42.75,Food,6723.0,Monday,March
2021-03-22,Product_3,539.82,21,55.68,Books,11336.22,Monday,March
2021-03-22,Product_2,638.76,14,96.02,Books,8942.64,Monday,March
2021-03-22,Product_4,526.71,31,27.68,Books,16328.010000000002,Monday,March
2021-03-23,Product_1,517.54,11,95.63,Electronics,5692.94,Tuesday,March
2021-03-23,Product_3,538.56,21,89.22,Books,11309.759999999998,Tuesday,March
2021-03-23,Product_2,594.68,13,45.54,Food,7730.839999999999,Tuesday,March
2021-03-23,Product_4,568.07,33,93.67,Food,18746.31,Tuesday,March
2021-03-24,Product_1,568.43,12,80.62,Books,6821.16,Wednesday,March
2021-03-24,Product_2,609.85,13,57.67,Clothing,7928.05,Wednesday,March
2021-03-24,Product_3,494.78,20,40.37,Food,9895.6,Wednesday,March
2021-03-24,Product_4,562.74,33,39.96,Clothing,18570.42,Wednesday,March
2021-03-25,Product_4,589.9,35,82.81,Toys,20646.5,Thursday,March
2021-03-25,Product_1,514.9,11,35.66,Clothing,5663.9,Thursday,March
2021-03-25,Product_2,585.71,13,58.19,Toys,7614.23,Thursday,March
2021-03-25,Product_5,217.76,4,70.99,Clothing,871.04,Thursday,March
2021-03-25,Product_3,516.03,21,43.42,Books,10836.63,Thursday,March
2021-03-26,Product_2,636.68,14,79.24,Food,8913.519999999999,Friday,March
2021-03-26,Product_3,531.81,21,88.62,Toys,11168.009999999998,Friday,March
2021-03-26,Product_4,610.35,36,62.41,Clothing,21972.6,Friday,March
2021-03-26,Product_5,191.96,4,33.65,Food,767.84,Friday,March
2021-03-26,Product_1,508.89,11,44.12,Food,5597.79,Friday,March
2021-03-27,Product_2,631.06,14,93.22,Clothing,8834.84,Saturday,March
2021-03-27,Product_3,541.23,22,46.32,Clothing,11907.06,Saturday,March
2021-03-27,Product_4,595.97,35,27.75,Books,20858.95,Saturday,March
2021-03-27,Product_1,518.0,11,89.16,Food,5698.0,Saturday,March
2021-03-27,Product_5,215.07,4,96.05,Electronics,860.28,Saturday,March
2021-03-28,Product_4,514.91,30,66.28,Electronics,15447.3,Sunday,March
2021-03-28,Product_2,601.11,13,98.02,Clothing,7814.43,Sunday,March
2021-03-28,Product_5,221.47,4,76.13,Clothing,885.88,Sunday,March
2021-03-28,Product_3,507.32,20,22.33,Books,10146.4,Sunday,March
2021-03-28,Product_1,498.78,11,67.91,Electronics,5486.58,Sunday,March
2021-03-29,Product_3,512.52,20,30.33,Toys,10250.4,Monday,March
2021-03-29,Product_2,621.11,13,24.04,Books,8074.43,Monday,March
2021-03-29,Product_1,542.37,11,50.48,Electronics,5966.07,Monday,March
2021-03-29,Product_4,583.43,34,26.43,Toys,19836.62,Monday,March
2021-03-30,Product_3,454.45,18,37.99,Food,8180.099999999999,Tuesday,March
2021-03-30,Product_1,478.5,10,52.83,Toys,4785.0,Tuesday,March
2021-03-30,Product_4,563.83,33,99.95,Books,18606.390000000003,Tuesday,March
2021-03-30,Product_2,569.73,12,62.85,Clothing,6836.76,Tuesday,March
2021-03-31,Product_4,583.65,34,64.42,Books,19844.1,Wednesday,March
2021-03-31,Product_1,564.38,12,58.46,Books,6772.56,Wednesday,March
2021-03-31,Product_3,494.51,20,49.77,Food,9890.2,Wednesday,March
2021-03-31,Product_2,600.3,13,70.83,Food,7803.9,Wednesday,March
2021-04-01,Product_4,583.56,34,24.2,Electronics,19841.04,Thursday,April
2021-04-01,Product_3,537.88,21,73.53,Books,11295.48,Thursday,April
2021-04-01,Product_2,650.22,14,51.13,Toys,9103.08,Thursday,April
2021-04-01,Product_5,191.63,4,69.85,Electronics,766.52,Thursday,April
2021-04-01,Product_1,544.23,12,35.78,Electronics,6530.76,Thursday,April
2021-04-02,Product_3,511.19,20,96.21,Books,10223.8,Friday,April
2021-04-02,Product_1,567.14,12,53.19,Toys,6805.68,Friday,April
2021-04-02,Product_4,611.71,36,49.6,Toys,22021.56,Friday,April
2021-04-02,Product_5,206.92,4,43.36,Clothing,827.68,Friday,April
2021-04-02,Product_2,618.65,13,79.32,Books,8042.45,Friday,April
2021-04-03,Product_5,183.45,4,23.77,Books,733.8,Saturday,April
2021-04-03,Product_4,617.52,36,36.03,Food,22230.72,Saturday,April
2021-04-03,Product_1,539.65,11,80.06,Books,5936.15,Saturday,April
2021-04-03,Product_3,552.25,22,52.27,Food,12149.5,Saturday,April
2021-04-03,Product_2,596.62,13,77.63,Electronics,7756.06,Saturday,April
2021-04-04,Product_1,523.94,11,88.51,Books,5763.34,Sunday,April
2021-04-04,Product_4,598.64,35,35.01,Food,20952.4,Sunday,April
2021-04-04,Product_3,526.98,21,91.04,Electronics,11066.58,Sunday,April
2021-04-04,Product_2,578.71,12,37.97,Books,6944.52,Sunday,April
2021-04-05,Product_3,476.46,19,51.63,Electronics,9052.74,Monday,April
2021-04-05,Product_4,551.69,32,62.33,Electronics,17654.08,Monday,April
2021-04-05,Product_2,618.03,13,24.94,Books,8034.389999999999,Monday,April
2021-04-05,Product_5,221.99,4,89.51,Toys,887.96,Monday,April
2021-04-05,Product_1,509.54,11,59.77,Books,5604.9400000000005,Monday,April
2021-04-06,Product_3,543.03,22,24.39,Electronics,11946.66,Tuesday,April
2021-04-06,Product_1,558.13,12,98.94,Electronics,6697.56,Tuesday,April
2021-04-06,Product_4,514.45,30,40.68,Books,15433.500000000002,Tuesday,April
2021-04-06,Product_2,582.67,13,83.13,Food,7574.709999999999,Tuesday,April
2021-04-07,Product_1,584.57,12,38.26,Toys,7014.84,Wednesday,April
2021-04-07,Product_3,535.12,21,51.28,Books,11237.52,Wednesday,April
2021-04-07,Product_2,599.27,13,54.09,Toys,7790.51,Wednesday,April
2021-04-07,Product_4,549.28,32,68.61,Toys,17576.96,Wednesday,April
2021-04-08,Product_3,519.31,21,76.05,Toys,10905.509999999998,Thursday,April
2021-04-08,Product_2,587.16,13,32.85,Books,7633.08,Thursday,April
2021-04-08,Product_1,546.63,12,56.39,Clothing,6559.56,Thursday,April
2021-04-08,Product_4,537.02,31,65.18,Food,16647.62,Thursday,April
2021-04-08,Product_5,217.99,4,43.59,Books,871.96,Thursday,April
2021-04-09,Product_3,583.33,23,87.09,Food,13416.59,Friday,April
2021-04-09,Product_1,566.35,12,81.97,Toys,6796.200000000001,Friday,April
2021-04-09,Product_5,207.38,4,98.72,Toys,829.52,Friday,April
2021-04-09,Product_2,608.7,13,89.43,Food,7913.1,Friday,April
2021-04-09,Product_4,651.0,38,48.25,Electronics,24738.0,Friday,April
2021-04-10,Product_1,538.72,11,63.46,Clothing,5925.92,Saturday,April
2021-04-10,Product_3,558.14,22,71.12,Toys,12279.08,Saturday,April
2021-04-10,Product_4,622.94,37,96.0,Electronics,23048.78,Saturday,April
2021-04-10,Product_2,617.49,13,87.86,Clothing,8027.37,Saturday,April
2021-04-11,Product_4,515.56,30,59.96,Books,15466.8,Sunday,April
2021-04-11,Product_2,616.87,13,80.52,Clothing,8019.31,Sunday,April
2021-04-11,Product_3,493.61,20,65.0,Food,9872.2,Sunday,April
2021-04-11,Product_5,208.32,4,35.56,Toys,833.28,Sunday,April
2021-04-11,Product_1,566.73,12,70.29,Food,6800.76,Sunday,April
2021-04-12,Product_2,605.87,13,84.55,Food,7876.31,Monday,April
2021-04-12,Product_4,588.52,34,59.46,Books,20009.68,Monday,April
2021-04-12,Product_1,509.77,11,72.66,Toys,5607.469999999999,Monday,April
2021-04-12,Product_3,534.7,21,61.46,Electronics,11228.7,Monday,April
2021-04-13,Product_3,497.7,20,43.15,Food,9954.0,Tuesday,April
2021-04-13,Product_4,628.99,37,62.03,Toys,23272.63,Tuesday,April
2021-04-13,Product_1,537.68,11,61.92,Clothing,5914.48,Tuesday,April
2021-04-13,Product_2,572.6,12,32.09,Toys,6871.200000000001,Tuesday,April
2021-04-14,Product_1,513.7,11,81.19,Clothing,5650.700000000001,Wednesday,April
2021-04-14,Product_3,525.52,21,56.92,Toys,11035.92,Wednesday,April
2021-04-14,Product_2,573.14,12,30.49,Electronics,6877.68,Wednesday,April
2021-04-14,Product_4,590.11,35,26.35,Clothing,20653.85,Wednesday,April
2021-04-15,Product_1,577.96,12,43.89,Toys,6935.52,Thursday,April
2021-04-15,Product_5,219.9,4,83.12,Books,879.6,Thursday,April
2021-04-15,Product_2,621.38,13,70.81,Toys,8077.94,Thursday,April
2021-04-15,Product_4,584.3,34,85.26,Clothing,19866.2,Thursday,April
2021-04-15,Product_3,479.05,19,35.32,Electronics,9101.95,Thursday,April
2021-04-16,Product_5,242.63,5,60.0,Electronics,1213.15,Friday,April
2021-04-16,Product_4,575.45,34,93.21,Books,19565.300000000003,Friday,April
2021-04-16,Product_2,604.44,13,33.17,Clothing,7857.720000000001,Friday,April
2021-04-16,Product_1,479.11,10,29.4,Food,4791.1,Friday,April
2021-04-16,Product_3,522.03,21,79.84,Clothing,10962.63,Friday,April
2021-04-17,Product_2,610.06,13,30.15,Toys,7930.779999999999,Saturday,April
2021-04-17,Product_1,541.49,11,54.16,Electronics,5956.39,Saturday,April
2021-04-17,Product_4,622.1,36,72.33,Books,22395.6,Saturday,April
2021-04-17,Product_3,536.91,21,55.31,Food,11275.11,Saturday,April
2021-04-18,Product_5,217.91,4,97.01,Toys,871.64,Sunday,April
2021-04-18,Product_2,577.91,12,32.13,Clothing,6934.92,Sunday,April
2021-04-18,Product_1,509.01,11,51.8,Books,5599.11,Sunday,April
2021-04-18,Product_4,609.67,36,51.12,Food,21948.12,Sunday,April
2021-04-18,Product_3,508.32,20,32.08,Books,10166.4,Sunday,April
2021-04-19,Product_2,586.1,13,67.7,Toys,7619.3,Monday,April
2021-04-19,Product_3,502.6,20,26.3,Electronics,10052.0,Monday,April
2021-04-19,Product_1,480.46,10,55.89,Clothing,4804.599999999999,Monday,April
2021-04-19,Product_4,567.23,33,70.63,Clothing,18718.59,Monday,April
2021-04-20,Product_2,577.53,12,90.23,Electronics,6930.36,Tuesday,April
2021-04-20,Product_3,594.22,24,92.83,Books,14261.28,Tuesday,April
2021-04-20,Product_4,540.02,32,74.62,Electronics,17280.64,Tuesday,April
2021-04-20,Product_1,493.68,10,23.63,Books,4936.8,Tuesday,April
2021-04-21,Product_3,557.88,22,23.82,Clothing,12273.36,Wednesday,April
2021-04-21,Product_2,601.84,13,57.3,Toys,7823.92,Wednesday,April
2021-04-21,Product_1,518.89,11,44.42,Electronics,5707.79,Wednesday,April
2021-04-21,Product_4,608.98,36,63.35,Toys,21923.28,Wednesday,April
2021-04-22,Product_5,229.53,5,49.15,Clothing,1147.65,Thursday,April
2021-04-22,Product_1,571.8,12,41.68,Electronics,6861.599999999999,Thursday,April
2021-04-22,Product_4,591.38,35,88.67,Toys,20698.3,Thursday,April
2021-04-22,Product_2,615.15,13,98.5,Electronics,7996.95,Thursday,April
2021-04-22,Product_3,529.23,21,71.0,Clothing,11113.83,Thursday,April
2021-04-23,Product_2,643.16,14,35.84,Toys,9004.24,Friday,April
2021-04-23,Product_3,546.65,22,96.05,Toys,12026.3,Friday,April
2021-04-23,Product_4,673.98,40,53.32,Electronics,26959.2,Friday,April
2021-04-23,Product_5,337.05,7,98.86,Electronics,2359.35,Friday,April
2021-04-23,Product_1,516.96,11,21.95,Toys,5686.56,Friday,April
2021-04-24,Product_3,494.27,20,45.59,Food,9885.4,Saturday,April
2021-04-24,Product_1,514.55,11,44.47,Clothing,5660.049999999999,Saturday,April
2021-04-24,Product_2,622.97,13,65.0,Electronics,8098.610000000001,Saturday,April
2021-04-24,Product_4,561.4,33,85.65,Toys,18526.2,Saturday,April
2021-04-24,Product_5,213.96,4,80.55,Food,855.84,Saturday,April
2021-04-25,Product_3,551.13,22,36.19,Electronics,12124.86,Sunday,April
2021-04-25,Product_1,514.73,11,73.22,Books,5662.030000000001,Sunday,April
2021-04-25,Product_4,607.86,36,29.64,Toys,21882.96,Sunday,April
2021-04-25,Product_2,628.03,14,55.6,Books,8792.42,Sunday,April
2021-04-26,Product_3,515.28,20,68.67,Clothing,10305.6,Monday,April
2021-04-26,Product_4,675.32,40,57.8,Food,27012.800000000003,Monday,April
2021-04-26,Product_1,553.78,12,51.58,Books,6645.36,Monday,April
2021-04-26,Product_2,584.21,13,67.72,Electronics,7594.73,Monday,April
2021-04-27,Product_4,543.26,32,35.09,Toys,17384.32,Tuesday,April
2021-04-27,Product_2,560.12,12,90.96,Books,6721.4400000000005,Tuesday,April
2021-04-27,Product_1,494.15,10,89.3,Books,4941.5,Tuesday,April
2021-04-27,Product_3,514.98,20,92.85,Toys,10299.6,Tuesday,April
2021-04-28,Product_5,192.63,4,81.0,Food,770.52,Wednesday,April
2021-04-28,Product_1,533.41,11,21.0,Food,5867.509999999999,Wednesday,April
2021-04-28,Product_3,502.72,20,72.99,Toys,10054.4,Wednesday,April
2021-04-28,Product_4,539.39,32,60.95,Food,17260.48,Wednesday,April
2021-04-28,Product_2,621.7,13,83.79,Toys,8082.1,Wednesday,April
2021-04-29,Product_4,581.02,34,33.49,Toys,19754.68,Thursday,April
2021-04-29,Product_3,559.97,22,72.1,Books,12319.34,Thursday,April
2021-04-29,Product_1,590.5,13,68.74,Electronics,7676.5,Thursday,April
2021-04-29,Product_2,640.62,14,40.02,Electronics,8968.68,Thursday,April
2021-04-29,Product_5,245.64,5,76.82,Electronics,1228.1999999999998,Thursday,April
2021-04-30,Product_3,477.97,19,28.88,Toys,9081.43,Friday,April
2021-04-30,Product_4,572.91,34,82.51,Clothing,19478.94,Friday,April
2021-04-30,Product_2,651.33,14,49.52,Food,9118.62,Friday,April
2021-04-30,Product_1,608.47,13,91.38,Toys,7910.110000000001,Friday,April
2021-04-30,Product_5,256.87,5,34.02,Clothing,1284.35,Friday,April
2021-05-01,Product_3,421.88,17,87.4,Food,7171.96,Saturday,May
2021-05-01,Product_4,573.24,34,69.13,Toys,19490.16,Saturday,May
2021-05-01,Product_1,578.34,12,37.09,Food,6940.08,Saturday,May
2021-05-01,Product_2,639.91,14,68.03,Books,8958.74,Saturday,May
2021-05-01,Product_5,207.68,4,22.9,Clothing,830.72,Saturday,May
2021-05-02,Product_1,461.52,10,29.88,Books,4615.2,Sunday,May
2021-05-02,Product_3,589.77,24,89.69,Clothing,14154.48,Sunday,May
2021-05-02,Product_2,612.68,13,98.89,Electronics,7964.839999999999,Sunday,May
2021-05-02,Product_4,547.14,32,29.58,Clothing,17508.48,Sunday,May
2021-05-03,Product_3,445.13,18,61.05,Toys,8012.34,Monday,May
2021-05-03,Product_5,202.34,4,58.9,Toys,809.36,Monday,May
2021-05-03,Product_2,620.0,13,28.51,Food,8060.0,Monday,May
2021-05-03,Product_1,515.24,11,25.61,Electronics,5667.64,Monday,May
2021-05-03,Product_4,598.52,35,67.87,Electronics,20948.2,Monday,May
2021-05-04,Product_2,533.01,11,73.17,Electronics,5863.11,Tuesday,May
2021-05-04,Product_1,504.3,11,73.89,Toys,5547.3,Tuesday,May
2021-05-04,Product_3,445.84,18,78.33,Electronics,8025.12,Tuesday,May
2021-05-04,Product_4,545.16,32,74.5,Toys,17445.12,Tuesday,May
2021-05-05,Product_4,535.81,31,33.57,Electronics,16610.109999999997,Wednesday,May
2021-05-05,Product_5,193.67,4,51.22,Clothing,774.68,Wednesday,May
2021-05-05,Product_3,522.59,21,29.62,Food,10974.39,Wednesday,May
2021-05-05,Product_2,596.56,13,36.02,Books,7755.279999999999,Wednesday,May
2021-05-05,Product_1,549.1,12,26.19,Food,6589.200000000001,Wednesday,May
2021-05-06,Product_4,582.26,34,88.25,Books,19796.84,Thursday,May
2021-05-06,Product_3,486.84,19,57.09,Electronics,9249.96,Thursday,May
2021-05-06,Product_1,569.36,12,68.24,Clothing,6832.32,Thursday,May
2021-05-06,Product_5,251.4,5,45.72,Clothing,1257.0,Thursday,May
2021-05-06,Product_2,617.66,13,88.09,Books,8029.58,Thursday,May
2021-05-07,Product_2,580.16,12,63.53,Clothing,6961.92,Friday,May
2021-05-07,Product_5,198.28,4,35.52,Toys,793.12,Friday,May
2021-05-07,Product_3,570.34,23,53.18,Books,13117.820000000002,Friday,May
2021-05-07,Product_1,509.89,11,36.88,Toys,5608.79,Friday,May
2021-05-07,Product_4,622.37,37,24.46,Food,23027.69,Friday,May
2021-05-08,Product_4,602.61,35,23.19,Clothing,21091.35,Saturday,May
2021-05-08,Product_3,498.26,20,99.36,Electronics,9965.2,Saturday,May
2021-05-08,Product_2,621.71,13,88.38,Electronics,8082.23,Saturday,May
2021-05-08,Product_1,522.8,11,45.42,Toys,5750.799999999999,Saturday,May
2021-05-09,Product_4,574.0,34,83.66,Toys,19516.0,Sunday,May
2021-05-09,Product_1,507.33,11,42.43,Food,5580.63,Sunday,May
2021-05-09,Product_5,177.06,3,64.51,Food,531.1800000000001,Sunday,May
2021-05-09,Product_2,544.31,12,92.24,Electronics,6531.719999999999,Sunday,May
2021-05-09,Product_3,486.17,19,98.28,Books,9237.23,Sunday,May
2021-05-10,Product_1,508.82,11,27.17,Toys,5597.02,Monday,May
2021-05-10,Product_4,519.79,30,53.95,Books,15593.7,Monday,May
2021-05-10,Product_3,535.72,21,98.78,Books,11250.12,Monday,May
2021-05-10,Product_2,590.88,13,84.42,Toys,7681.44,Monday,May
2021-05-10,Product_5,177.77,3,94.24,Food,533.3100000000001,Monday,May
2021-05-11,Product_2,528.68,11,39.87,Books,5815.48,Tuesday,May
2021-05-11,Product_4,583.27,34,70.95,Books,19831.18,Tuesday,May
2021-05-11,Product_1,526.86,11,26.26,Toys,5795.46,Tuesday,May
2021-05-11,Product_3,524.62,21,22.55,Clothing,11017.02,Tuesday,May
2021-05-12,Product_2,593.39,13,51.89,Electronics,7714.07,Wednesday,May
2021-05-12,Product_4,561.15,33,84.99,Toys,18517.95,Wednesday,May
2021-05-12,Product_3,576.55,23,96.77,Clothing,13260.65,Wednesday,May
2021-05-12,Product_1,547.18,12,67.81,Clothing,6566.16,Wednesday,May
2021-05-13,Product_2,637.16,14,20.38,Clothing,8920.24,Thursday,May
2021-05-13,Product_3,538.8,21,42.34,Food,11314.8,Thursday,May
2021-05-13,Product_1,561.0,12,75.01,Toys,6732.0,Thursday,May
2021-05-13,Product_4,613.29,36,64.43,Books,22078.44,Thursday,May
2021-05-14,Product_5,220.67,4,56.88,Food,882.68,Friday,May
2021-05-14,Product_1,526.07,11,33.83,Electronics,5786.77,Friday,May
2021-05-14,Product_3,533.05,21,56.13,Food,11194.05,Friday,May
2021-05-14,Product_4,627.8,37,32.95,Food,23228.6,Friday,May
2021-05-14,Product_2,576.6,12,93.14,Toys,6919.200000000001,Friday,May
2021-05-15,Product_1,509.6,11,91.84,Books,5605.6,Saturday,May
2021-05-15,Product_4,595.02,35,32.1,Electronics,20825.7,Saturday,May
2021-05-15,Product_2,656.22,14,65.37,Food,9187.08,Saturday,May
2021-05-15,Product_3,518.77,21,64.79,Books,10894.17,Saturday,May
2021-05-15,Product_5,211.4,4,78.69,Books,845.6,Saturday,May
2021-05-16,Product_2,562.84,12,24.11,Books,6754.08,Sunday,May
2021-05-16,Product_3,476.38,19,38.02,Books,9051.22,Sunday,May
2021-05-16,Product_5,293.02,6,77.68,Toys,1758.12,Sunday,May
2021-05-16,Product_1,480.17,10,22.59,Clothing,4801.7,Sunday,May
2021-05-16,Product_4,577.82,34,71.62,Clothing,19645.88,Sunday,May
2021-05-17,Product_1,471.47,10,98.17,Clothing,4714.700000000001,Monday,May
2021-05-17,Product_3,507.46,20,70.77,Clothing,10149.2,Monday,May
2021-05-17,Product_4,544.9,32,59.7,Clothing,17436.8,Monday,May
2021-05-17,Product_2,615.38,13,60.92,Toys,7999.94,Monday,May
2021-05-18,Product_3,510.81,20,85.98,Books,10216.2,Tuesday,May
2021-05-18,Product_1,497.16,10,43.09,Food,4971.6,Tuesday,May
2021-05-18,Product_2,597.49,13,66.7,Books,7767.37,Tuesday,May
2021-05-18,Product_4,641.91,38,91.47,Food,24392.58,Tuesday,May
2021-05-19,Product_1,469.72,10,54.65,Books,4697.200000000001,Wednesday,May
2021-05-19,Product_5,174.6,3,47.24,Clothing,523.8,Wednesday,May
2021-05-19,Product_4,573.4,34,89.01,Books,19495.6,Wednesday,May
2021-05-19,Product_3,513.71,20,31.76,Clothing,10274.2,Wednesday,May
2021-05-19,Product_2,613.84,13,40.86,Books,7979.92,Wednesday,May
2021-05-20,Product_3,569.86,23,40.96,Clothing,13106.78,Thursday,May
2021-05-20,Product_4,589.41,35,50.7,Toys,20629.35,Thursday,May
2021-05-20,Product_2,574.29,12,83.57,Clothing,6891.48,Thursday,May
2021-05-20,Product_1,506.67,11,91.63,Toys,5573.37,Thursday,May
2021-05-21,Product_3,572.08,23,34.57,Books,13157.84,Friday,May
2021-05-21,Product_2,632.19,14,53.13,Electronics,8850.66,Friday,May
2021-05-21,Product_4,585.54,34,96.5,Electronics,19908.36,Friday,May
2021-05-21,Product_1,518.7,11,22.42,Food,5705.700000000001,Friday,May
2021-05-21,Product_5,173.67,3,72.96,Books,521.01,Friday,May
2021-05-22,Product_4,563.26,33,75.08,Food,18587.58,Saturday,May
2021-05-22,Product_1,529.09,11,87.0,Books,5819.990000000001,Saturday,May
2021-05-22,Product_2,646.53,14,75.01,Electronics,9051.42,Saturday,May
2021-05-22,Product_5,185.34,4,40.42,Food,741.36,Saturday,May
2021-05-22,Product_3,497.91,20,66.08,Electronics,9958.2,Saturday,May
2021-05-23,Product_3,468.88,19,94.4,Electronics,8908.72,Sunday,May
2021-05-23,Product_2,581.68,13,38.65,Food,7561.839999999999,Sunday,May
2021-05-23,Product_1,482.08,10,78.11,Clothing,4820.8,Sunday,May
2021-05-23,Product_4,608.38,36,62.41,Electronics,21901.68,Sunday,May
2021-05-24,Product_3,489.47,19,37.81,Food,9299.93,Monday,May
2021-05-24,Product_1,499.39,11,76.65,Books,5493.29,Monday,May
2021-05-24,Product_2,603.52,13,35.42,Electronics,7845.76,Monday,May
2021-05-24,Product_4,587.05,34,64.89,Toys,19959.7,Monday,May
2021-05-25,Product_3,510.04,20,45.61,Electronics,10200.8,Tuesday,May
2021-05-25,Product_2,618.84,13,91.47,Toys,8044.92,Tuesday,May
2021-05-25,Product_1,457.23,10,42.18,Clothing,4572.3,Tuesday,May
2021-05-25,Product_4,567.01,33,81.97,Books,18711.33,Tuesday,May
2021-05-26,Product_2,597.04,13,99.18,Food,7761.519999999999,Wednesday,May
2021-05-26,Product_4,599.85,35,99.91,Clothing,20994.75,Wednesday,May
2021-05-26,Product_3,580.9,23,94.61,Toys,13360.7,Wednesday,May
2021-05-26,Product_1,525.32,11,30.61,Books,5778.52,Wednesday,May
2021-05-27,Product_2,612.55,13,25.71,Clothing,7963.15,Thursday,May
2021-05-27,Product_5,213.1,4,70.52,Books,852.4,Thursday,May
2021-05-27,Product_3,543.22,22,20.08,Food,11950.84,Thursday,May
2021-05-27,Product_1,515.94,11,29.92,Electronics,5675.34,Thursday,May
2021-05-27,Product_4,585.98,34,92.01,Toys,19923.32,Thursday,May
2021-05-28,Product_4,666.95,39,56.3,Books,26011.050000000003,Friday,May
2021-05-28,Product_3,527.85,21,98.1,Food,11084.85,Friday,May
2021-05-28,Product_2,601.6,13,92.69,Food,7820.8,Friday,May
2021-05-28,Product_5,188.52,4,83.17,Food,754.08,Friday,May
2021-05-28,Product_1,618.52,13,73.95,Food,8040.76,Friday,May
2021-05-29,Product_3,501.69,20,41.95,Toys,10033.8,Saturday,May
2021-05-29,Product_5,218.65,4,56.27,Books,874.6,Saturday,May
2021-05-29,Product_2,558.14,12,89.82,Toys,6697.68,Saturday,May
2021-05-29,Product_1,548.41,12,59.9,Books,6580.92,Saturday,May
2021-05-29,Product_4,614.6,36,24.16,Electronics,22125.6,Saturday,May
2021-05-30,Product_1,481.96,10,64.26,Food,4819.599999999999,Sunday,May
2021-05-30,Product_4,497.08,29,69.09,Electronics,14415.32,Sunday,May
2021-05-30,Product_3,498.48,20,28.73,Books,9969.6,Sunday,May
2021-05-30,Product_2,622.23,13,56.47,Clothing,8088.99,Sunday,May
2021-05-31,Product_1,491.39,10,85.71,Food,4913.9,Monday,May
2021-05-31,Product_2,560.19,12,75.46,Clothing,6722.280000000001,Monday,May
2021-05-31,Product_4,546.96,32,46.93,Clothing,17502.72,Monday,May
2021-05-31,Product_3,512.34,20,70.45,Toys,10246.8,Monday,May
2021-06-01,Product_1,510.47,11,67.69,Books,5615.17,Tuesday,June
2021-06-01,Product_3,524.1,21,64.57,Clothing,11006.1,Tuesday,June
2021-06-01,Product_2,555.04,12,55.91,Electronics,6660.48,Tuesday,June
2021-06-01,Product_4,574.9,34,62.76,Food,19546.6,Tuesday,June
2021-06-02,Product_3,545.87,22,78.88,Toys,12009.14,Wednesday,June
2021-06-02,Product_2,582.66,13,70.73,Clothing,7574.58,Wednesday,June
2021-06-02,Product_1,551.54,12,32.86,Toys,6618.48,Wednesday,June
2021-06-02,Product_4,570.64,33,52.92,Clothing,18831.12,Wednesday,June
2021-06-03,Product_3,546.24,22,26.06,Clothing,12017.28,Thursday,June
2021-06-03,Product_2,605.16,13,64.2,Toys,7867.08,Thursday,June
2021-06-03,Product_1,525.44,11,59.54,Toys,5779.84,Thursday,June
2021-06-03,Product_4,606.41,36,44.01,Electronics,21830.76,Thursday,June
2021-06-04,Product_1,496.51,10,91.89,Toys,4965.1,Friday,June
2021-06-04,Product_2,592.67,13,36.59,Food,7704.709999999999,Friday,June
2021-06-04,Product_3,523.91,21,75.37,Books,11002.11,Friday,June
2021-06-04,Product_4,587.82,34,76.96,Books,19985.88,Friday,June
2021-06-05,Product_1,521.68,11,55.53,Electronics,5738.48,Saturday,June
2021-06-05,Product_4,620.16,36,91.05,Food,22325.76,Saturday,June
2021-06-05,Product_3,444.76,18,27.99,Electronics,8005.68,Saturday,June
2021-06-05,Product_2,622.16,13,52.11,Food,8088.08,Saturday,June
2021-06-06,Product_1,476.06,10,78.99,Books,4760.6,Sunday,June
2021-06-06,Product_4,487.65,28,28.58,Books,13654.2,Sunday,June
2021-06-06,Product_2,565.91,12,38.0,Clothing,6790.92,Sunday,June
2021-06-06,Product_3,528.64,21,41.24,Food,11101.44,Sunday,June
2021-06-07,Product_2,572.46,12,22.32,Food,6869.52,Monday,June
2021-06-07,Product_3,505.46,20,69.67,Food,10109.2,Monday,June
2021-06-07,Product_1,469.55,10,61.55,Books,4695.5,Monday,June
2021-06-07,Product_4,514.42,30,83.75,Food,15432.6,Monday,June
2021-06-08,Product_3,499.15,20,26.67,Clothing,9983.0,Tuesday,June
2021-06-08,Product_4,614.33,36,94.79,Toys,22115.88,Tuesday,June
2021-06-08,Product_1,474.99,10,89.92,Food,4749.9,Tuesday,June
2021-06-08,Product_2,593.12,13,53.25,Food,7710.56,Tuesday,June
2021-06-09,Product_3,499.91,20,58.76,Electronics,9998.2,Wednesday,June
2021-06-09,Product_2,561.13,12,25.54,Clothing,6733.56,Wednesday,June
2021-06-09,Product_1,458.64,10,47.55,Books,4586.4,Wednesday,June
2021-06-09,Product_4,501.75,29,57.21,Food,14550.75,Wednesday,June
2021-06-10,Product_3,507.9,20,60.98,Toys,10158.0,Thursday,June
2021-06-10,Product_1,557.39,12,97.02,Electronics,6688.68,Thursday,June
2021-06-10,Product_2,579.39,12,61.91,Books,6952.68,Thursday,June
2021-06-10,Product_4,542.7,32,56.64,Toys,17366.4,Thursday,June
2021-06-11,Product_1,509.8,11,95.29,Books,5607.8,Friday,June
2021-06-11,Product_3,506.94,20,68.94,Toys,10138.8,Friday,June
2021-06-11,Product_4,571.66,33,59.16,Clothing,18864.78,Friday,June
2021-06-11,Product_5,175.94,3,34.49,Electronics,527.8199999999999,Friday,June
2021-06-11,Product_2,659.64,14,37.12,Electronics,9234.96,Friday,June
2021-06-12,Product_3,510.14,20,52.87,Clothing,10202.8,Saturday,June
2021-06-12,Product_2,623.59,13,60.6,Electronics,8106.67,Saturday,June
2021-06-12,Product_1,552.95,12,86.12,Clothing,6635.400000000001,Saturday,June
2021-06-12,Product_4,546.62,32,34.64,Food,17491.84,Saturday,June
2021-06-13,Product_4,543.78,32,61.63,Food,17400.96,Sunday,June
2021-06-13,Product_1,514.59,11,79.07,Food,5660.490000000001,Sunday,June
2021-06-13,Product_2,611.81,13,45.57,Food,7953.529999999999,Sunday,June
2021-06-13,Product_3,507.47,20,60.08,Food,10149.4,Sunday,June
2021-06-14,Product_4,529.54,31,54.69,Clothing,16415.739999999998,Monday,June
2021-06-14,Product_2,575.74,12,86.27,Electronics,6908.88,Monday,June
2021-06-14,Product_1,476.33,10,44.63,Electronics,4763.3,Monday,June
2021-06-14,Product_3,464.14,18,79.88,Electronics,8354.52,Monday,June
2021-06-15,Product_4,564.7,33,34.98,Food,18635.1,Tuesday,June
2021-06-15,Product_3,580.42,23,38.84,Toys,13349.66,Tuesday,June
2021-06-15,Product_1,422.36,9,96.18,Clothing,3801.24,Tuesday,June
2021-06-15,Product_2,524.69,11,71.76,Food,5771.59,Tuesday,June
2021-06-16,Product_2,566.66,12,75.11,Clothing,6799.92,Wednesday,June
2021-06-16,Product_3,465.23,18,46.35,Food,8374.14,Wednesday,June
2021-06-16,Product_1,506.48,11,93.5,Electronics,5571.280000000001,Wednesday,June
2021-06-16,Product_4,578.21,34,27.39,Toys,19659.14,Wednesday,June
2021-06-16,Product_5,216.91,4,64.86,Food,867.64,Wednesday,June
2021-06-17,Product_4,569.04,33,77.18,Books,18778.32,Thursday,June
2021-06-17,Product_3,485.37,19,46.85,Clothing,9222.03,Thursday,June
2021-06-17,Product_2,614.91,13,90.78,Toys,7993.83,Thursday,June
2021-06-17,Product_1,512.47,11,55.75,Clothing,5637.17,Thursday,June
2021-06-18,Product_3,509.62,20,79.11,Clothing,10192.4,Friday,June
2021-06-18,Product_1,498.02,10,50.68,Toys,4980.2,Friday,June
2021-06-18,Product_2,591.99,13,77.27,Electronics,7695.87,Friday,June
2021-06-18,Product_4,623.74,37,93.43,Electronics,23078.38,Friday,June
2021-06-19,Product_3,474.12,19,78.1,Books,9008.28,Saturday,June
2021-06-19,Product_1,522.11,11,44.77,Books,5743.21,Saturday,June
2021-06-19,Product_4,534.93,31,96.99,Toys,16582.829999999998,Saturday,June
2021-06-19,Product_2,587.12,13,66.46,Food,7632.56,Saturday,June
2021-06-20,Product_3,518.55,21,41.66,Food,10889.55,Sunday,June
2021-06-20,Product_4,542.13,32,85.72,Electronics,17348.16,Sunday,June
2021-06-20,Product_1,483.68,10,59.66,Toys,4836.8,Sunday,June
2021-06-20,Product_2,541.7,12,66.26,Clothing,6500.400000000001,Sunday,June
2021-06-21,Product_1,487.11,10,57.95,Electronics,4871.1,Monday,June
2021-06-21,Product_3,484.84,19,67.65,Electronics,9211.96,Monday,June
2021-06-21,Product_4,556.85,33,88.2,Food,18376.05,Monday,June
2021-06-21,Product_2,558.41,12,54.27,Toys,6700.92,Monday,June
2021-06-22,Product_3,428.23,17,31.87,Toys,7279.91,Tuesday,June
2021-06-22,Product_4,492.82,29,68.35,Food,14291.78,Tuesday,June
2021-06-22,Product_2,542.86,12,61.71,Electronics,6514.32,Tuesday,June
2021-06-22,Product_1,455.1,10,52.72,Electronics,4551.0,Tuesday,June
2021-06-23,Product_1,532.73,11,62.37,Clothing,5860.030000000001,Wednesday,June
2021-06-23,Product_4,546.77,32,21.49,Toys,17496.64,Wednesday,June
2021-06-23,Product_2,528.71,11,63.97,Food,5815.81,Wednesday,June
2021-06-23,Product_3,499.89,20,49.34,Clothing,9997.8,Wednesday,June
2021-06-24,Product_1,527.37,11,79.39,Toys,5801.07,Thursday,June
2021-06-24,Product_2,574.33,12,78.49,Toys,6891.960000000001,Thursday,June
2021-06-24,Product_3,481.96,19,77.25,Food,9157.24,Thursday,June
2021-06-24,Product_4,530.06,31,52.26,Food,16431.859999999997,Thursday,June
2021-06-25,Product_3,513.86,20,54.2,Books,10277.2,Friday,June
2021-06-25,Product_2,575.49,12,81.32,Electronics,6905.88,Friday,June
2021-06-25,Product_1,488.06,10,41.72,Electronics,4880.6,Friday,June
2021-06-25,Product_4,599.94,35,70.57,Clothing,20997.9,Friday,June
2021-06-25,Product_5,215.63,4,33.57,Electronics,862.52,Friday,June
2021-06-26,Product_4,557.0,33,89.88,Electronics,18381.0,Saturday,June
2021-06-26,Product_1,477.26,10,39.92,Clothing,4772.6,Saturday,June
2021-06-26,Product_5,188.94,4,26.08,Books,755.76,Saturday,June
2021-06-26,Product_3,511.9,20,25.81,Food,10238.0,Saturday,June
2021-06-26,Product_2,578.63,12,52.48,Food,6943.56,Saturday,June
2021-06-27,Product_2,611.13,13,62.28,Clothing,7944.69,Sunday,June
2021-06-27,Product_1,514.42,11,68.36,Clothing,5658.62,Sunday,June
2021-06-27,Product_4,571.5,33,62.07,Food,18859.5,Sunday,June
2021-06-27,Product_3,458.19,18,76.98,Books,8247.42,Sunday,June
2021-06-28,Product_1,448.38,9,26.51,Electronics,4035.42,Monday,June
2021-06-28,Product_4,540.93,32,87.43,Electronics,17309.76,Monday,June
2021-06-28,Product_3,514.15,20,39.15,Toys,10283.0,Monday,June
2021-06-28,Product_2,534.78,11,71.37,Food,5882.58,Monday,June
2021-06-29,Product_2,575.66,12,26.81,Books,6907.92,Tuesday,June
2021-06-29,Product_4,558.6,33,49.82,Toys,18433.8,Tuesday,June
2021-06-29,Product_1,501.6,11,23.15,Clothing,5517.6,Tuesday,June
2021-06-29,Product_3,488.58,19,73.52,Electronics,9283.02,Tuesday,June
2021-06-30,Product_1,503.85,11,62.44,Clothing,5542.35,Wednesday,June
2021-06-30,Product_4,549.49,32,44.46,Books,17583.68,Wednesday,June
2021-06-30,Product_3,469.21,19,65.28,Toys,8914.99,Wednesday,June
2021-06-30,Product_2,623.31,13,87.05,Electronics,8103.029999999999,Wednesday,June
2021-07-01,Product_1,515.09,11,81.35,Electronics,5665.990000000001,Thursday,July
2021-07-01,Product_4,552.66,32,57.1,Clothing,17685.12,Thursday,July
2021-07-01,Product_3,508.95,20,78.85,Books,10179.0,Thursday,July
2021-07-01,Product_2,572.25,12,58.63,Food,6867.0,Thursday,July
2021-07-02,Product_4,579.69,34,65.96,Toys,19709.460000000003,Friday,July
2021-07-02,Product_3,476.25,19,47.68,Electronics,9048.75,Friday,July
2021-07-02,Product_2,561.28,12,64.12,Books,6735.36,Friday,July
2021-07-02,Product_1,506.32,11,99.92,Clothing,5569.52,Friday,July
2021-07-03,Product_2,532.84,11,63.53,Electronics,5861.240000000001,Saturday,July
2021-07-03,Product_3,501.31,20,77.19,Electronics,10026.2,Saturday,July
2021-07-03,Product_1,488.25,10,44.15,Toys,4882.5,Saturday,July
2021-07-03,Product_4,528.2,31,51.55,Electronics,16374.2,Saturday,July
2021-07-04,Product_2,573.7,12,94.77,Books,6884.400000000001,Sunday,July
2021-07-04,Product_3,491.54,20,79.11,Books,9830.8,Sunday,July
2021-07-04,Product_1,493.94,10,93.54,Clothing,4939.4,Sunday,July
2021-07-04,Product_4,505.23,30,61.17,Books,15156.9,Sunday,July
2021-07-05,Product_1,430.67,9,87.11,Toys,3876.03,Monday,July
2021-07-05,Product_2,527.73,11,88.21,Books,5805.030000000001,Monday,July
2021-07-05,Product_3,497.29,20,88.61,Clothing,9945.8,Monday,July
2021-07-05,Product_4,538.28,32,63.2,Food,17224.96,Monday,July
2021-07-06,Product_1,450.28,9,56.51,Books,4052.52,Tuesday,July
2021-07-06,Product_2,523.45,11,95.34,Books,5757.950000000001,Tuesday,July
2021-07-06,Product_3,470.21,19,49.74,Books,8933.99,Tuesday,July
2021-07-06,Product_4,607.44,36,75.66,Food,21867.840000000004,Tuesday,July
2021-07-07,Product_1,508.68,11,35.06,Toys,5595.4800000000005,Wednesday,July
2021-07-07,Product_2,546.22,12,72.99,Books,6554.64,Wednesday,July
2021-07-07,Product_3,433.03,17,32.71,Electronics,7361.509999999999,Wednesday,July
2021-07-07,Product_4,522.99,31,23.36,Books,16212.69,Wednesday,July
2021-07-08,Product_3,521.85,21,33.76,Clothing,10958.85,Thursday,July
2021-07-08,Product_4,593.56,35,65.7,Toys,20774.6,Thursday,July
2021-07-08,Product_1,488.87,10,85.53,Food,4888.7,Thursday,July
2021-07-08,Product_2,616.72,13,96.26,Books,8017.360000000001,Thursday,July
2021-07-09,Product_3,493.31,20,43.71,Books,9866.2,Friday,July
2021-07-09,Product_1,561.76,12,78.82,Toys,6741.12,Friday,July
2021-07-09,Product_2,599.75,13,98.83,Food,7796.75,Friday,July
2021-07-09,Product_4,539.49,32,21.53,Food,17263.68,Friday,July
2021-07-10,Product_2,532.98,11,25.71,Electronics,5862.780000000001,Saturday,July
2021-07-10,Product_1,502.54,11,66.63,Books,5527.9400000000005,Saturday,July
2021-07-10,Product_4,589.59,35,50.23,Books,20635.65,Saturday,July
2021-07-10,Product_3,543.87,22,25.84,Food,11965.14,Saturday,July
2021-07-11,Product_3,389.51,15,29.33,Toys,5842.65,Sunday,July
2021-07-11,Product_4,534.62,31,77.97,Electronics,16573.22,Sunday,July
2021-07-11,Product_1,510.75,11,94.14,Food,5618.25,Sunday,July
2021-07-11,Product_2,545.51,12,58.88,Toys,6546.12,Sunday,July
2021-07-12,Product_2,535.28,11,48.93,Books,5888.08,Monday,July
2021-07-12,Product_4,536.09,31,90.59,Food,16618.79,Monday,July
2021-07-12,Product_1,453.28,10,93.64,Toys,4532.799999999999,Monday,July
2021-07-12,Product_3,484.02,19,74.09,Books,9196.38,Monday,July
2021-07-13,Product_1,507.28,11,76.22,Books,5580.08,Tuesday,July
2021-07-13,Product_3,458.23,18,84.35,Books,8248.14,Tuesday,July
2021-07-13,Product_2,527.34,11,28.35,Toys,5800.740000000001,Tuesday,July
2021-07-13,Product_4,535.51,31,92.43,Toys,16600.81,Tuesday,July
2021-07-14,Product_3,449.0,18,52.14,Books,8082.0,Wednesday,July
2021-07-14,Product_4,570.89,33,25.16,Books,18839.37,Wednesday,July
2021-07-14,Product_1,505.75,11,95.21,Toys,5563.25,Wednesday,July
2021-07-14,Product_2,555.56,12,87.79,Toys,6666.719999999999,Wednesday,July
2021-07-15,Product_4,545.29,32,22.72,Books,17449.28,Thursday,July
2021-07-15,Product_2,596.1,13,31.58,Food,7749.3,Thursday,July
2021-07-15,Product_1,477.21,10,74.57,Toys,4772.099999999999,Thursday,July
2021-07-15,Product_3,486.37,19,53.4,Clothing,9241.03,Thursday,July
2021-07-16,Product_1,504.13,11,48.97,Books,5545.43,Friday,July
2021-07-16,Product_3,497.83,20,28.17,Clothing,9956.6,Friday,July
2021-07-16,Product_4,559.82,33,65.32,Toys,18474.06,Friday,July
2021-07-16,Product_2,566.64,12,94.25,Clothing,6799.68,Friday,July
2021-07-17,Product_1,440.32,9,64.91,Food,3962.88,Saturday,July
2021-07-17,Product_3,456.82,18,68.02,Toys,8222.76,Saturday,July
2021-07-17,Product_2,543.98,12,84.82,Books,6527.76,Saturday,July
2021-07-17,Product_4,526.31,31,61.85,Toys,16315.61,Saturday,July
2021-07-18,Product_3,472.33,19,72.64,Electronics,8974.27,Sunday,July
2021-07-18,Product_1,468.93,10,74.24,Electronics,4689.3,Sunday,July
2021-07-18,Product_4,593.21,35,76.71,Clothing,20762.35,Sunday,July
2021-07-18,Product_2,578.36,12,52.63,Electronics,6940.32,Sunday,July
2021-07-19,Product_4,539.49,32,57.92,Books,17263.68,Monday,July
2021-07-19,Product_1,491.49,10,67.65,Books,4914.9,Monday,July
2021-07-19,Product_2,520.27,11,49.32,Clothing,5722.969999999999,Monday,July
2021-07-19,Product_3,461.56,18,42.52,Toys,8308.08,Monday,July
2021-07-20,Product_2,528.9,11,61.15,Toys,5817.9,Tuesday,July
2021-07-20,Product_4,525.53,31,63.17,Toys,16291.429999999998,Tuesday,July
2021-07-20,Product_1,456.38,10,43.22,Books,4563.8,Tuesday,July
2021-07-20,Product_3,474.4,19,46.95,Toys,9013.6,Tuesday,July
2021-07-21,Product_4,574.63,34,65.62,Books,19537.42,Wednesday,July
2021-07-21,Product_3,500.55,20,85.33,Food,10011.0,Wednesday,July
2021-07-21,Product_2,647.11,14,74.43,Toys,9059.54,Wednesday,July
2021-07-21,Product_1,455.28,10,80.47,Books,4552.799999999999,Wednesday,July
2021-07-22,Product_3,507.63,20,26.97,Clothing,10152.6,Thursday,July
2021-07-22,Product_2,613.08,13,27.0,Clothing,7970.040000000001,Thursday,July
2021-07-22,Product_4,528.57,31,34.69,Food,16385.670000000002,Thursday,July
2021-07-22,Product_1,463.75,10,86.09,Electronics,4637.5,Thursday,July
2021-07-23,Product_4,548.87,32,67.36,Toys,17563.84,Friday,July
2021-07-23,Product_1,491.28,10,56.6,Electronics,4912.799999999999,Friday,July
2021-07-23,Product_3,444.96,18,35.23,Clothing,8009.28,Friday,July
2021-07-23,Product_2,570.72,12,43.76,Food,6848.64,Friday,July
2021-07-24,Product_3,460.56,18,73.78,Clothing,8290.08,Saturday,July
2021-07-24,Product_1,497.5,10,86.97,Books,4975.0,Saturday,July
2021-07-24,Product_2,599.66,13,81.95,Toys,7795.58,Saturday,July
2021-07-24,Product_4,560.08,33,36.31,Electronics,18482.640000000003,Saturday,July
2021-07-25,Product_3,462.32,18,70.89,Clothing,8321.76,Sunday,July
2021-07-25,Product_1,494.03,10,76.08,Food,4940.299999999999,Sunday,July
2021-07-25,Product_2,516.92,11,24.41,Clothing,5686.12,Sunday,July
2021-07-25,Product_4,539.62,32,73.97,Electronics,17267.84,Sunday,July
2021-07-26,Product_2,504.52,11,46.67,Toys,5549.719999999999,Monday,July
2021-07-26,Product_4,524.58,31,93.63,Toys,16261.98,Monday,July
2021-07-26,Product_1,405.34,8,87.48,Books,3242.72,Monday,July
2021-07-26,Product_3,457.51,18,85.25,Clothing,8235.18,Monday,July
2021-07-27,Product_4,512.19,30,75.61,Books,15365.7,Tuesday,July
2021-07-27,Product_3,489.33,19,44.02,Books,9297.27,Tuesday,July
2021-07-27,Product_2,529.21,11,50.37,Electronics,5821.31,Tuesday,July
2021-07-27,Product_1,427.33,9,71.86,Food,3845.97,Tuesday,July
2021-07-28,Product_3,492.29,20,69.33,Books,9845.8,Wednesday,July
2021-07-28,Product_2,502.01,11,71.98,Books,5522.11,Wednesday,July
2021-07-28,Product_1,540.8,11,95.79,Clothing,5948.799999999999,Wednesday,July
2021-07-28,Product_4,495.98,29,49.02,Books,14383.42,Wednesday,July
2021-07-29,Product_2,620.17,13,25.04,Toys,8062.209999999999,Thursday,July
2021-07-29,Product_5,214.91,4,53.36,Clothing,859.64,Thursday,July
2021-07-29,Product_4,579.58,34,96.26,Food,19705.72,Thursday,July
2021-07-29,Product_3,482.0,19,51.85,Food,9158.0,Thursday,July
2021-07-29,Product_1,489.41,10,78.62,Toys,4894.1,Thursday,July
2021-07-30,Product_3,423.26,17,46.73,Food,7195.42,Friday,July
2021-07-30,Product_1,476.78,10,23.78,Books,4767.799999999999,Friday,July
2021-07-30,Product_4,527.67,31,56.37,Clothing,16357.77,Friday,July
2021-07-30,Product_2,587.33,13,20.56,Electronics,7635.290000000001,Friday,July
2021-07-30,Product_5,178.49,3,31.75,Books,535.47,Friday,July
2021-07-31,Product_2,569.16,12,85.04,Toys,6829.92,Saturday,July
2021-07-31,Product_3,454.59,18,51.11,Clothing,8182.62,Saturday,July
2021-07-31,Product_4,551.23,32,89.92,Food,17639.36,Saturday,July
2021-07-31,Product_1,499.53,11,90.98,Food,5494.83,Saturday,July
2021-08-01,Product_3,491.96,20,39.57,Electronics,9839.2,Sunday,August
2021-08-01,Product_2,493.33,11,56.33,Electronics,5426.63,Sunday,August
2021-08-01,Product_1,499.02,11,57.36,Electronics,5489.219999999999,Sunday,August
2021-08-01,Product_4,523.27,31,57.35,Toys,16221.37,Sunday,August
2021-08-02,Product_1,493.93,10,70.78,Books,4939.3,Monday,August
2021-08-02,Product_4,515.83,30,78.51,Clothing,15474.9,Monday,August
2021-08-02,Product_3,465.97,18,44.73,Toys,8387.460000000001,Monday,August
2021-08-02,Product_2,527.27,11,49.8,Toys,5799.969999999999,Monday,August
2021-08-03,Product_1,454.14,10,26.79,Books,4541.4,Tuesday,August
2021-08-03,Product_4,511.79,30,31.24,Books,15353.7,Tuesday,August
2021-08-03,Product_2,483.43,10,24.46,Clothing,4834.3,Tuesday,August
2021-08-03,Product_3,393.29,16,96.9,Toys,6292.64,Tuesday,August
2021-08-04,Product_4,508.2,30,70.53,Books,15246.0,Wednesday,August
2021-08-04,Product_3,471.49,19,33.62,Electronics,8958.31,Wednesday,August
2021-08-04,Product_2,517.61,11,94.24,Books,5693.71,Wednesday,August
2021-08-04,Product_1,458.86,10,33.37,Food,4588.6,Wednesday,August
2021-08-05,Product_1,518.02,11,61.98,Books,5698.219999999999,Thursday,August
2021-08-05,Product_2,554.34,12,98.67,Toys,6652.08,Thursday,August
2021-08-05,Product_4,520.04,30,55.77,Food,15601.2,Thursday,August
2021-08-05,Product_3,471.09,19,61.94,Books,8950.71,Thursday,August
2021-08-06,Product_3,510.81,20,36.82,Food,10216.2,Friday,August
2021-08-06,Product_4,498.86,29,27.57,Clothing,14466.94,Friday,August
2021-08-06,Product_1,421.56,9,37.73,Clothing,3794.04,Friday,August
2021-08-06,Product_2,609.66,13,52.59,Food,7925.58,Friday,August
2021-08-07,Product_1,456.63,10,53.44,Toys,4566.3,Saturday,August
2021-08-07,Product_3,420.45,17,99.06,Toys,7147.65,Saturday,August
2021-08-07,Product_2,546.44,12,69.73,Electronics,6557.280000000001,Saturday,August
2021-08-07,Product_4,554.45,32,72.84,Food,17742.4,Saturday,August
2021-08-08,Product_4,549.44,32,45.29,Electronics,17582.08,Sunday,August
2021-08-08,Product_3,456.68,18,58.81,Electronics,8220.24,Sunday,August
2021-08-08,Product_2,560.66,12,51.56,Books,6727.92,Sunday,August
2021-08-08,Product_1,462.56,10,30.59,Toys,4625.6,Sunday,August
2021-08-09,Product_3,454.13,18,74.76,Food,8174.34,Monday,August
2021-08-09,Product_2,551.53,12,72.24,Clothing,6618.36,Monday,August
2021-08-09,Product_1,433.03,9,87.42,Books,3897.27,Monday,August
2021-08-09,Product_4,442.62,26,52.66,Toys,11508.12,Monday,August
2021-08-10,Product_3,480.0,19,79.32,Clothing,9120.0,Tuesday,August
2021-08-10,Product_4,454.03,26,66.06,Electronics,11804.78,Tuesday,August
2021-08-10,Product_2,518.72,11,80.24,Food,5705.92,Tuesday,August
2021-08-10,Product_1,461.21,10,50.53,Books,4612.099999999999,Tuesday,August
2021-08-11,Product_2,572.84,12,45.01,Food,6874.08,Wednesday,August
2021-08-11,Product_3,451.12,18,34.66,Electronics,8120.16,Wednesday,August
2021-08-11,Product_1,480.3,10,75.07,Food,4803.0,Wednesday,August
2021-08-11,Product_4,498.29,29,27.88,Clothing,14450.41,Wednesday,August
2021-08-12,Product_1,524.97,11,56.5,Electronics,5774.67,Thursday,August
2021-08-12,Product_3,463.38,18,52.69,Clothing,8340.84,Thursday,August
2021-08-12,Product_2,505.59,11,72.2,Food,5561.49,Thursday,August
2021-08-12,Product_4,548.51,32,25.7,Toys,17552.32,Thursday,August
2021-08-13,Product_1,500.63,11,27.44,Toys,5506.93,Friday,August
2021-08-13,Product_3,454.8,18,25.04,Toys,8186.400000000001,Friday,August
2021-08-13,Product_2,569.45,12,99.39,Books,6833.400000000001,Friday,August
2021-08-13,Product_4,476.76,28,71.14,Toys,13349.28,Friday,August
2021-08-14,Product_3,446.7,18,39.48,Books,8040.599999999999,Saturday,August
2021-08-14,Product_1,435.59,9,39.84,Clothing,3920.31,Saturday,August
2021-08-14,Product_2,534.5,11,75.2,Books,5879.5,Saturday,August
2021-08-14,Product_4,541.84,32,71.82,Food,17338.88,Saturday,August
2021-08-15,Product_4,503.14,29,21.92,Books,14591.06,Sunday,August
2021-08-15,Product_1,444.86,9,70.91,Electronics,4003.74,Sunday,August
2021-08-15,Product_3,402.75,16,89.98,Food,6444.0,Sunday,August
2021-08-15,Product_2,537.94,12,47.11,Toys,6455.280000000001,Sunday,August
2021-08-16,Product_4,425.2,25,52.94,Food,10630.0,Monday,August
2021-08-16,Product_2,554.42,12,73.41,Food,6653.039999999999,Monday,August
2021-08-16,Product_3,498.5,20,87.07,Toys,9970.0,Monday,August
2021-08-16,Product_1,455.8,10,41.67,Clothing,4558.0,Monday,August
2021-08-17,Product_1,474.82,10,83.06,Food,4748.2,Tuesday,August
2021-08-17,Product_4,515.05,30,22.97,Clothing,15451.499999999998,Tuesday,August
2021-08-17,Product_3,434.56,17,51.7,Clothing,7387.52,Tuesday,August
2021-08-17,Product_2,483.55,10,96.45,Clothing,4835.5,Tuesday,August
2021-08-18,Product_1,458.66,10,69.53,Books,4586.6,Wednesday,August
2021-08-18,Product_2,573.49,12,49.55,Toys,6881.88,Wednesday,August
2021-08-18,Product_3,423.68,17,20.21,Books,7202.56,Wednesday,August
2021-08-18,Product_4,500.13,29,91.91,Food,14503.77,Wednesday,August
2021-08-19,Product_4,523.47,31,61.05,Toys,16227.570000000002,Thursday,August
2021-08-19,Product_3,508.45,20,74.44,Toys,10169.0,Thursday,August
2021-08-19,Product_2,544.13,12,20.93,Toys,6529.56,Thursday,August
2021-08-19,Product_1,447.42,9,41.09,Toys,4026.78,Thursday,August
2021-08-20,Product_1,427.76,9,65.76,Toys,3849.84,Friday,August
2021-08-20,Product_2,551.55,12,44.41,Books,6618.599999999999,Friday,August
2021-08-20,Product_3,448.87,18,20.66,Toys,8079.66,Friday,August
2021-08-20,Product_4,535.19,31,85.59,Electronics,16590.890000000003,Friday,August
2021-08-21,Product_2,505.13,11,78.59,Toys,5556.43,Saturday,August
2021-08-21,Product_1,398.76,8,98.9,Electronics,3190.08,Saturday,August
2021-08-21,Product_4,503.62,29,95.67,Toys,14604.98,Saturday,August
2021-08-21,Product_3,463.95,18,97.3,Clothing,8351.1,Saturday,August
2021-08-22,Product_2,501.54,11,37.43,Clothing,5516.9400000000005,Sunday,August
2021-08-22,Product_4,487.79,29,51.37,Food,14145.91,Sunday,August
2021-08-22,Product_3,437.49,17,35.4,Food,7437.33,Sunday,August
2021-08-22,Product_1,471.96,10,62.18,Clothing,4719.599999999999,Sunday,August
2021-08-23,Product_3,404.44,16,78.19,Clothing,6471.04,Monday,August
2021-08-23,Product_1,393.77,8,25.77,Food,3150.16,Monday,August
2021-08-23,Product_4,528.17,31,64.19,Toys,16373.27,Monday,August
2021-08-23,Product_2,543.98,12,86.23,Clothing,6527.76,Monday,August
2021-08-24,Product_1,469.53,10,20.99,Books,4695.299999999999,Tuesday,August
2021-08-24,Product_2,514.81,11,34.53,Clothing,5662.91,Tuesday,August
2021-08-24,Product_3,438.73,17,45.9,Books,7458.41,Tuesday,August
2021-08-24,Product_4,565.14,33,74.38,Food,18649.62,Tuesday,August
2021-08-25,Product_1,512.4,11,85.44,Food,5636.4,Wednesday,August
2021-08-25,Product_3,452.99,18,80.88,Toys,8153.82,Wednesday,August
2021-08-25,Product_4,533.4,31,31.18,Clothing,16535.399999999998,Wednesday,August
2021-08-25,Product_2,596.06,13,41.49,Food,7748.779999999999,Wednesday,August
2021-08-26,Product_4,472.32,28,59.13,Electronics,13224.96,Thursday,August
2021-08-26,Product_2,600.24,13,22.95,Clothing,7803.12,Thursday,August
2021-08-26,Product_1,549.37,12,68.0,Toys,6592.4400000000005,Thursday,August
2021-08-26,Product_3,448.67,18,87.61,Food,8076.06,Thursday,August
2021-08-27,Product_1,454.66,10,66.89,Clothing,4546.6,Friday,August
2021-08-27,Product_4,478.64,28,95.98,Food,13401.92,Friday,August
2021-08-27,Product_2,573.49,12,20.96,Food,6881.88,Friday,August
2021-08-27,Product_3,453.03,18,66.92,Books,8154.539999999999,Friday,August
2021-08-28,Product_4,541.65,32,91.7,Toys,17332.8,Saturday,August
2021-08-28,Product_2,477.55,10,21.24,Food,4775.5,Saturday,August
2021-08-28,Product_3,465.5,18,45.16,Clothing,8379.0,Saturday,August
2021-08-28,Product_1,470.82,10,61.6,Electronics,4708.2,Saturday,August
2021-08-29,Product_3,350.09,14,68.02,Electronics,4901.259999999999,Sunday,August
2021-08-29,Product_2,498.25,11,38.74,Food,5480.75,Sunday,August
2021-08-29,Product_1,420.0,9,82.04,Books,3780.0,Sunday,August
2021-08-29,Product_4,485.29,28,72.89,Food,13588.12,Sunday,August
2021-08-30,Product_4,510.15,30,80.18,Food,15304.5,Monday,August
2021-08-30,Product_3,463.78,18,53.73,Food,8348.039999999999,Monday,August
2021-08-30,Product_2,521.4,11,90.42,Food,5735.4,Monday,August
2021-08-30,Product_1,496.7,10,92.73,Books,4967.0,Monday,August
2021-08-31,Product_2,528.22,11,69.35,Books,5810.42,Tuesday,August
2021-08-31,Product_4,456.49,27,87.65,Toys,12325.23,Tuesday,August
2021-08-31,Product_3,440.51,17,23.49,Books,7488.67,Tuesday,August
2021-08-31,Product_1,460.5,10,21.87,Clothing,4605.0,Tuesday,August
2021-09-01,Product_4,510.54,30,76.82,Toys,15316.2,Wednesday,September
2021-09-01,Product_3,469.63,19,54.64,Electronics,8922.97,Wednesday,September
2021-09-01,Product_1,423.45,9,88.39,Electronics,3811.05,Wednesday,September
2021-09-01,Product_2,552.83,12,66.35,Electronics,6633.960000000001,Wednesday,September
2021-09-02,Product_3,485.96,19,69.89,Clothing,9233.24,Thursday,September
2021-09-02,Product_2,546.61,12,74.51,Clothing,6559.32,Thursday,September
2021-09-02,Product_4,553.63,32,81.59,Food,17716.16,Thursday,September
2021-09-02,Product_1,453.64,10,33.04,Electronics,4536.4,Thursday,September
2021-09-03,Product_2,550.34,12,21.69,Toys,6604.08,Friday,September
2021-09-03,Product_4,533.89,31,51.61,Clothing,16550.59,Friday,September
2021-09-03,Product_1,459.15,10,29.88,Electronics,4591.5,Friday,September
2021-09-03,Product_3,452.55,18,30.24,Clothing,8145.900000000001,Friday,September
2021-09-04,Product_4,508.31,30,37.46,Electronics,15249.3,Saturday,September
2021-09-04,Product_3,433.38,17,95.83,Books,7367.46,Saturday,September
2021-09-04,Product_1,490.39,10,89.49,Food,4903.9,Saturday,September
2021-09-04,Product_2,533.78,11,72.03,Electronics,5871.58,Saturday,September
2021-09-05,Product_2,495.15,11,31.87,Food,5446.65,Sunday,September
2021-09-05,Product_1,455.69,10,45.86,Toys,4556.9,Sunday,September
2021-09-05,Product_3,503.84,20,75.11,Food,10076.8,Sunday,September
2021-09-05,Product_4,487.39,28,49.47,Electronics,13646.92,Sunday,September
2021-09-06,Product_2,520.46,11,99.32,Electronics,5725.06,Monday,September
2021-09-06,Product_4,502.88,29,44.66,Electronics,14583.52,Monday,September
2021-09-06,Product_1,444.97,9,82.77,Electronics,4004.730000000001,Monday,September
2021-09-06,Product_3,402.56,16,92.94,Toys,6440.96,Monday,September
2021-09-07,Product_4,516.93,30,60.39,Toys,15507.899999999998,Tuesday,September
2021-09-07,Product_1,450.25,9,77.37,Books,4052.25,Tuesday,September
2021-09-07,Product_2,503.88,11,23.2,Electronics,5542.68,Tuesday,September
2021-09-07,Product_3,468.36,19,63.38,Toys,8898.84,Tuesday,September
2021-09-08,Product_2,527.14,11,20.96,Electronics,5798.54,Wednesday,September
2021-09-08,Product_3,430.94,17,27.11,Food,7325.98,Wednesday,September
2021-09-08,Product_1,488.31,10,23.08,Clothing,4883.1,Wednesday,September
2021-09-08,Product_4,564.02,33,56.71,Clothing,18612.66,Wednesday,September
2021-09-09,Product_2,558.92,12,53.18,Clothing,6707.039999999999,Thursday,September
2021-09-09,Product_3,478.61,19,62.24,Toys,9093.59,Thursday,September
2021-09-09,Product_1,457.86,10,29.93,Food,4578.6,Thursday,September
2021-09-09,Product_4,526.25,31,35.28,Food,16313.75,Thursday,September
2021-09-10,Product_2,542.26,12,93.71,Toys,6507.12,Friday,September
2021-09-10,Product_1,463.3,10,34.79,Electronics,4633.0,Friday,September
2021-09-10,Product_4,522.44,31,51.99,Electronics,16195.64,Friday,September
2021-09-10,Product_3,452.35,18,85.66,Food,8142.3,Friday,September
2021-09-11,Product_1,477.8,10,21.38,Clothing,4778.0,Saturday,September
2021-09-11,Product_3,489.71,19,96.7,Electronics,9304.49,Saturday,September
2021-09-11,Product_4,530.14,31,58.36,Toys,16434.34,Saturday,September
2021-09-11,Product_2,543.79,12,77.42,Food,6525.48,Saturday,September
2021-09-12,Product_2,493.56,11,87.56,Toys,5429.16,Sunday,September
2021-09-12,Product_3,408.51,16,23.59,Food,6536.16,Sunday,September
2021-09-12,Product_1,400.43,8,22.36,Clothing,3203.44,Sunday,September
2021-09-12,Product_4,514.26,30,27.05,Toys,15427.8,Sunday,September
2021-09-13,Product_3,367.03,14,78.67,Food,5138.42,Monday,September
2021-09-13,Product_1,490.66,10,82.39,Food,4906.6,Monday,September
2021-09-13,Product_4,438.23,26,69.8,Books,11393.98,Monday,September
2021-09-13,Product_2,521.91,11,65.92,Toys,5741.009999999999,Monday,September
2021-09-14,Product_3,458.09,18,97.24,Clothing,8245.619999999999,Tuesday,September
2021-09-14,Product_2,553.73,12,66.96,Electronics,6644.76,Tuesday,September
2021-09-14,Product_4,454.77,27,55.06,Books,12278.79,Tuesday,September
2021-09-14,Product_1,458.89,10,46.96,Books,4588.9,Tuesday,September
2021-09-15,Product_2,502.99,11,71.37,Toys,5532.89,Wednesday,September
2021-09-15,Product_3,455.22,18,23.61,Toys,8193.960000000001,Wednesday,September
2021-09-15,Product_1,478.07,10,30.43,Books,4780.7,Wednesday,September
2021-09-15,Product_4,569.13,33,96.54,Clothing,18781.29,Wednesday,September
2021-09-16,Product_1,486.76,10,30.95,Clothing,4867.6,Thursday,September
2021-09-16,Product_4,508.94,30,37.2,Toys,15268.2,Thursday,September
2021-09-16,Product_2,548.05,12,30.06,Books,6576.599999999999,Thursday,September
2021-09-16,Product_3,474.76,19,65.04,Books,9020.44,Thursday,September
2021-09-17,Product_4,531.84,31,65.13,Clothing,16487.04,Friday,September
2021-09-17,Product_3,503.77,20,77.78,Clothing,10075.4,Friday,September
2021-09-17,Product_2,581.85,13,50.21,Clothing,7564.05,Friday,September
2021-09-17,Product_1,461.14,10,35.99,Electronics,4611.4,Friday,September
2021-09-18,Product_1,452.51,9,95.6,Electronics,4072.59,Saturday,September
2021-09-18,Product_3,429.37,17,47.67,Clothing,7299.29,Saturday,September
2021-09-18,Product_4,532.41,31,68.9,Food,16504.71,Saturday,September
2021-09-18,Product_2,530.19,11,76.58,Books,5832.09,Saturday,September
2021-09-19,Product_4,461.34,27,55.71,Books,12456.179999999998,Sunday,September
2021-09-19,Product_2,593.68,13,94.72,Clothing,7717.839999999999,Sunday,September
2021-09-19,Product_1,419.56,9,36.32,Clothing,3776.04,Sunday,September
2021-09-19,Product_3,426.49,17,92.09,Clothing,7250.33,Sunday,September
2021-09-20,Product_1,384.85,8,84.46,Food,3078.8,Monday,September
2021-09-20,Product_3,396.57,16,72.67,Food,6345.12,Monday,September
2021-09-20,Product_4,522.9,31,59.4,Food,16209.9,Monday,September
2021-09-20,Product_2,494.02,11,73.23,Toys,5434.219999999999,Monday,September
2021-09-21,Product_2,493.49,11,35.23,Toys,5428.39,Tuesday,September
2021-09-21,Product_1,449.19,9,94.34,Books,4042.71,Tuesday,September
2021-09-21,Product_4,463.07,27,88.91,Books,12502.89,Tuesday,September
2021-09-21,Product_3,433.81,17,45.07,Food,7374.77,Tuesday,September
2021-09-22,Product_5,175.89,3,55.57,Food,527.67,Wednesday,September
2021-09-22,Product_4,541.35,32,67.23,Toys,17323.2,Wednesday,September
2021-09-22,Product_3,493.54,20,79.12,Toys,9870.8,Wednesday,September
2021-09-22,Product_2,528.75,11,81.67,Electronics,5816.25,Wednesday,September
2021-09-22,Product_1,466.62,10,53.75,Electronics,4666.2,Wednesday,September
2021-09-23,Product_4,515.51,30,39.26,Food,15465.3,Thursday,September
2021-09-23,Product_1,492.84,10,76.04,Food,4928.4,Thursday,September
2021-09-23,Product_3,519.92,21,63.51,Electronics,10918.32,Thursday,September
2021-09-23,Product_2,561.58,12,60.61,Electronics,6738.960000000001,Thursday,September
2021-09-24,Product_4,512.45,30,92.59,Food,15373.500000000002,Friday,September
2021-09-24,Product_1,465.32,10,99.69,Electronics,4653.2,Friday,September
2021-09-24,Product_3,466.65,19,64.82,Food,8866.35,Friday,September
2021-09-24,Product_2,563.96,12,69.8,Electronics,6767.52,Friday,September
2021-09-25,Product_1,484.31,10,24.45,Electronics,4843.1,Saturday,September
2021-09-25,Product_2,588.63,13,44.44,Books,7652.19,Saturday,September
2021-09-25,Product_3,394.26,16,34.34,Food,6308.16,Saturday,September
2021-09-25,Product_4,503.32,29,26.71,Electronics,14596.28,Saturday,September
2021-09-26,Product_3,418.64,17,94.84,Toys,7116.88,Sunday,September
2021-09-26,Product_1,473.91,10,45.09,Clothing,4739.1,Sunday,September
2021-09-26,Product_4,507.5,30,55.73,Clothing,15225.0,Sunday,September
2021-09-26,Product_2,486.62,10,79.57,Food,4866.2,Sunday,September
2021-09-27,Product_1,437.28,9,52.23,Clothing,3935.52,Monday,September
2021-09-27,Product_2,501.96,11,44.4,Clothing,5521.56,Monday,September
2021-09-27,Product_3,433.66,17,69.93,Food,7372.22,Monday,September
2021-09-27,Product_4,491.65,29,68.65,Books,14257.85,Monday,September
2021-09-28,Product_2,518.51,11,81.08,Electronics,5703.61,Tuesday,September
2021-09-28,Product_4,551.4,32,89.28,Electronics,17644.8,Tuesday,September
2021-09-28,Product_1,451.44,9,26.74,Food,4062.96,Tuesday,September
2021-09-28,Product_3,399.25,16,49.66,Electronics,6388.0,Tuesday,September
2021-09-29,Product_2,542.53,12,37.72,Electronics,6510.36,Wednesday,September
2021-09-29,Product_4,513.58,30,84.49,Food,15407.4,Wednesday,September
2021-09-29,Product_3,466.96,19,41.84,Books,8872.24,Wednesday,September
2021-09-29,Product_1,445.1,9,79.01,Electronics,4005.9,Wednesday,September
2021-09-30,Product_2,553.61,12,62.0,Food,6643.32,Thursday,September
2021-09-30,Product_4,564.99,33,29.68,Toys,18644.67,Thursday,September
2021-09-30,Product_3,544.78,22,93.2,Electronics,11985.16,Thursday,September
2021-09-30,Product_1,490.64,10,58.63,Electronics,4906.4,Thursday,September
2021-10-01,Product_4,499.67,29,91.67,Electronics,14490.43,Friday,October
2021-10-01,Product_3,461.4,18,54.05,Books,8305.199999999999,Friday,October
2021-10-01,Product_2,537.37,12,41.58,Clothing,6448.4400000000005,Friday,October
2021-10-01,Product_1,490.56,10,64.25,Toys,4905.6,Friday,October
2021-10-01,Product_5,176.55,3,89.52,Toys,529.6500000000001,Friday,October
2021-10-02,Product_2,582.1,13,72.4,Electronics,7567.3,Saturday,October
2021-10-02,Product_4,521.23,30,99.66,Toys,15636.9,Saturday,October
2021-10-02,Product_1,449.98,9,75.02,Electronics,4049.82,Saturday,October
2021-10-02,Product_3,469.58,19,39.72,Food,8922.02,Saturday,October
2021-10-03,Product_4,501.75,29,77.49,Clothing,14550.75,Sunday,October
2021-10-03,Product_3,388.77,15,58.21,Toys,5831.549999999999,Sunday,October
2021-10-03,Product_2,506.22,11,94.25,Books,5568.42,Sunday,October
2021-10-03,Product_1,451.55,9,38.61,Toys,4063.95,Sunday,October
2021-10-04,Product_3,419.88,17,62.97,Food,7137.96,Monday,October
2021-10-04,Product_1,422.19,9,93.58,Books,3799.71,Monday,October
2021-10-04,Product_4,509.38,30,21.92,Food,15281.4,Monday,October
2021-10-04,Product_2,502.34,11,52.69,Clothing,5525.74,Monday,October
2021-10-05,Product_3,449.28,18,54.47,Books,8087.039999999999,Tuesday,October
2021-10-05,Product_2,525.13,11,60.97,Food,5776.43,Tuesday,October
2021-10-05,Product_4,531.07,31,88.75,Toys,16463.170000000002,Tuesday,October
2021-10-05,Product_1,432.7,9,54.76,Toys,3894.3,Tuesday,October
2021-10-06,Product_1,498.68,11,28.6,Clothing,5485.4800000000005,Wednesday,October
2021-10-06,Product_4,499.42,29,91.01,Electronics,14483.18,Wednesday,October
2021-10-06,Product_3,418.36,17,77.56,Electronics,7112.12,Wednesday,October
2021-10-06,Product_2,559.34,12,30.52,Clothing,6712.08,Wednesday,October
2021-10-07,Product_1,426.12,9,61.2,Electronics,3835.08,Thursday,October
2021-10-07,Product_4,502.63,29,90.07,Clothing,14576.27,Thursday,October
2021-10-07,Product_3,477.18,19,68.58,Clothing,9066.42,Thursday,October
2021-10-07,Product_2,577.92,12,92.43,Electronics,6935.039999999999,Thursday,October
2021-10-08,Product_4,472.87,28,94.56,Toys,13240.36,Friday,October
2021-10-08,Product_1,507.49,11,35.76,Toys,5582.39,Friday,October
2021-10-08,Product_3,443.05,18,32.65,Electronics,7974.900000000001,Friday,October
2021-10-08,Product_2,556.85,12,28.38,Electronics,6682.200000000001,Friday,October
2021-10-09,Product_3,429.77,17,89.94,Books,7306.09,Saturday,October
2021-10-09,Product_1,464.03,10,23.06,Electronics,4640.299999999999,Saturday,October
2021-10-09,Product_4,501.18,29,66.31,Food,14534.22,Saturday,October
2021-10-09,Product_2,549.92,12,94.9,Books,6599.039999999999,Saturday,October
2021-10-10,Product_2,556.65,12,37.87,Clothing,6679.799999999999,Sunday,October
2021-10-10,Product_4,465.32,27,79.27,Books,12563.64,Sunday,October
2021-10-10,Product_3,393.47,16,99.07,Toys,6295.52,Sunday,October
2021-10-10,Product_1,424.19,9,23.54,Clothing,3817.71,Sunday,October
2021-10-11,Product_1,427.15,9,36.38,Clothing,3844.35,Monday,October
2021-10-11,Product_2,526.05,11,91.5,Clothing,5786.549999999999,Monday,October
2021-10-11,Product_3,457.78,18,33.98,Electronics,8240.039999999999,Monday,October
2021-10-11,Product_4,431.51,25,92.3,Toys,10787.75,Monday,October
2021-10-12,Product_1,437.75,9,39.15,Toys,3939.75,Tuesday,October
2021-10-12,Product_3,375.48,15,83.3,Electronics,5632.200000000001,Tuesday,October
2021-10-12,Product_4,388.78,23,71.76,Toys,8941.939999999999,Tuesday,October
2021-10-12,Product_2,491.88,11,39.48,Food,5410.68,Tuesday,October
2021-10-13,Product_2,511.11,11,93.49,Books,5622.21,Wednesday,October
2021-10-13,Product_1,491.41,10,63.11,Toys,4914.1,Wednesday,October
2021-10-13,Product_4,514.05,30,41.9,Electronics,15421.499999999998,Wednesday,October
2021-10-13,Product_3,435.75,17,99.29,Toys,7407.75,Wednesday,October
2021-10-14,Product_1,474.22,10,90.52,Clothing,4742.200000000001,Thursday,October
2021-10-14,Product_3,491.46,20,50.33,Clothing,9829.2,Thursday,October
2021-10-14,Product_4,507.22,30,69.87,Toys,15216.6,Thursday,October
2021-10-14,Product_2,607.89,13,75.8,Books,7902.57,Thursday,October
2021-10-15,Product_1,478.0,10,81.42,Toys,4780.0,Friday,October
2021-10-15,Product_3,470.11,19,32.01,Clothing,8932.09,Friday,October
2021-10-15,Product_2,539.95,12,53.2,Food,6479.400000000001,Friday,October
2021-10-15,Product_4,491.91,29,24.78,Clothing,14265.39,Friday,October
2021-10-16,Product_3,497.25,20,52.14,Books,9945.0,Saturday,October
2021-10-16,Product_2,567.83,12,87.87,Books,6813.960000000001,Saturday,October
2021-10-16,Product_4,520.93,30,89.18,Books,15627.899999999998,Saturday,October
2021-10-16,Product_1,482.59,10,34.52,Food,4825.9,Saturday,October
2021-10-17,Product_4,499.67,29,80.73,Books,14490.43,Sunday,October
2021-10-17,Product_2,554.07,12,48.17,Toys,6648.84,Sunday,October
2021-10-17,Product_1,402.0,8,48.33,Books,3216.0,Sunday,October
2021-10-17,Product_3,448.67,18,36.24,Books,8076.06,Sunday,October
2021-10-18,Product_3,422.9,17,32.49,Books,7189.299999999999,Monday,October
2021-10-18,Product_4,486.76,28,39.1,Toys,13629.28,Monday,October
2021-10-18,Product_2,513.88,11,76.9,Toys,5652.68,Monday,October
2021-10-18,Product_1,430.06,9,42.58,Electronics,3870.54,Monday,October
2021-10-19,Product_1,445.58,9,54.41,Clothing,4010.22,Tuesday,October
2021-10-19,Product_3,423.38,17,39.4,Food,7197.46,Tuesday,October
2021-10-19,Product_2,511.4,11,41.88,Books,5625.4,Tuesday,October
2021-10-19,Product_4,510.23,30,44.83,Books,15306.9,Tuesday,October
2021-10-20,Product_4,551.8,32,53.71,Toys,17657.6,Wednesday,October
2021-10-20,Product_3,462.29,18,94.96,Electronics,8321.220000000001,Wednesday,October
2021-10-20,Product_2,585.34,13,21.84,Clothing,7609.42,Wednesday,October
2021-10-20,Product_1,472.22,10,58.23,Food,4722.200000000001,Wednesday,October
2021-10-21,Product_3,469.82,19,39.18,Toys,8926.58,Thursday,October
2021-10-21,Product_2,553.81,12,29.52,Food,6645.719999999999,Thursday,October
2021-10-21,Product_4,520.36,30,72.27,Electronics,15610.8,Thursday,October
2021-10-21,Product_1,498.18,11,63.24,Clothing,5479.9800000000005,Thursday,October
2021-10-22,Product_1,482.11,10,66.46,Electronics,4821.1,Friday,October
2021-10-22,Product_2,585.42,13,59.88,Books,7610.459999999999,Friday,October
2021-10-22,Product_4,537.76,31,80.0,Food,16670.56,Friday,October
2021-10-22,Product_3,528.34,21,53.32,Books,11095.14,Friday,October
2021-10-23,Product_1,441.27,9,62.95,Books,3971.43,Saturday,October
2021-10-23,Product_2,597.52,13,30.58,Electronics,7767.76,Saturday,October
2021-10-23,Product_4,567.02,33,72.13,Food,18711.66,Saturday,October
2021-10-23,Product_3,473.53,19,23.78,Food,8997.07,Saturday,October
2021-10-24,Product_4,516.27,30,25.81,Food,15488.1,Sunday,October
2021-10-24,Product_3,426.24,17,89.08,Food,7246.08,Sunday,October
2021-10-24,Product_2,527.1,11,91.05,Food,5798.1,Sunday,October
2021-10-24,Product_1,464.07,10,67.9,Books,4640.7,Sunday,October
2021-10-25,Product_3,419.0,17,25.18,Food,7123.0,Monday,October
2021-10-25,Product_2,564.85,12,88.91,Books,6778.200000000001,Monday,October
2021-10-25,Product_4,493.73,29,26.39,Food,14318.17,Monday,October
2021-10-25,Product_1,442.6,9,95.22,Books,3983.4,Monday,October
2021-10-26,Product_2,511.17,11,76.68,Toys,5622.87,Tuesday,October
2021-10-26,Product_1,405.04,8,30.7,Electronics,3240.32,Tuesday,October
2021-10-26,Product_4,479.68,28,30.71,Toys,13431.04,Tuesday,October
2021-10-26,Product_3,496.23,20,40.05,Electronics,9924.6,Tuesday,October
2021-10-27,Product_1,449.97,9,28.95,Toys,4049.730000000001,Wednesday,October
2021-10-27,Product_2,538.98,12,79.87,Electronics,6467.76,Wednesday,October
2021-10-27,Product_3,429.27,17,88.94,Toys,7297.59,Wednesday,October
2021-10-27,Product_4,526.46,31,66.76,Clothing,16320.260000000002,Wednesday,October
2021-10-28,Product_4,552.17,32,39.07,Clothing,17669.44,Thursday,October
2021-10-28,Product_3,484.52,19,29.07,Books,9205.88,Thursday,October
2021-10-28,Product_1,469.04,10,64.84,Food,4690.400000000001,Thursday,October
2021-10-28,Product_2,513.5,11,83.32,Books,5648.5,Thursday,October
2021-10-29,Product_3,508.77,20,71.72,Electronics,10175.4,Friday,October
2021-10-29,Product_4,601.79,35,88.61,Food,21062.65,Friday,October
2021-10-29,Product_1,464.0,10,51.39,Books,4640.0,Friday,October
2021-10-29,Product_2,574.73,12,59.05,Books,6896.76,Friday,October
2021-10-30,Product_2,576.32,12,86.59,Food,6915.84,Saturday,October
2021-10-30,Product_4,554.31,32,70.3,Clothing,17737.92,Saturday,October
2021-10-30,Product_1,472.3,10,95.95,Food,4723.0,Saturday,October
2021-10-30,Product_3,471.17,19,96.86,Clothing,8952.23,Saturday,October
2021-10-31,Product_2,570.44,12,47.65,Clothing,6845.280000000001,Sunday,October
2021-10-31,Product_4,532.78,31,33.35,Electronics,16516.18,Sunday,October
2021-10-31,Product_1,408.32,9,99.43,Clothing,3674.88,Sunday,October
2021-10-31,Product_3,451.79,18,47.15,Clothing,8132.22,Sunday,October
2021-11-01,Product_4,483.55,28,45.47,Food,13539.4,Monday,November
2021-11-01,Product_2,521.89,11,41.73,Electronics,5740.79,Monday,November
2021-11-01,Product_3,483.91,19,90.64,Food,9194.29,Monday,November
2021-11-01,Product_1,476.37,10,25.78,Electronics,4763.7,Monday,November
2021-11-02,Product_2,582.23,13,80.61,Toys,7568.99,Tuesday,November
2021-11-02,Product_4,465.06,27,96.5,Books,12556.62,Tuesday,November
2021-11-02,Product_3,448.61,18,47.01,Clothing,8074.98,Tuesday,November
2021-11-02,Product_1,439.6,9,66.47,Electronics,3956.4,Tuesday,November
2021-11-03,Product_3,371.87,15,74.23,Toys,5578.05,Wednesday,November
2021-11-03,Product_4,532.67,31,48.04,Food,16512.77,Wednesday,November
2021-11-03,Product_1,465.81,10,64.31,Electronics,4658.1,Wednesday,November
2021-11-03,Product_2,638.83,14,36.92,Toys,8943.62,Wednesday,November
2021-11-04,Product_4,569.37,33,62.74,Toys,18789.21,Thursday,November
2021-11-04,Product_3,488.5,19,51.89,Clothing,9281.5,Thursday,November
2021-11-04,Product_1,589.43,13,23.08,Electronics,7662.589999999999,Thursday,November
2021-11-04,Product_2,559.59,12,98.85,Toys,6715.08,Thursday,November
2021-11-05,Product_3,486.17,19,70.34,Food,9237.23,Friday,November
2021-11-05,Product_4,495.1,29,29.86,Food,14357.9,Friday,November
2021-11-05,Product_1,461.91,10,71.98,Books,4619.1,Friday,November
2021-11-05,Product_2,558.72,12,90.08,Clothing,6704.64,Friday,November
2021-11-06,Product_2,571.82,12,84.87,Food,6861.84,Saturday,November
2021-11-06,Product_3,422.13,17,75.19,Electronics,7176.21,Saturday,November
2021-11-06,Product_4,530.4,31,62.74,Food,16442.399999999998,Saturday,November
2021-11-06,Product_1,493.02,10,93.4,Electronics,4930.2,Saturday,November
2021-11-07,Product_2,472.23,10,27.26,Clothing,4722.3,Sunday,November
2021-11-07,Product_1,369.98,8,43.48,Toys,2959.84,Sunday,November
2021-11-07,Product_3,456.76,18,77.69,Books,8221.68,Sunday,November
2021-11-07,Product_4,524.29,31,31.32,Electronics,16252.989999999998,Sunday,November
2021-11-08,Product_4,491.51,29,28.88,Toys,14253.79,Monday,November
2021-11-08,Product_1,395.98,8,55.91,Clothing,3167.84,Monday,November
2021-11-08,Product_2,563.82,12,33.33,Clothing,6765.84,Monday,November
2021-11-08,Product_3,444.84,18,57.51,Toys,8007.12,Monday,November
2021-11-09,Product_2,551.35,12,25.83,Electronics,6616.200000000001,Tuesday,November
2021-11-09,Product_4,491.72,29,47.79,Electronics,14259.88,Tuesday,November
2021-11-09,Product_3,413.48,16,39.63,Food,6615.68,Tuesday,November
2021-11-09,Product_1,399.32,8,83.92,Books,3194.56,Tuesday,November
2021-11-10,Product_4,572.76,34,92.09,Food,19473.84,Wednesday,November
2021-11-10,Product_2,564.49,12,72.69,Books,6773.88,Wednesday,November
2021-11-10,Product_1,478.89,10,21.09,Electronics,4788.9,Wednesday,November
2021-11-10,Product_3,492.29,20,62.79,Electronics,9845.8,Wednesday,November
2021-11-11,Product_1,458.24,10,87.01,Books,4582.4,Thursday,November
2021-11-11,Product_4,514.33,30,33.05,Electronics,15429.9,Thursday,November
2021-11-11,Product_2,553.71,12,99.81,Clothing,6644.52,Thursday,November
2021-11-11,Product_3,391.39,15,61.59,Electronics,5870.849999999999,Thursday,November
2021-11-12,Product_1,475.88,10,20.2,Toys,4758.8,Friday,November
2021-11-12,Product_4,508.85,30,99.78,Electronics,15265.5,Friday,November
2021-11-12,Product_2,572.57,12,97.23,Electronics,6870.84,Friday,November
2021-11-12,Product_3,464.98,18,98.34,Food,8369.64,Friday,November
2021-11-13,Product_3,466.5,18,73.59,Food,8397.0,Saturday,November
2021-11-13,Product_1,462.86,10,56.93,Clothing,4628.6,Saturday,November
2021-11-13,Product_2,524.59,11,59.9,Clothing,5770.490000000001,Saturday,November
2021-11-13,Product_4,525.13,31,85.17,Electronics,16279.03,Saturday,November
2021-11-14,Product_2,584.97,13,74.74,Electronics,7604.610000000001,Sunday,November
2021-11-14,Product_4,468.88,27,92.98,Electronics,12659.76,Sunday,November
2021-11-14,Product_1,488.9,10,37.92,Books,4889.0,Sunday,November
2021-11-14,Product_3,492.44,20,43.99,Toys,9848.8,Sunday,November
2021-11-15,Product_3,413.49,16,46.79,Food,6615.84,Monday,November
2021-11-15,Product_1,409.11,9,85.93,Clothing,3681.99,Monday,November
2021-11-15,Product_4,502.37,29,43.46,Food,14568.73,Monday,November
2021-11-15,Product_2,557.04,12,65.63,Electronics,6684.48,Monday,November
2021-11-16,Product_2,590.15,13,31.88,Toys,7671.95,Tuesday,November
2021-11-16,Product_4,511.34,30,87.73,Clothing,15340.2,Tuesday,November
2021-11-16,Product_1,408.24,9,90.26,Books,3674.16,Tuesday,November
2021-11-16,Product_3,485.62,19,50.5,Electronics,9226.78,Tuesday,November
2021-11-17,Product_1,465.9,10,88.76,Toys,4659.0,Wednesday,November
2021-11-17,Product_3,481.16,19,36.26,Toys,9142.04,Wednesday,November
2021-11-17,Product_4,516.8,30,72.3,Books,15503.999999999998,Wednesday,November
2021-11-17,Product_2,581.95,13,98.29,Books,7565.35,Wednesday,November
2021-11-18,Product_2,560.75,12,45.82,Toys,6729.0,Thursday,November
2021-11-18,Product_4,559.92,33,68.79,Electronics,18477.36,Thursday,November
2021-11-18,Product_1,472.5,10,62.78,Electronics,4725.0,Thursday,November
2021-11-18,Product_3,519.51,21,23.96,Books,10909.71,Thursday,November
2021-11-19,Product_2,548.49,12,60.05,Toys,6581.88,Friday,November
2021-11-19,Product_3,478.34,19,79.28,Toys,9088.46,Friday,November
2021-11-19,Product_4,558.27,33,53.78,Electronics,18422.91,Friday,November
2021-11-19,Product_1,447.88,9,52.81,Books,4030.92,Friday,November
2021-11-20,Product_3,476.76,19,87.11,Books,9058.44,Saturday,November
2021-11-20,Product_2,521.39,11,80.52,Toys,5735.29,Saturday,November
2021-11-20,Product_4,516.44,30,89.89,Electronics,15493.2,Saturday,November
2021-11-20,Product_1,464.66,10,81.23,Food,4646.6,Saturday,November
2021-11-21,Product_1,425.4,9,76.12,Clothing,3828.6,Sunday,November
2021-11-21,Product_5,174.17,3,62.58,Electronics,522.51,Sunday,November
2021-11-21,Product_2,583.01,13,95.73,Toys,7579.13,Sunday,November
2021-11-21,Product_3,429.3,17,33.12,Electronics,7298.1,Sunday,November
2021-11-21,Product_4,563.02,33,79.78,Toys,18579.66,Sunday,November
2021-11-22,Product_1,495.34,10,97.91,Toys,4953.4,Monday,November
2021-11-22,Product_3,467.96,19,38.24,Food,8891.24,Monday,November
2021-11-22,Product_4,502.75,29,28.55,Toys,14579.75,Monday,November
2021-11-22,Product_2,570.28,12,98.79,Electronics,6843.36,Monday,November
2021-11-23,Product_3,448.23,18,98.86,Toys,8068.14,Tuesday,November
2021-11-23,Product_4,512.69,30,61.56,Food,15380.7,Tuesday,November
2021-11-23,Product_1,488.48,10,78.4,Clothing,4884.8,Tuesday,November
2021-11-23,Product_2,499.03,11,67.39,Food,5489.33,Tuesday,November
2021-11-24,Product_3,528.7,21,32.68,Food,11102.7,Wednesday,November
2021-11-24,Product_4,562.04,33,37.98,Food,18547.32,Wednesday,November
2021-11-24,Product_1,488.23,10,81.71,Clothing,4882.3,Wednesday,November
2021-11-24,Product_2,549.57,12,92.22,Toys,6594.84,Wednesday,November
2021-11-25,Product_1,458.1,10,27.07,Books,4581.0,Thursday,November
2021-11-25,Product_4,591.73,35,61.54,Books,20710.55,Thursday,November
2021-11-25,Product_5,208.06,4,22.77,Clothing,832.24,Thursday,November
2021-11-25,Product_3,530.06,21,66.92,Clothing,11131.259999999998,Thursday,November
2021-11-25,Product_2,567.86,12,25.55,Books,6814.32,Thursday,November
2021-11-26,Product_1,520.83,11,35.62,Food,5729.13,Friday,November
2021-11-26,Product_4,568.57,33,97.92,Books,18762.81,Friday,November
2021-11-26,Product_3,552.22,22,55.87,Food,12148.84,Friday,November
2021-11-26,Product_2,628.32,14,59.3,Books,8796.480000000001,Friday,November
2021-11-27,Product_2,560.36,12,75.04,Food,6724.32,Saturday,November
2021-11-27,Product_1,533.22,11,79.04,Clothing,5865.42,Saturday,November
2021-11-27,Product_4,538.65,32,39.21,Food,17236.8,Saturday,November
2021-11-27,Product_3,497.82,20,23.73,Clothing,9956.4,Saturday,November
2021-11-28,Product_2,536.43,12,70.86,Books,6437.16,Sunday,November
2021-11-28,Product_1,486.2,10,82.67,Toys,4862.0,Sunday,November
2021-11-28,Product_3,435.5,17,79.76,Clothing,7403.5,Sunday,November
2021-11-28,Product_4,539.08,32,27.62,Electronics,17250.56,Sunday,November
2021-11-29,Product_1,464.27,10,38.61,Food,4642.7,Monday,November
2021-11-29,Product_4,499.94,29,31.44,Books,14498.26,Monday,November
2021-11-29,Product_2,627.53,14,29.97,Electronics,8785.42,Monday,November
2021-11-29,Product_3,425.32,17,86.38,Toys,7230.44,Monday,November
2021-11-30,Product_1,446.66,9,56.73,Toys,4019.94,Tuesday,November
2021-11-30,Product_2,516.12,11,36.79,Books,5677.32,Tuesday,November
2021-11-30,Product_4,510.98,30,90.41,Clothing,15329.4,Tuesday,November
2021-11-30,Product_3,439.71,17,67.92,Electronics,7475.07,Tuesday,November
2021-12-01,Product_1,478.92,10,69.51,Electronics,4789.2,Wednesday,December
2021-12-01,Product_2,571.88,12,20.06,Toys,6862.56,Wednesday,December
2021-12-01,Product_4,589.17,35,67.42,Electronics,20620.95,Wednesday,December
2021-12-01,Product_3,479.32,19,82.14,Food,9107.08,Wednesday,December
2021-12-02,Product_1,528.57,11,45.71,Food,5814.27,Thursday,December
2021-12-02,Product_3,533.38,21,76.65,Books,11200.98,Thursday,December
2021-12-02,Product_2,529.25,11,49.33,Electronics,5821.75,Thursday,December
2021-12-02,Product_4,561.62,33,70.96,Clothing,18533.46,Thursday,December
2021-12-03,Product_2,573.23,12,84.84,Electronics,6878.76,Friday,December
2021-12-03,Product_1,472.48,10,94.42,Books,4724.8,Friday,December
2021-12-03,Product_3,477.78,19,69.79,Clothing,9077.82,Friday,December
2021-12-03,Product_4,544.76,32,74.42,Clothing,17432.32,Friday,December
2021-12-04,Product_4,555.58,33,35.65,Food,18334.140000000003,Saturday,December
2021-12-04,Product_3,465.06,18,49.69,Clothing,8371.08,Saturday,December
2021-12-04,Product_2,583.35,13,90.22,Clothing,7583.55,Saturday,December
2021-12-04,Product_1,518.45,11,72.15,Clothing,5702.950000000001,Saturday,December
2021-12-05,Product_3,420.48,17,25.83,Food,7148.16,Sunday,December
2021-12-05,Product_2,619.97,13,91.55,Toys,8059.610000000001,Sunday,December
2021-12-05,Product_1,523.73,11,41.62,Books,5761.030000000001,Sunday,December
2021-12-05,Product_4,550.73,32,70.99,Books,17623.36,Sunday,December
2021-12-06,Product_4,485.37,28,78.12,Food,13590.36,Monday,December
2021-12-06,Product_3,442.97,18,73.09,Clothing,7973.460000000001,Monday,December
2021-12-06,Product_2,631.6,14,66.97,Books,8842.4,Monday,December
2021-12-06,Product_1,446.59,9,33.87,Toys,4019.31,Monday,December
2021-12-07,Product_3,534.94,21,52.08,Electronics,11233.740000000002,Tuesday,December
2021-12-07,Product_4,557.78,33,90.28,Food,18406.74,Tuesday,December
2021-12-07,Product_2,608.23,13,51.57,Food,7906.99,Tuesday,December
2021-12-07,Product_1,444.57,9,68.41,Electronics,4001.13,Tuesday,December
2021-12-08,Product_4,578.59,34,89.45,Food,19672.06,Wednesday,December
2021-12-08,Product_2,551.84,12,81.09,Electronics,6622.08,Wednesday,December
2021-12-08,Product_3,469.45,19,64.66,Books,8919.55,Wednesday,December
2021-12-08,Product_1,507.07,11,46.25,Clothing,5577.77,Wednesday,December
2021-12-09,Product_4,531.73,31,74.51,Books,16483.63,Thursday,December
2021-12-09,Product_3,510.57,20,56.06,Food,10211.4,Thursday,December
2021-12-09,Product_2,601.48,13,22.96,Books,7819.24,Thursday,December
2021-12-09,Product_1,485.81,10,92.12,Toys,4858.1,Thursday,December
2021-12-10,Product_1,517.42,11,47.11,Electronics,5691.62,Friday,December
2021-12-10,Product_2,568.08,12,31.02,Toys,6816.960000000001,Friday,December
2021-12-10,Product_4,563.18,33,89.36,Food,18584.94,Friday,December
2021-12-10,Product_3,477.5,19,35.09,Electronics,9072.5,Friday,December
2021-12-11,Product_3,514.0,20,80.03,Food,10280.0,Saturday,December
2021-12-11,Product_2,575.55,12,81.45,Electronics,6906.599999999999,Saturday,December
2021-12-11,Product_1,450.99,9,38.33,Electronics,4058.91,Saturday,December
2021-12-11,Product_4,557.3,33,43.73,Clothing,18390.9,Saturday,December
2021-12-12,Product_1,529.72,11,75.29,Toys,5826.92,Sunday,December
2021-12-12,Product_2,618.62,13,49.38,Toys,8042.06,Sunday,December
2021-12-12,Product_4,552.46,32,89.09,Clothing,17678.72,Sunday,December
2021-12-12,Product_3,468.13,19,78.08,Clothing,8894.47,Sunday,December
2021-12-13,Product_1,461.42,10,46.53,Food,4614.2,Monday,December
2021-12-13,Product_2,575.28,12,36.07,Food,6903.36,Monday,December
2021-12-13,Product_4,527.02,31,34.0,Books,16337.62,Monday,December
2021-12-13,Product_3,479.09,19,41.24,Food,9102.71,Monday,December
2021-12-14,Product_2,565.08,12,34.76,Toys,6780.960000000001,Tuesday,December
2021-12-14,Product_3,479.82,19,30.64,Clothing,9116.58,Tuesday,December
2021-12-14,Product_4,548.34,32,39.97,Toys,17546.88,Tuesday,December
2021-12-14,Product_1,437.38,9,84.32,Clothing,3936.42,Tuesday,December
2021-12-15,Product_3,478.03,19,29.94,Food,9082.57,Wednesday,December
2021-12-15,Product_4,546.05,32,23.08,Clothing,17473.6,Wednesday,December
2021-12-15,Product_2,614.84,13,34.77,Clothing,7992.92,Wednesday,December
2021-12-15,Product_1,519.44,11,67.8,Books,5713.84,Wednesday,December
2021-12-16,Product_4,580.29,34,49.56,Food,19729.86,Thursday,December
2021-12-16,Product_3,569.46,23,27.58,Electronics,13097.580000000002,Thursday,December
2021-12-16,Product_2,738.89,16,25.96,Food,11822.24,Thursday,December
2021-12-16,Product_1,474.47,10,57.81,Electronics,4744.700000000001,Thursday,December
2021-12-17,Product_3,490.75,19,44.2,Clothing,9324.25,Friday,December
2021-12-17,Product_4,543.54,32,63.69,Books,17393.28,Friday,December
2021-12-17,Product_1,482.27,10,48.68,Electronics,4822.7,Friday,December
2021-12-17,Product_5,194.83,4,37.06,Food,779.32,Friday,December
2021-12-17,Product_2,588.2,13,60.98,Electronics,7646.6,Friday,December
2021-12-18,Product_1,515.07,11,23.32,Books,5665.77,Saturday,December
2021-12-18,Product_2,607.79,13,37.95,Electronics,7901.269999999999,Saturday,December
2021-12-18,Product_5,199.37,4,43.75,Electronics,797.48,Saturday,December
2021-12-18,Product_4,630.75,37,23.82,Toys,23337.75,Saturday,December
2021-12-18,Product_3,525.59,21,25.79,Electronics,11037.39,Saturday,December
2021-12-19,Product_1,501.74,11,56.42,Books,5519.14,Sunday,December
2021-12-19,Product_2,531.95,11,79.61,Toys,5851.450000000001,Sunday,December
2021-12-19,Product_3,517.98,21,30.13,Electronics,10877.58,Sunday,December
2021-12-19,Product_5,186.91,4,57.97,Toys,747.64,Sunday,December
2021-12-19,Product_4,524.48,31,27.77,Food,16258.88,Sunday,December
2021-12-20,Product_4,554.04,32,47.11,Books,17729.28,Monday,December
2021-12-20,Product_3,447.97,18,70.26,Clothing,8063.460000000001,Monday,December
2021-12-20,Product_2,607.64,13,43.63,Clothing,7899.32,Monday,December
2021-12-20,Product_1,437.24,9,21.05,Toys,3935.16,Monday,December
2021-12-21,Product_4,517.4,30,35.61,Toys,15522.0,Tuesday,December
2021-12-21,Product_3,466.68,19,92.14,Electronics,8866.92,Tuesday,December
2021-12-21,Product_2,564.53,12,48.35,Books,6774.36,Tuesday,December
2021-12-21,Product_1,486.84,10,72.74,Food,4868.4,Tuesday,December
2021-12-22,Product_3,483.76,19,94.69,Electronics,9191.44,Wednesday,December
2021-12-22,Product_1,499.24,11,67.74,Books,5491.64,Wednesday,December
2021-12-22,Product_2,618.71,13,43.35,Food,8043.23,Wednesday,December
2021-12-22,Product_4,594.07,35,93.95,Books,20792.45,Wednesday,December
2021-12-23,Product_1,518.87,11,58.06,Toys,5707.57,Thursday,December
2021-12-23,Product_4,552.97,32,70.27,Food,17695.04,Thursday,December
2021-12-23,Product_3,524.52,21,95.89,Food,11014.92,Thursday,December
2021-12-23,Product_2,595.88,13,93.4,Toys,7746.44,Thursday,December
2021-12-24,Product_1,574.83,12,68.18,Clothing,6897.960000000001,Friday,December
2021-12-24,Product_3,570.45,23,63.51,Clothing,13120.35,Friday,December
2021-12-24,Product_4,586.01,34,67.65,Clothing,19924.34,Friday,December
2021-12-24,Product_5,204.15,4,71.38,Clothing,816.6,Friday,December
2021-12-24,Product_2,589.72,13,35.87,Toys,7666.360000000001,Friday,December
2021-12-25,Product_1,517.11,11,64.69,Food,5688.21,Saturday,December
2021-12-25,Product_3,501.79,20,77.3,Toys,10035.8,Saturday,December
2021-12-25,Product_2,626.39,14,55.37,Clothing,8769.46,Saturday,December
2021-12-25,Product_4,589.1,35,56.3,Clothing,20618.5,Saturday,December
2021-12-26,Product_4,547.53,32,77.77,Books,17520.96,Sunday,December
2021-12-26,Product_2,615.8,13,40.66,Toys,8005.4,Sunday,December
2021-12-26,Product_1,477.46,10,26.42,Food,4774.599999999999,Sunday,December
2021-12-26,Product_3,467.29,19,85.09,Electronics,8878.51,Sunday,December
2021-12-27,Product_4,510.15,30,88.4,Toys,15304.5,Monday,December
2021-12-27,Product_2,561.38,12,75.19,Electronics,6736.56,Monday,December
2021-12-27,Product_1,503.14,11,97.43,Food,5534.54,Monday,December
2021-12-27,Product_3,475.24,19,60.31,Food,9029.56,Monday,December
2021-12-28,Product_2,629.91,14,57.65,Clothing,8818.74,Tuesday,December
2021-12-28,Product_3,505.79,20,69.52,Toys,10115.8,Tuesday,December
2021-12-28,Product_1,519.64,11,96.61,Books,5716.04,Tuesday,December
2021-12-28,Product_4,624.11,37,60.68,Food,23092.07,Tuesday,December
2021-12-29,Product_4,572.97,34,72.12,Books,19480.98,Wednesday,December
2021-12-29,Product_1,510.97,11,37.95,Electronics,5620.67,Wednesday,December
2021-12-29,Product_3,494.19,20,71.7,Clothing,9883.8,Wednesday,December
2021-12-29,Product_2,577.52,12,81.07,Electronics,6930.24,Wednesday,December
2021-12-30,Product_4,582.02,34,92.11,Electronics,19788.68,Thursday,December
2021-12-30,Product_2,561.39,12,88.96,Clothing,6736.68,Thursday,December
2021-12-30,Product_3,550.5,22,61.16,Toys,12111.0,Thursday,December
2021-12-30,Product_1,600.06,13,69.63,Clothing,7800.779999999999,Thursday,December
2021-12-31,Product_2,617.42,13,86.95,Toys,8026.459999999999,Friday,December
2021-12-31,Product_1,549.16,12,95.05,Electronics,6589.92,Friday,December
2021-12-31,Product_4,578.09,34,65.21,Electronics,19655.06,Friday,December
2021-12-31,Product_3,473.96,19,79.96,Electronics,9005.24,Friday,December
2022-01-01,Product_2,589.05,13,67.71,Food,7657.65,Saturday,January
2022-01-01,Product_1,512.47,11,36.32,Clothing,5637.17,Saturday,January
2022-01-01,Product_3,534.2,21,40.81,Toys,11218.2,Saturday,January
2022-01-01,Product_4,600.66,35,61.13,Toys,21023.1,Saturday,January
2022-01-02,Product_1,545.84,12,63.21,Food,6550.08,Sunday,January
2022-01-02,Product_4,579.63,34,21.56,Food,19707.42,Sunday,January
2022-01-02,Product_2,589.25,13,44.78,Electronics,7660.25,Sunday,January
2022-01-02,Product_3,485.68,19,83.65,Food,9227.92,Sunday,January
2022-01-03,Product_2,585.91,13,37.72,Books,7616.83,Monday,January
2022-01-03,Product_3,521.42,21,74.63,Clothing,10949.82,Monday,January
2022-01-03,Product_4,558.42,33,70.95,Food,18427.86,Monday,January
2022-01-03,Product_1,467.09,10,22.73,Electronics,4670.9,Monday,January
2022-01-04,Product_1,452.61,9,41.32,Toys,4073.49,Tuesday,January
2022-01-04,Product_2,570.97,12,32.74,Clothing,6851.64,Tuesday,January
2022-01-04,Product_4,591.91,35,92.29,Toys,20716.85,Tuesday,January
2022-01-04,Product_3,565.72,23,27.26,Toys,13011.56,Tuesday,January
2022-01-05,Product_4,613.17,36,60.78,Food,22074.12,Wednesday,January
2022-01-05,Product_2,614.96,13,68.39,Food,7994.48,Wednesday,January
2022-01-05,Product_5,183.34,4,86.64,Electronics,733.36,Wednesday,January
2022-01-05,Product_1,510.75,11,98.17,Toys,5618.25,Wednesday,January
2022-01-05,Product_3,566.54,23,70.05,Electronics,13030.419999999998,Wednesday,January
2022-01-06,Product_1,526.68,11,44.28,Clothing,5793.48,Thursday,January
2022-01-06,Product_4,592.15,35,51.61,Books,20725.25,Thursday,January
2022-01-06,Product_2,594.21,13,44.11,Toys,7724.73,Thursday,January
2022-01-06,Product_3,541.15,22,68.39,Books,11905.3,Thursday,January
2022-01-06,Product_5,179.93,3,24.28,Clothing,539.79,Thursday,January
2022-01-07,Product_1,505.41,11,64.35,Toys,5559.51,Friday,January
2022-01-07,Product_4,592.14,35,22.23,Books,20724.9,Friday,January
2022-01-07,Product_2,629.26,14,98.51,Clothing,8809.64,Friday,January
2022-01-07,Product_3,579.21,23,90.21,Toys,13321.830000000002,Friday,January
2022-01-08,Product_1,486.94,10,31.02,Books,4869.4,Saturday,January
2022-01-08,Product_2,570.0,12,73.44,Clothing,6840.0,Saturday,January
2022-01-08,Product_3,529.77,21,59.26,Food,11125.17,Saturday,January
2022-01-08,Product_5,175.78,3,68.31,Toys,527.34,Saturday,January
2022-01-08,Product_4,573.57,34,46.68,Clothing,19501.38,Saturday,January
2022-01-09,Product_4,529.94,31,71.89,Clothing,16428.140000000003,Sunday,January
2022-01-09,Product_1,502.86,11,32.0,Toys,5531.46,Sunday,January
2022-01-09,Product_2,546.27,12,68.75,Food,6555.24,Sunday,January
2022-01-09,Product_3,482.24,19,99.57,Food,9162.56,Sunday,January
2022-01-10,Product_1,467.91,10,23.52,Clothing,4679.1,Monday,January
2022-01-10,Product_3,514.48,20,66.99,Toys,10289.6,Monday,January
2022-01-10,Product_4,516.21,30,58.44,Books,15486.3,Monday,January
2022-01-10,Product_2,572.07,12,76.54,Food,6864.84,Monday,January
2022-01-11,Product_3,474.63,19,23.07,Books,9017.97,Tuesday,January
2022-01-11,Product_4,566.04,33,29.86,Books,18679.32,Tuesday,January
2022-01-11,Product_1,537.77,11,23.43,Toys,5915.469999999999,Tuesday,January
2022-01-11,Product_2,579.79,12,59.71,Electronics,6957.48,Tuesday,January
2022-01-12,Product_1,555.59,12,34.21,Books,6667.08,Wednesday,January
2022-01-12,Product_2,693.93,15,50.53,Electronics,10408.95,Wednesday,January
2022-01-12,Product_4,592.16,35,60.88,Books,20725.6,Wednesday,January
2022-01-12,Product_3,557.35,22,68.02,Food,12261.7,Wednesday,January
2022-01-13,Product_4,625.92,37,82.18,Clothing,23159.04,Thursday,January
2022-01-13,Product_5,184.97,4,81.21,Books,739.88,Thursday,January
2022-01-13,Product_1,553.99,12,87.62,Toys,6647.88,Thursday,January
2022-01-13,Product_2,647.78,14,48.36,Books,9068.92,Thursday,January
2022-01-13,Product_3,531.11,21,92.7,Toys,11153.31,Thursday,January
2022-01-14,Product_5,186.82,4,90.03,Electronics,747.28,Friday,January
2022-01-14,Product_4,589.08,35,83.2,Books,20617.800000000003,Friday,January
2022-01-14,Product_1,532.82,11,70.7,Electronics,5861.02,Friday,January
2022-01-14,Product_2,617.09,13,76.3,Books,8022.17,Friday,January
2022-01-14,Product_3,502.28,20,56.26,Electronics,10045.6,Friday,January
2022-01-15,Product_1,528.45,11,56.85,Toys,5812.950000000001,Saturday,January
2022-01-15,Product_3,505.4,20,95.11,Clothing,10108.0,Saturday,January
2022-01-15,Product_4,569.77,33,55.69,Food,18802.41,Saturday,January
2022-01-15,Product_2,638.94,14,92.92,Toys,8945.16,Saturday,January
2022-01-16,Product_4,601.41,35,31.84,Toys,21049.35,Sunday,January
2022-01-16,Product_2,655.37,14,99.79,Toys,9175.18,Sunday,January
2022-01-16,Product_3,470.18,19,51.97,Books,8933.42,Sunday,January
2022-01-16,Product_1,545.19,12,80.25,Clothing,6542.280000000001,Sunday,January
2022-01-16,Product_5,188.06,4,31.0,Toys,752.24,Sunday,January
2022-01-17,Product_2,574.37,12,63.26,Food,6892.4400000000005,Monday,January
2022-01-17,Product_4,601.21,35,21.51,Electronics,21042.35,Monday,January
2022-01-17,Product_1,513.59,11,41.58,Toys,5649.490000000001,Monday,January
2022-01-17,Product_3,500.57,20,50.76,Electronics,10011.4,Monday,January
2022-01-18,Product_2,608.2,13,44.89,Books,7906.6,Tuesday,January
2022-01-18,Product_4,589.46,35,46.56,Toys,20631.1,Tuesday,January
2022-01-18,Product_3,471.12,19,78.19,Toys,8951.28,Tuesday,January
2022-01-18,Product_1,507.28,11,23.06,Electronics,5580.08,Tuesday,January
2022-01-19,Product_2,587.43,13,86.68,Clothing,7636.589999999999,Wednesday,January
2022-01-19,Product_5,194.15,4,28.94,Food,776.6,Wednesday,January
2022-01-19,Product_3,516.56,21,98.14,Toys,10847.759999999998,Wednesday,January
2022-01-19,Product_4,582.23,34,23.19,Food,19795.82,Wednesday,January
2022-01-19,Product_1,483.09,10,95.0,Electronics,4830.9,Wednesday,January
2022-01-20,Product_4,579.22,34,84.13,Toys,19693.48,Thursday,January
2022-01-20,Product_2,628.15,14,95.7,Clothing,8794.1,Thursday,January
2022-01-20,Product_1,567.74,12,76.17,Toys,6812.88,Thursday,January
2022-01-20,Product_3,543.74,22,46.24,Toys,11962.28,Thursday,January
2022-01-21,Product_1,667.75,14,96.67,Food,9348.5,Friday,January
2022-01-21,Product_3,532.21,21,47.44,Clothing,11176.41,Friday,January
2022-01-21,Product_5,187.57,4,63.2,Electronics,750.28,Friday,January
2022-01-21,Product_4,617.2,36,88.04,Books,22219.2,Friday,January
2022-01-21,Product_2,631.29,14,72.35,Food,8838.06,Friday,January
2022-01-22,Product_2,775.12,17,61.98,Books,13177.04,Saturday,January
2022-01-22,Product_1,548.99,12,63.17,Books,6587.88,Saturday,January
2022-01-22,Product_3,520.34,21,80.46,Food,10927.14,Saturday,January
2022-01-22,Product_4,592.59,35,81.34,Clothing,20740.65,Saturday,January
2022-01-23,Product_1,479.8,10,31.65,Books,4798.0,Sunday,January
2022-01-23,Product_2,636.9,14,45.34,Food,8916.6,Sunday,January
2022-01-23,Product_4,584.63,34,26.0,Clothing,19877.42,Sunday,January
2022-01-23,Product_3,508.42,20,73.15,Clothing,10168.4,Sunday,January
2022-01-24,Product_1,539.83,11,94.12,Toys,5938.13,Monday,January
2022-01-24,Product_3,540.08,21,93.55,Electronics,11341.68,Monday,January
2022-01-24,Product_4,534.24,31,71.28,Books,16561.44,Monday,January
2022-01-24,Product_2,605.04,13,95.81,Toys,7865.519999999999,Monday,January
2022-01-25,Product_4,600.17,35,23.83,Toys,21005.95,Tuesday,January
2022-01-25,Product_1,468.3,10,29.02,Toys,4683.0,Tuesday,January
2022-01-25,Product_2,619.02,13,67.5,Electronics,8047.26,Tuesday,January
2022-01-25,Product_3,537.97,21,87.25,Electronics,11297.37,Tuesday,January
2022-01-26,Product_3,466.25,18,84.81,Clothing,8392.5,Wednesday,January
2022-01-26,Product_2,618.04,13,93.23,Books,8034.519999999999,Wednesday,January
2022-01-26,Product_4,572.94,34,40.02,Toys,19479.960000000003,Wednesday,January
2022-01-26,Product_1,528.48,11,54.37,Toys,5813.280000000001,Wednesday,January
2022-01-27,Product_3,593.99,24,36.98,Clothing,14255.76,Thursday,January
2022-01-27,Product_2,596.21,13,37.77,Food,7750.73,Thursday,January
2022-01-27,Product_1,570.82,12,36.57,Books,6849.84,Thursday,January
2022-01-27,Product_4,715.96,42,74.25,Electronics,30070.32,Thursday,January
2022-01-28,Product_1,620.03,13,32.45,Food,8060.389999999999,Friday,January
2022-01-28,Product_5,181.78,3,75.1,Electronics,545.34,Friday,January
2022-01-28,Product_4,598.71,35,29.64,Books,20954.85,Friday,January
2022-01-28,Product_2,658.42,14,50.9,Food,9217.88,Friday,January
2022-01-28,Product_3,479.81,19,48.59,Clothing,9116.39,Friday,January
2022-01-29,Product_2,621.31,13,64.83,Books,8077.029999999999,Saturday,January
2022-01-29,Product_1,528.92,11,69.18,Toys,5818.12,Saturday,January
2022-01-29,Product_5,185.28,4,63.41,Toys,741.12,Saturday,January
2022-01-29,Product_4,673.21,40,45.85,Books,26928.4,Saturday,January
2022-01-29,Product_3,556.9,22,24.51,Books,12251.8,Saturday,January
2022-01-30,Product_3,550.79,22,63.89,Books,12117.38,Sunday,January
2022-01-30,Product_2,637.79,14,42.02,Electronics,8929.06,Sunday,January
2022-01-30,Product_4,547.87,32,83.17,Toys,17531.84,Sunday,January
2022-01-30,Product_5,199.59,4,54.85,Clothing,798.36,Sunday,January
2022-01-30,Product_1,544.37,12,33.94,Books,6532.4400000000005,Sunday,January
2022-01-31,Product_4,532.04,31,40.85,Toys,16493.239999999998,Monday,January
2022-01-31,Product_2,587.84,13,35.18,Clothing,7641.92,Monday,January
2022-01-31,Product_1,598.61,13,41.58,Toys,7781.93,Monday,January
2022-01-31,Product_3,550.06,22,55.31,Electronics,12101.32,Monday,January
2022-02-01,Product_5,188.39,4,23.86,Food,753.56,Tuesday,February
2022-02-01,Product_1,570.93,12,79.66,Food,6851.16,Tuesday,February
2022-02-01,Product_2,666.78,14,40.15,Books,9334.92,Tuesday,February
2022-02-01,Product_3,513.51,20,28.9,Food,10270.2,Tuesday,February
2022-02-01,Product_4,634.44,37,83.69,Books,23474.28,Tuesday,February
2022-02-02,Product_2,660.38,14,68.89,Food,9245.32,Wednesday,February
2022-02-02,Product_5,195.72,4,41.17,Toys,782.88,Wednesday,February
2022-02-02,Product_1,498.19,11,57.41,Food,5480.09,Wednesday,February
2022-02-02,Product_4,649.07,38,95.1,Clothing,24664.660000000003,Wednesday,February
2022-02-02,Product_3,557.49,22,96.71,Toys,12264.78,Wednesday,February
2022-02-03,Product_2,665.22,14,36.61,Clothing,9313.08,Thursday,February
2022-02-03,Product_1,630.87,13,52.7,Clothing,8201.31,Thursday,February
2022-02-03,Product_4,596.81,35,25.66,Clothing,20888.35,Thursday,February
2022-02-03,Product_3,568.85,23,68.07,Toys,13083.55,Thursday,February
2022-02-04,Product_3,540.19,21,42.72,Electronics,11343.990000000002,Friday,February
2022-02-04,Product_4,644.94,38,30.05,Books,24507.72,Friday,February
2022-02-04,Product_1,527.19,11,97.56,Food,5799.09,Friday,February
2022-02-04,Product_2,712.06,15,82.03,Toys,10680.9,Friday,February
2022-02-05,Product_1,520.58,11,39.58,Clothing,5726.38,Saturday,February
2022-02-05,Product_4,648.37,38,98.51,Food,24638.06,Saturday,February
2022-02-05,Product_5,190.13,4,66.4,Clothing,760.52,Saturday,February
2022-02-05,Product_3,536.47,21,94.42,Books,11265.87,Saturday,February
2022-02-05,Product_2,641.39,14,20.78,Food,8979.46,Saturday,February
2022-02-06,Product_4,598.47,35,48.71,Books,20946.45,Sunday,February
2022-02-06,Product_3,519.33,21,32.44,Books,10905.93,Sunday,February
2022-02-06,Product_2,637.51,14,31.99,Food,8925.14,Sunday,February
2022-02-06,Product_1,536.98,11,54.97,Toys,5906.780000000001,Sunday,February
2022-02-07,Product_5,193.23,4,39.96,Clothing,772.92,Monday,February
2022-02-07,Product_2,595.28,13,82.68,Books,7738.639999999999,Monday,February
2022-02-07,Product_3,534.02,21,35.41,Food,11214.42,Monday,February
2022-02-07,Product_4,560.03,33,68.73,Toys,18480.99,Monday,February
2022-02-07,Product_1,529.82,11,77.07,Books,5828.02,Monday,February
2022-02-08,Product_3,533.76,21,27.64,Clothing,11208.96,Tuesday,February
2022-02-08,Product_4,553.85,32,70.01,Electronics,17723.2,Tuesday,February
2022-02-08,Product_1,550.71,12,90.36,Books,6608.52,Tuesday,February
2022-02-08,Product_2,614.45,13,76.73,Electronics,7987.85,Tuesday,February
2022-02-09,Product_1,521.97,11,29.65,Clothing,5741.67,Wednesday,February
2022-02-09,Product_2,640.13,14,85.06,Food,8961.82,Wednesday,February
2022-02-09,Product_3,472.12,19,29.58,Food,8970.28,Wednesday,February
2022-02-09,Product_4,541.08,32,33.58,Toys,17314.56,Wednesday,February
2022-02-10,Product_4,634.09,37,36.86,Books,23461.33,Thursday,February
2022-02-10,Product_3,528.65,21,30.23,Electronics,11101.65,Thursday,February
2022-02-10,Product_2,761.99,17,54.68,Toys,12953.83,Thursday,February
2022-02-10,Product_1,515.3,11,42.18,Books,5668.299999999999,Thursday,February
2022-02-11,Product_3,612.84,24,33.59,Electronics,14708.16,Friday,February
2022-02-11,Product_1,576.01,12,91.04,Clothing,6912.12,Friday,February
2022-02-11,Product_4,671.2,39,33.42,Books,26176.800000000003,Friday,February
2022-02-11,Product_2,643.94,14,94.36,Food,9015.16,Friday,February
2022-02-11,Product_5,180.69,3,97.38,Toys,542.0699999999999,Friday,February
2022-02-12,Product_5,211.61,4,70.79,Food,846.44,Saturday,February
2022-02-12,Product_1,561.01,12,81.12,Clothing,6732.12,Saturday,February
2022-02-12,Product_4,647.65,38,72.63,Books,24610.7,Saturday,February
2022-02-12,Product_2,638.27,14,79.43,Books,8935.779999999999,Saturday,February
2022-02-12,Product_3,531.35,21,24.86,Toys,11158.35,Saturday,February
2022-02-13,Product_4,560.07,33,35.93,Toys,18482.31,Sunday,February
2022-02-13,Product_2,653.38,14,54.79,Electronics,9147.32,Sunday,February
2022-02-13,Product_5,175.67,3,54.33,Books,527.01,Sunday,February
2022-02-13,Product_3,556.49,22,28.03,Clothing,12242.78,Sunday,February
2022-02-13,Product_1,529.12,11,28.31,Electronics,5820.32,Sunday,February
2022-02-14,Product_4,622.76,37,95.44,Electronics,23042.12,Monday,February
2022-02-14,Product_3,503.17,20,71.75,Toys,10063.4,Monday,February
2022-02-14,Product_1,549.27,12,65.93,Toys,6591.24,Monday,February
2022-02-14,Product_2,646.27,14,82.11,Electronics,9047.78,Monday,February
2022-02-15,Product_3,511.54,20,80.86,Electronics,10230.8,Tuesday,February
2022-02-15,Product_4,643.95,38,99.52,Books,24470.1,Tuesday,February
2022-02-15,Product_5,216.86,4,39.07,Clothing,867.44,Tuesday,February
2022-02-15,Product_1,509.64,11,20.16,Books,5606.04,Tuesday,February
2022-02-15,Product_2,600.69,13,22.89,Toys,7808.970000000001,Tuesday,February
2022-02-16,Product_1,521.22,11,34.89,Books,5733.42,Wednesday,February
2022-02-16,Product_4,642.9,38,20.26,Clothing,24430.2,Wednesday,February
2022-02-16,Product_3,545.55,22,34.24,Clothing,12002.1,Wednesday,February
2022-02-16,Product_2,609.21,13,79.44,Food,7919.73,Wednesday,February
2022-02-16,Product_5,193.12,4,70.14,Toys,772.48,Wednesday,February
2022-02-17,Product_4,654.14,38,25.29,Toys,24857.32,Thursday,February
2022-02-17,Product_3,544.12,22,26.53,Books,11970.64,Thursday,February
2022-02-17,Product_2,633.12,14,97.59,Toys,8863.68,Thursday,February
2022-02-17,Product_1,547.04,12,39.54,Toys,6564.48,Thursday,February
2022-02-18,Product_5,232.58,5,65.19,Books,1162.9,Friday,February
2022-02-18,Product_1,542.73,11,40.0,Clothing,5970.030000000001,Friday,February
2022-02-18,Product_3,605.89,24,26.32,Food,14541.36,Friday,February
2022-02-18,Product_2,704.8,15,53.13,Books,10572.0,Friday,February
2022-02-18,Product_4,625.83,37,62.58,Books,23155.710000000003,Friday,February
2022-02-19,Product_4,595.17,35,87.78,Electronics,20830.95,Saturday,February
2022-02-19,Product_3,546.82,22,87.82,Clothing,12030.04,Saturday,February
2022-02-19,Product_1,577.65,12,45.8,Electronics,6931.799999999999,Saturday,February
2022-02-19,Product_5,184.58,4,24.84,Food,738.32,Saturday,February
2022-02-19,Product_2,617.69,13,94.74,Electronics,8029.970000000001,Saturday,February
2022-02-20,Product_4,606.25,36,57.08,Electronics,21825.0,Sunday,February
2022-02-20,Product_2,669.95,15,56.75,Toys,10049.25,Sunday,February
2022-02-20,Product_1,555.27,12,74.7,Clothing,6663.24,Sunday,February
2022-02-20,Product_5,210.93,4,34.25,Books,843.72,Sunday,February
2022-02-20,Product_3,573.21,23,22.03,Toys,13183.830000000002,Sunday,February
2022-02-21,Product_4,638.15,37,53.77,Clothing,23611.55,Monday,February
2022-02-21,Product_3,512.76,20,64.37,Electronics,10255.2,Monday,February
2022-02-21,Product_2,585.99,13,73.13,Books,7617.87,Monday,February
2022-02-21,Product_1,522.42,11,60.67,Food,5746.62,Monday,February
2022-02-21,Product_5,186.46,4,48.16,Toys,745.84,Monday,February
2022-02-22,Product_4,600.04,35,61.81,Books,21001.4,Tuesday,February
2022-02-22,Product_2,583.66,13,24.4,Toys,7587.58,Tuesday,February
2022-02-22,Product_1,486.13,10,47.82,Books,4861.3,Tuesday,February
2022-02-22,Product_3,526.83,21,62.3,Toys,11063.43,Tuesday,February
2022-02-23,Product_1,586.65,12,62.91,Clothing,7039.799999999999,Wednesday,February
2022-02-23,Product_2,679.65,15,84.62,Toys,10194.75,Wednesday,February
2022-02-23,Product_3,545.49,22,75.67,Books,12000.78,Wednesday,February
2022-02-23,Product_4,618.02,36,93.86,Toys,22248.72,Wednesday,February
2022-02-23,Product_5,238.46,5,20.96,Books,1192.3,Wednesday,February
2022-02-24,Product_1,531.93,11,72.87,Food,5851.23,Thursday,February
2022-02-24,Product_2,691.2,15,97.77,Toys,10368.0,Thursday,February
2022-02-24,Product_5,211.58,4,63.72,Books,846.32,Thursday,February
2022-02-24,Product_3,576.23,23,45.57,Toys,13253.29,Thursday,February
2022-02-24,Product_4,631.56,37,48.5,Books,23367.72,Thursday,February
2022-02-25,Product_3,521.98,21,34.84,Electronics,10961.58,Friday,February
2022-02-25,Product_4,649.05,38,92.16,Clothing,24663.9,Friday,February
2022-02-25,Product_2,741.33,16,55.34,Toys,11861.28,Friday,February
2022-02-25,Product_1,543.66,12,68.71,Electronics,6523.92,Friday,February
2022-02-25,Product_5,195.13,4,75.07,Books,780.52,Friday,February
2022-02-26,Product_3,553.95,22,80.21,Toys,12186.9,Saturday,February
2022-02-26,Product_1,624.0,13,38.39,Food,8112.0,Saturday,February
2022-02-26,Product_5,213.89,4,20.1,Clothing,855.56,Saturday,February
2022-02-26,Product_4,604.01,35,47.12,Clothing,21140.35,Saturday,February
2022-02-26,Product_2,641.26,14,82.48,Electronics,8977.64,Saturday,February
2022-02-27,Product_5,213.35,4,46.55,Food,853.4,Sunday,February
2022-02-27,Product_2,641.47,14,35.08,Books,8980.58,Sunday,February
2022-02-27,Product_3,540.2,21,75.4,Electronics,11344.2,Sunday,February
2022-02-27,Product_1,560.67,12,67.37,Books,6728.039999999999,Sunday,February
2022-02-27,Product_4,634.68,37,51.91,Food,23483.16,Sunday,February
2022-02-28,Product_2,618.77,13,95.84,Toys,8044.01,Monday,February
2022-02-28,Product_5,186.55,4,21.36,Toys,746.2,Monday,February
2022-02-28,Product_4,592.43,35,26.46,Clothing,20735.05,Monday,February
2022-02-28,Product_1,533.69,11,78.82,Toys,5870.59,Monday,February
2022-02-28,Product_3,460.73,18,21.71,Electronics,8293.14,Monday,February
2022-03-01,Product_1,583.67,12,64.68,Clothing,7004.039999999999,Tuesday,March
2022-03-01,Product_2,594.95,13,69.41,Electronics,7734.35,Tuesday,March
2022-03-01,Product_5,178.74,3,35.33,Food,536.22,Tuesday,March
2022-03-01,Product_3,508.03,20,76.25,Food,10160.6,Tuesday,March
2022-03-01,Product_4,566.71,33,29.11,Clothing,18701.43,Tuesday,March
2022-03-02,Product_4,656.72,39,72.15,Electronics,25612.08,Wednesday,March
2022-03-02,Product_2,655.22,14,64.83,Electronics,9173.08,Wednesday,March
2022-03-02,Product_1,522.15,11,74.67,Clothing,5743.65,Wednesday,March
2022-03-02,Product_5,224.35,4,24.1,Books,897.4,Wednesday,March
2022-03-02,Product_3,602.65,24,79.54,Toys,14463.6,Wednesday,March
2022-03-03,Product_2,630.32,14,38.28,Clothing,8824.480000000001,Thursday,March
2022-03-03,Product_3,597.25,24,47.87,Clothing,14334.0,Thursday,March
2022-03-03,Product_4,645.18,38,47.88,Books,24516.84,Thursday,March
2022-03-03,Product_1,582.52,12,60.16,Electronics,6990.24,Thursday,March
2022-03-03,Product_5,190.7,4,77.94,Books,762.8,Thursday,March
2022-03-04,Product_1,632.84,13,42.88,Clothing,8226.92,Friday,March
2022-03-04,Product_2,617.85,13,88.86,Clothing,8032.05,Friday,March
2022-03-04,Product_5,223.07,4,67.87,Food,892.28,Friday,March
2022-03-04,Product_3,557.39,22,50.16,Electronics,12262.58,Friday,March
2022-03-04,Product_4,641.31,38,67.34,Books,24369.78,Friday,March
2022-03-05,Product_2,663.51,14,47.91,Toys,9289.14,Saturday,March
2022-03-05,Product_3,589.44,24,80.53,Toys,14146.56,Saturday,March
2022-03-05,Product_4,641.66,38,47.34,Food,24383.08,Saturday,March
2022-03-05,Product_5,189.76,4,70.32,Books,759.04,Saturday,March
2022-03-05,Product_1,518.6,11,75.23,Books,5704.6,Saturday,March
2022-03-06,Product_4,643.73,38,59.84,Clothing,24461.74,Sunday,March
2022-03-06,Product_1,624.09,13,32.49,Food,8113.17,Sunday,March
2022-03-06,Product_2,697.11,15,68.36,Books,10456.65,Sunday,March
2022-03-06,Product_5,207.59,4,20.63,Food,830.36,Sunday,March
2022-03-06,Product_3,501.07,20,93.44,Books,10021.4,Sunday,March
2022-03-07,Product_1,541.88,11,52.12,Electronics,5960.68,Monday,March
2022-03-07,Product_3,555.68,22,58.32,Electronics,12224.96,Monday,March
2022-03-07,Product_4,583.56,34,65.45,Toys,19841.04,Monday,March
2022-03-07,Product_5,203.02,4,38.96,Books,812.08,Monday,March
2022-03-07,Product_2,665.97,14,96.81,Toys,9323.58,Monday,March
2022-03-08,Product_2,647.65,14,35.5,Toys,9067.1,Tuesday,March
2022-03-08,Product_3,547.23,22,39.77,Electronics,12039.06,Tuesday,March
2022-03-08,Product_4,597.11,35,68.79,Food,20898.85,Tuesday,March
2022-03-08,Product_1,557.56,12,83.03,Clothing,6690.719999999999,Tuesday,March
2022-03-09,Product_4,634.85,37,64.42,Clothing,23489.45,Wednesday,March
2022-03-09,Product_1,551.67,12,25.65,Books,6620.039999999999,Wednesday,March
2022-03-09,Product_3,532.99,21,71.32,Toys,11192.79,Wednesday,March
2022-03-09,Product_2,647.11,14,31.54,Food,9059.54,Wednesday,March
2022-03-10,Product_2,666.65,14,55.86,Food,9333.1,Thursday,March
2022-03-10,Product_1,572.54,12,57.23,Electronics,6870.48,Thursday,March
2022-03-10,Product_5,210.05,4,52.7,Electronics,840.2,Thursday,March
2022-03-10,Product_4,594.28,35,50.7,Clothing,20799.8,Thursday,March
2022-03-10,Product_3,556.24,22,69.91,Electronics,12237.28,Thursday,March
2022-03-11,Product_3,593.55,24,20.04,Toys,14245.2,Friday,March
2022-03-11,Product_5,226.37,4,82.07,Books,905.48,Friday,March
2022-03-11,Product_4,662.14,39,74.31,Toys,25823.46,Friday,March
2022-03-11,Product_2,691.96,15,77.07,Toys,10379.4,Friday,March
2022-03-11,Product_1,629.08,13,34.15,Clothing,8178.040000000001,Friday,March
2022-03-12,Product_3,560.11,22,88.25,Food,12322.42,Saturday,March
2022-03-12,Product_1,584.25,12,53.35,Toys,7011.0,Saturday,March
2022-03-12,Product_5,256.56,5,94.15,Toys,1282.8,Saturday,March
2022-03-12,Product_2,639.84,14,42.49,Toys,8957.76,Saturday,March
2022-03-12,Product_4,654.66,38,55.44,Electronics,24877.08,Saturday,March
2022-03-13,Product_3,532.17,21,22.64,Toys,11175.57,Sunday,March
2022-03-13,Product_4,635.36,37,58.44,Toys,23508.32,Sunday,March
2022-03-13,Product_5,236.55,5,87.12,Books,1182.75,Sunday,March
2022-03-13,Product_1,558.71,12,84.44,Electronics,6704.52,Sunday,March
2022-03-13,Product_2,657.28,14,65.23,Toys,9201.92,Sunday,March
2022-03-14,Product_4,593.7,35,25.03,Clothing,20779.5,Monday,March
2022-03-14,Product_3,540.51,22,81.29,Clothing,11891.22,Monday,March
2022-03-14,Product_2,631.13,14,51.53,Electronics,8835.82,Monday,March
2022-03-14,Product_1,522.14,11,28.52,Clothing,5743.54,Monday,March
2022-03-15,Product_2,643.45,14,83.19,Food,9008.3,Tuesday,March
2022-03-15,Product_3,492.83,20,50.1,Books,9856.6,Tuesday,March
2022-03-15,Product_1,605.81,13,25.21,Electronics,7875.529999999999,Tuesday,March
2022-03-15,Product_4,595.04,35,35.01,Food,20826.4,Tuesday,March
2022-03-16,Product_5,228.39,5,30.01,Clothing,1141.9499999999998,Wednesday,March
2022-03-16,Product_1,535.69,11,48.11,Electronics,5892.59,Wednesday,March
2022-03-16,Product_4,559.11,33,53.06,Toys,18450.63,Wednesday,March
2022-03-16,Product_2,682.11,15,79.43,Food,10231.65,Wednesday,March
2022-03-16,Product_3,562.62,22,93.19,Food,12377.64,Wednesday,March
2022-03-17,Product_2,704.5,15,82.68,Electronics,10567.5,Thursday,March
2022-03-17,Product_5,203.4,4,68.25,Clothing,813.6,Thursday,March
2022-03-17,Product_4,639.15,38,98.14,Clothing,24287.7,Thursday,March
2022-03-17,Product_1,610.79,13,46.71,Clothing,7940.269999999999,Thursday,March
2022-03-17,Product_3,601.56,24,95.92,Toys,14437.44,Thursday,March
2022-03-18,Product_5,233.61,5,30.13,Books,1168.0500000000002,Friday,March
2022-03-18,Product_4,686.76,40,42.48,Electronics,27470.4,Friday,March
2022-03-18,Product_3,592.78,24,73.98,Books,14226.72,Friday,March
2022-03-18,Product_1,625.64,13,43.08,Electronics,8133.32,Friday,March
2022-03-18,Product_2,711.37,15,78.33,Toys,10670.55,Friday,March
2022-03-19,Product_3,596.51,24,91.17,Books,14316.24,Saturday,March
2022-03-19,Product_4,607.44,36,78.33,Electronics,21867.840000000004,Saturday,March
2022-03-19,Product_5,276.36,6,92.17,Electronics,1658.16,Saturday,March
2022-03-19,Product_1,554.07,12,54.15,Toys,6648.84,Saturday,March
2022-03-19,Product_2,697.26,15,93.53,Food,10458.9,Saturday,March
2022-03-20,Product_2,654.62,14,25.11,Toys,9164.68,Sunday,March
2022-03-20,Product_4,628.6,37,93.97,Books,23258.2,Sunday,March
2022-03-20,Product_3,606.1,24,55.26,Food,14546.4,Sunday,March
2022-03-20,Product_1,544.54,12,89.94,Books,6534.48,Sunday,March
2022-03-21,Product_4,577.27,34,40.67,Books,19627.18,Monday,March
2022-03-21,Product_3,567.39,23,53.78,Books,13049.97,Monday,March
2022-03-21,Product_1,576.75,12,61.8,Toys,6921.0,Monday,March
2022-03-21,Product_2,603.33,13,31.68,Books,7843.290000000001,Monday,March
2022-03-22,Product_3,519.23,21,26.26,Toys,10903.83,Tuesday,March
2022-03-22,Product_4,602.94,35,55.41,Food,21102.9,Tuesday,March
2022-03-22,Product_2,610.63,13,49.43,Food,7938.19,Tuesday,March
2022-03-22,Product_1,598.4,13,88.5,Electronics,7779.2,Tuesday,March
2022-03-22,Product_5,222.43,4,47.85,Electronics,889.72,Tuesday,March
2022-03-23,Product_1,589.17,13,92.92,Toys,7659.209999999999,Wednesday,March
2022-03-23,Product_2,700.79,15,26.83,Clothing,10511.85,Wednesday,March
2022-03-23,Product_5,192.35,4,82.45,Clothing,769.4,Wednesday,March
2022-03-23,Product_4,679.48,40,93.62,Toys,27179.2,Wednesday,March
2022-03-23,Product_3,581.2,23,42.68,Books,13367.6,Wednesday,March
2022-03-24,Product_2,634.09,14,60.49,Electronics,8877.26,Thursday,March
2022-03-24,Product_3,580.33,23,70.2,Books,13347.59,Thursday,March
2022-03-24,Product_1,600.2,13,88.67,Clothing,7802.6,Thursday,March
2022-03-24,Product_5,176.69,3,74.31,Books,530.0699999999999,Thursday,March
2022-03-24,Product_4,694.22,41,44.49,Food,28463.02,Thursday,March
2022-03-25,Product_2,724.97,16,29.92,Books,11599.52,Friday,March
2022-03-25,Product_4,641.23,38,23.18,Clothing,24366.74,Friday,March
2022-03-25,Product_1,559.22,12,65.31,Books,6710.64,Friday,March
2022-03-25,Product_5,239.64,5,66.73,Food,1198.1999999999998,Friday,March
2022-03-25,Product_3,583.66,23,79.35,Food,13424.179999999998,Friday,March
2022-03-26,Product_4,635.94,37,81.69,Clothing,23529.78,Saturday,March
2022-03-26,Product_3,595.94,24,23.18,Food,14302.56,Saturday,March
2022-03-26,Product_5,216.37,4,72.29,Clothing,865.48,Saturday,March
2022-03-26,Product_2,699.69,15,96.4,Food,10495.35,Saturday,March
2022-03-26,Product_1,571.92,12,33.01,Electronics,6863.039999999999,Saturday,March
2022-03-27,Product_3,500.96,20,80.16,Electronics,10019.2,Sunday,March
2022-03-27,Product_4,640.87,38,36.62,Food,24353.06,Sunday,March
2022-03-27,Product_5,297.11,6,20.57,Clothing,1782.66,Sunday,March
2022-03-27,Product_2,663.04,14,44.52,Clothing,9282.56,Sunday,March
2022-03-27,Product_1,520.37,11,54.27,Toys,5724.07,Sunday,March
2022-03-28,Product_3,541.12,22,65.98,Electronics,11904.64,Monday,March
2022-03-28,Product_1,516.69,11,25.4,Electronics,5683.59,Monday,March
2022-03-28,Product_2,590.36,13,78.79,Books,7674.68,Monday,March
2022-03-28,Product_4,598.34,35,79.65,Books,20941.9,Monday,March
2022-03-29,Product_1,525.25,11,31.57,Clothing,5777.75,Tuesday,March
2022-03-29,Product_5,195.59,4,21.67,Electronics,782.36,Tuesday,March
2022-03-29,Product_2,622.89,13,20.24,Toys,8097.57,Tuesday,March
2022-03-29,Product_4,590.24,35,67.24,Food,20658.4,Tuesday,March
2022-03-29,Product_3,514.48,20,66.35,Clothing,10289.6,Tuesday,March
2022-03-30,Product_4,591.97,35,56.83,Clothing,20718.95,Wednesday,March
2022-03-30,Product_2,674.17,15,80.64,Books,10112.55,Wednesday,March
2022-03-30,Product_5,243.54,5,52.17,Books,1217.7,Wednesday,March
2022-03-30,Product_3,580.91,23,57.26,Electronics,13360.929999999998,Wednesday,March
2022-03-30,Product_1,571.29,12,93.97,Electronics,6855.48,Wednesday,March
2022-03-31,Product_5,222.65,4,57.26,Food,890.6,Thursday,March
2022-03-31,Product_3,635.93,25,35.61,Books,15898.249999999998,Thursday,March
2022-03-31,Product_4,653.54,38,63.49,Food,24834.52,Thursday,March
2022-03-31,Product_2,672.7,15,36.87,Food,10090.5,Thursday,March
2022-03-31,Product_1,575.11,12,31.98,Food,6901.32,Thursday,March
2022-04-01,Product_5,217.55,4,57.96,Electronics,870.2,Friday,April
2022-04-01,Product_3,606.97,24,29.77,Food,14567.28,Friday,April
2022-04-01,Product_4,700.22,41,76.95,Food,28709.02,Friday,April
2022-04-01,Product_2,682.83,15,76.68,Clothing,10242.45,Friday,April
2022-04-01,Product_1,617.66,13,60.54,Clothing,8029.58,Friday,April
2022-04-02,Product_2,665.5,14,57.26,Books,9317.0,Saturday,April
2022-04-02,Product_1,553.18,12,61.6,Food,6638.16,Saturday,April
2022-04-02,Product_4,676.0,40,72.35,Books,27040.0,Saturday,April
2022-04-02,Product_3,559.5,22,21.58,Electronics,12309.0,Saturday,April
2022-04-02,Product_5,247.25,5,84.99,Food,1236.25,Saturday,April
2022-04-03,Product_1,593.16,13,87.97,Food,7711.08,Sunday,April
2022-04-03,Product_2,712.79,15,64.67,Food,10691.85,Sunday,April
2022-04-03,Product_4,672.79,40,72.05,Books,26911.6,Sunday,April
2022-04-03,Product_3,563.83,22,97.74,Food,12404.26,Sunday,April
2022-04-03,Product_5,227.85,5,67.88,Toys,1139.25,Sunday,April
2022-04-04,Product_2,598.61,13,95.75,Electronics,7781.93,Monday,April
2022-04-04,Product_1,549.73,12,63.52,Food,6596.76,Monday,April
2022-04-04,Product_5,177.75,3,27.89,Food,533.25,Monday,April
2022-04-04,Product_4,639.45,38,69.0,Food,24299.1,Monday,April
2022-04-04,Product_3,487.8,19,60.15,Clothing,9268.2,Monday,April
2022-04-05,Product_1,551.3,12,39.34,Books,6615.599999999999,Tuesday,April
2022-04-05,Product_2,690.14,15,24.79,Food,10352.1,Tuesday,April
2022-04-05,Product_5,212.5,4,67.54,Food,850.0,Tuesday,April
2022-04-05,Product_3,552.84,22,47.04,Books,12162.48,Tuesday,April
2022-04-05,Product_4,596.14,35,41.89,Electronics,20864.9,Tuesday,April
2022-04-06,Product_5,179.3,3,46.67,Books,537.9000000000001,Wednesday,April
2022-04-06,Product_4,650.18,38,77.53,Electronics,24706.84,Wednesday,April
2022-04-06,Product_3,522.59,21,95.62,Food,10974.39,Wednesday,April
2022-04-06,Product_1,594.15,13,75.94,Food,7723.95,Wednesday,April
2022-04-06,Product_2,668.07,14,98.77,Food,9352.98,Wednesday,April
2022-04-07,Product_5,241.34,5,39.09,Food,1206.7,Thursday,April
2022-04-07,Product_2,670.96,15,76.85,Toys,10064.4,Thursday,April
2022-04-07,Product_3,614.32,25,70.93,Toys,15358.000000000002,Thursday,April
2022-04-07,Product_1,620.67,13,25.82,Toys,8068.709999999999,Thursday,April
2022-04-07,Product_4,623.53,37,34.05,Food,23070.61,Thursday,April
2022-04-08,Product_1,547.35,12,32.39,Toys,6568.200000000001,Friday,April
2022-04-08,Product_2,664.84,14,60.9,Electronics,9307.76,Friday,April
2022-04-08,Product_3,588.49,23,68.89,Food,13535.27,Friday,April
2022-04-08,Product_4,670.77,39,91.64,Toys,26160.03,Friday,April
2022-04-08,Product_5,254.49,5,33.07,Books,1272.45,Friday,April
2022-04-09,Product_3,529.04,21,45.31,Electronics,11109.84,Saturday,April
2022-04-09,Product_4,640.35,38,24.01,Clothing,24333.3,Saturday,April
2022-04-09,Product_1,568.32,12,25.63,Food,6819.84,Saturday,April
2022-04-09,Product_2,656.28,14,94.66,Clothing,9187.92,Saturday,April
2022-04-10,Product_1,546.89,12,54.69,Food,6562.68,Sunday,April
2022-04-10,Product_2,703.72,15,78.73,Clothing,10555.8,Sunday,April
2022-04-10,Product_5,230.61,5,33.76,Electronics,1153.0500000000002,Sunday,April
2022-04-10,Product_3,578.32,23,48.02,Books,13301.36,Sunday,April
2022-04-10,Product_4,578.58,34,45.6,Electronics,19671.72,Sunday,April
2022-04-11,Product_5,224.04,4,27.65,Clothing,896.16,Monday,April
2022-04-11,Product_3,594.87,24,29.78,Books,14276.88,Monday,April
2022-04-11,Product_2,658.04,14,67.17,Electronics,9212.56,Monday,April
2022-04-11,Product_4,633.42,37,63.59,Toys,23436.54,Monday,April
2022-04-11,Product_1,491.84,10,73.1,Electronics,4918.4,Monday,April
2022-04-12,Product_2,674.5,15,53.03,Toys,10117.5,Tuesday,April
2022-04-12,Product_3,537.75,21,77.06,Clothing,11292.75,Tuesday,April
2022-04-12,Product_5,201.51,4,75.5,Food,806.04,Tuesday,April
2022-04-12,Product_4,577.11,34,85.82,Food,19621.74,Tuesday,April
2022-04-12,Product_1,570.39,12,72.58,Food,6844.68,Tuesday,April
2022-04-13,Product_1,561.11,12,76.77,Electronics,6733.32,Wednesday,April
2022-04-13,Product_3,535.62,21,59.37,Food,11248.02,Wednesday,April
2022-04-13,Product_4,709.93,42,22.3,Books,29817.06,Wednesday,April
2022-04-13,Product_2,631.04,14,99.83,Toys,8834.56,Wednesday,April
2022-04-13,Product_5,174.47,3,35.62,Books,523.41,Wednesday,April
2022-04-14,Product_1,635.32,14,70.23,Clothing,8894.480000000001,Thursday,April
2022-04-14,Product_4,618.91,36,57.08,Toys,22280.76,Thursday,April
2022-04-14,Product_3,561.36,22,79.06,Electronics,12349.92,Thursday,April
2022-04-14,Product_2,680.74,15,85.66,Toys,10211.1,Thursday,April
2022-04-14,Product_5,199.57,4,67.52,Clothing,798.28,Thursday,April
2022-04-15,Product_3,588.5,23,94.41,Food,13535.5,Friday,April
2022-04-15,Product_2,624.76,13,87.78,Clothing,8121.88,Friday,April
2022-04-15,Product_4,604.65,35,46.59,Books,21162.75,Friday,April
2022-04-15,Product_1,540.25,11,79.38,Clothing,5942.75,Friday,April
2022-04-15,Product_5,209.35,4,36.78,Food,837.4,Friday,April
2022-04-16,Product_2,648.38,14,30.7,Clothing,9077.32,Saturday,April
2022-04-16,Product_3,593.63,24,83.62,Clothing,14247.12,Saturday,April
2022-04-16,Product_1,593.01,13,79.41,Books,7709.13,Saturday,April
2022-04-16,Product_4,621.6,36,68.51,Books,22377.6,Saturday,April
2022-04-16,Product_5,244.66,5,30.5,Food,1223.3,Saturday,April
2022-04-17,Product_3,574.07,23,57.13,Toys,13203.61,Sunday,April
2022-04-17,Product_4,552.05,32,66.87,Clothing,17665.6,Sunday,April
2022-04-17,Product_2,623.42,13,21.15,Food,8104.459999999999,Sunday,April
2022-04-17,Product_1,605.26,13,73.52,Clothing,7868.38,Sunday,April
2022-04-17,Product_5,203.7,4,76.04,Electronics,814.8,Sunday,April
2022-04-18,Product_3,525.28,21,50.25,Books,11030.88,Monday,April
2022-04-18,Product_2,630.07,14,21.36,Books,8820.980000000001,Monday,April
2022-04-18,Product_4,609.36,36,50.91,Books,21936.96,Monday,April
2022-04-18,Product_1,556.87,12,63.9,Clothing,6682.4400000000005,Monday,April
2022-04-19,Product_5,193.88,4,52.64,Food,775.52,Tuesday,April
2022-04-19,Product_4,592.75,35,69.03,Books,20746.25,Tuesday,April
2022-04-19,Product_2,706.43,15,50.19,Toys,10596.45,Tuesday,April
2022-04-19,Product_1,566.7,12,53.63,Toys,6800.400000000001,Tuesday,April
2022-04-19,Product_3,520.25,21,38.26,Food,10925.25,Tuesday,April
2022-04-20,Product_1,535.05,11,24.23,Books,5885.549999999999,Wednesday,April
2022-04-20,Product_2,650.24,14,35.45,Food,9103.36,Wednesday,April
2022-04-20,Product_3,536.92,21,30.84,Books,11275.32,Wednesday,April
2022-04-20,Product_4,567.7,33,41.41,Food,18734.1,Wednesday,April
2022-04-21,Product_3,610.2,24,71.42,Clothing,14644.8,Thursday,April
2022-04-21,Product_4,674.59,40,55.36,Toys,26983.6,Thursday,April
2022-04-21,Product_5,218.25,4,75.83,Electronics,873.0,Thursday,April
2022-04-21,Product_1,579.78,12,51.39,Electronics,6957.36,Thursday,April
2022-04-21,Product_2,660.6,14,39.3,Electronics,9248.4,Thursday,April
2022-04-22,Product_2,692.47,15,33.12,Toys,10387.05,Friday,April
2022-04-22,Product_1,603.68,13,47.91,Electronics,7847.839999999999,Friday,April
2022-04-22,Product_4,644.51,38,63.77,Clothing,24491.38,Friday,April
2022-04-22,Product_3,603.78,24,32.13,Clothing,14490.72,Friday,April
2022-04-22,Product_5,205.21,4,88.08,Books,820.84,Friday,April
2022-04-23,Product_5,250.49,5,60.92,Food,1252.45,Saturday,April
2022-04-23,Product_4,648.27,38,41.24,Food,24634.26,Saturday,April
2022-04-23,Product_2,616.15,13,93.17,Food,8009.95,Saturday,April
2022-04-23,Product_3,527.73,21,45.58,Clothing,11082.33,Saturday,April
2022-04-23,Product_1,602.79,13,28.29,Toys,7836.269999999999,Saturday,April
2022-04-24,Product_4,645.37,38,95.94,Books,24524.06,Sunday,April
2022-04-24,Product_2,627.13,14,90.43,Food,8779.82,Sunday,April
2022-04-24,Product_3,610.43,24,66.46,Food,14650.32,Sunday,April
2022-04-24,Product_1,558.78,12,40.33,Books,6705.36,Sunday,April
2022-04-25,Product_5,225.11,4,31.37,Food,900.44,Monday,April
2022-04-25,Product_2,618.03,13,94.8,Food,8034.389999999999,Monday,April
2022-04-25,Product_1,527.34,11,39.42,Books,5800.740000000001,Monday,April
2022-04-25,Product_4,620.9,36,47.71,Food,22352.4,Monday,April
2022-04-25,Product_3,514.73,20,45.26,Electronics,10294.6,Monday,April
2022-04-26,Product_5,191.52,4,45.53,Toys,766.08,Tuesday,April
2022-04-26,Product_3,575.94,23,36.33,Clothing,13246.62,Tuesday,April
2022-04-26,Product_1,533.57,11,22.65,Electronics,5869.27,Tuesday,April
2022-04-26,Product_2,664.0,14,40.73,Books,9296.0,Tuesday,April
2022-04-26,Product_4,590.12,35,52.83,Electronics,20654.2,Tuesday,April
2022-04-27,Product_2,674.16,15,66.13,Food,10112.4,Wednesday,April
2022-04-27,Product_5,174.96,3,56.52,Food,524.88,Wednesday,April
2022-04-27,Product_1,568.09,12,46.91,Electronics,6817.08,Wednesday,April
2022-04-27,Product_3,563.31,22,41.65,Books,12392.82,Wednesday,April
2022-04-27,Product_4,600.56,35,83.31,Electronics,21019.6,Wednesday,April
2022-04-28,Product_1,617.02,13,30.76,Clothing,8021.26,Thursday,April
2022-04-28,Product_4,658.62,39,93.33,Food,25686.18,Thursday,April
2022-04-28,Product_2,663.46,14,67.54,Toys,9288.44,Thursday,April
2022-04-28,Product_3,513.46,20,93.79,Electronics,10269.2,Thursday,April
2022-04-29,Product_4,649.41,38,55.52,Books,24677.58,Friday,April
2022-04-29,Product_1,607.7,13,51.54,Books,7900.1,Friday,April
2022-04-29,Product_3,556.01,22,91.85,Electronics,12232.22,Friday,April
2022-04-29,Product_2,726.76,16,51.74,Clothing,11628.16,Friday,April
2022-04-29,Product_5,196.75,4,49.11,Electronics,787.0,Friday,April
2022-04-30,Product_4,649.83,38,31.58,Electronics,24693.54,Saturday,April
2022-04-30,Product_3,553.5,22,33.61,Food,12177.0,Saturday,April
2022-04-30,Product_1,605.7,13,27.78,Clothing,7874.1,Saturday,April
2022-04-30,Product_5,265.98,5,71.06,Food,1329.9,Saturday,April
2022-04-30,Product_2,703.55,15,62.11,Books,10553.25,Saturday,April
2022-05-01,Product_4,690.12,41,52.39,Books,28294.92,Sunday,May
2022-05-01,Product_1,562.96,12,84.22,Toys,6755.52,Sunday,May
2022-05-01,Product_2,657.39,14,56.31,Food,9203.46,Sunday,May
2022-05-01,Product_3,537.38,21,37.46,Toys,11284.98,Sunday,May
2022-05-01,Product_5,193.48,4,37.26,Books,773.92,Sunday,May
2022-05-02,Product_1,581.47,12,55.0,Toys,6977.64,Monday,May
2022-05-02,Product_4,580.37,34,71.2,Clothing,19732.58,Monday,May
2022-05-02,Product_3,545.5,22,97.18,Clothing,12001.0,Monday,May
2022-05-02,Product_2,642.71,14,95.2,Food,8997.94,Monday,May
2022-05-03,Product_3,538.0,21,66.79,Books,11298.0,Tuesday,May
2022-05-03,Product_4,599.3,35,34.39,Food,20975.5,Tuesday,May
2022-05-03,Product_1,549.67,12,57.16,Toys,6596.039999999999,Tuesday,May
2022-05-03,Product_2,684.47,15,28.15,Electronics,10267.05,Tuesday,May
2022-05-04,Product_3,594.54,24,53.14,Food,14268.96,Wednesday,May
2022-05-04,Product_2,680.84,15,57.36,Electronics,10212.6,Wednesday,May
2022-05-04,Product_4,598.01,35,52.21,Toys,20930.35,Wednesday,May
2022-05-04,Product_1,597.01,13,37.28,Books,7761.13,Wednesday,May
2022-05-05,Product_3,534.23,21,74.52,Electronics,11218.83,Thursday,May
2022-05-05,Product_5,271.35,5,31.13,Food,1356.75,Thursday,May
2022-05-05,Product_4,666.4,39,50.36,Clothing,25989.6,Thursday,May
2022-05-05,Product_2,675.95,15,39.84,Food,10139.25,Thursday,May
2022-05-05,Product_1,623.01,13,27.26,Clothing,8099.13,Thursday,May
2022-05-06,Product_4,640.52,38,85.32,Electronics,24339.76,Friday,May
2022-05-06,Product_5,197.04,4,64.69,Clothing,788.16,Friday,May
2022-05-06,Product_3,531.39,21,78.23,Electronics,11159.19,Friday,May
2022-05-06,Product_1,544.84,12,72.7,Food,6538.08,Friday,May
2022-05-06,Product_2,665.93,14,61.24,Food,9323.02,Friday,May
2022-05-07,Product_5,209.11,4,48.06,Electronics,836.44,Saturday,May
2022-05-07,Product_2,651.48,14,96.58,Books,9120.72,Saturday,May
2022-05-07,Product_4,599.11,35,83.43,Books,20968.85,Saturday,May
2022-05-07,Product_1,583.25,12,54.65,Electronics,6999.0,Saturday,May
2022-05-07,Product_3,538.41,21,82.25,Electronics,11306.61,Saturday,May
2022-05-08,Product_4,635.55,37,24.8,Clothing,23515.35,Sunday,May
2022-05-08,Product_3,550.96,22,57.69,Electronics,12121.12,Sunday,May
2022-05-08,Product_2,640.51,14,28.15,Electronics,8967.14,Sunday,May
2022-05-08,Product_1,513.46,11,66.49,Food,5648.06,Sunday,May
2022-05-09,Product_2,619.57,13,75.12,Electronics,8054.410000000001,Monday,May
2022-05-09,Product_4,596.61,35,54.12,Food,20881.35,Monday,May
2022-05-09,Product_5,208.56,4,21.55,Toys,834.24,Monday,May
2022-05-09,Product_3,519.69,21,80.24,Books,10913.490000000002,Monday,May
2022-05-09,Product_1,515.74,11,93.72,Food,5673.14,Monday,May
2022-05-10,Product_3,525.98,21,42.9,Food,11045.58,Tuesday,May
2022-05-10,Product_4,617.48,36,43.07,Clothing,22229.28,Tuesday,May
2022-05-10,Product_1,557.07,12,71.44,Electronics,6684.84,Tuesday,May
2022-05-10,Product_2,616.12,13,45.86,Clothing,8009.56,Tuesday,May
2022-05-11,Product_3,541.11,22,27.27,Electronics,11904.42,Wednesday,May
2022-05-11,Product_4,648.4,38,64.04,Toys,24639.2,Wednesday,May
2022-05-11,Product_2,613.62,13,55.55,Electronics,7977.06,Wednesday,May
2022-05-11,Product_1,575.18,12,97.22,Books,6902.16,Wednesday,May
2022-05-11,Product_5,220.68,4,36.16,Food,882.72,Wednesday,May
2022-05-12,Product_2,670.4,15,53.06,Electronics,10056.0,Thursday,May
2022-05-12,Product_5,204.79,4,86.96,Clothing,819.16,Thursday,May
2022-05-12,Product_3,570.15,23,71.86,Books,13113.45,Thursday,May
2022-05-12,Product_4,626.26,37,51.74,Food,23171.62,Thursday,May
2022-05-12,Product_1,550.31,12,62.88,Toys,6603.719999999999,Thursday,May
2022-05-13,Product_5,196.11,4,21.76,Electronics,784.44,Friday,May
2022-05-13,Product_2,627.68,14,48.36,Food,8787.519999999999,Friday,May
2022-05-13,Product_3,580.38,23,36.6,Books,13348.74,Friday,May
2022-05-13,Product_4,683.23,40,74.23,Clothing,27329.2,Friday,May
2022-05-13,Product_1,599.71,13,37.46,Toys,7796.23,Friday,May
2022-05-14,Product_2,673.16,15,89.66,Food,10097.4,Saturday,May
2022-05-14,Product_4,650.75,38,33.28,Books,24728.5,Saturday,May
2022-05-14,Product_3,567.11,23,97.37,Electronics,13043.53,Saturday,May
2022-05-14,Product_1,545.62,12,98.43,Toys,6547.4400000000005,Saturday,May
2022-05-15,Product_1,579.68,12,57.98,Electronics,6956.16,Sunday,May
2022-05-15,Product_2,666.87,14,22.21,Food,9336.18,Sunday,May
2022-05-15,Product_3,528.92,21,97.68,Toys,11107.32,Sunday,May
2022-05-15,Product_4,661.58,39,47.84,Food,25801.620000000003,Sunday,May
2022-05-16,Product_1,552.09,12,32.79,Food,6625.08,Monday,May
2022-05-16,Product_4,641.8,38,35.55,Food,24388.4,Monday,May
2022-05-16,Product_5,175.51,3,35.66,Food,526.53,Monday,May
2022-05-16,Product_3,525.69,21,29.82,Clothing,11039.490000000002,Monday,May
2022-05-16,Product_2,637.96,14,81.7,Books,8931.44,Monday,May
2022-05-17,Product_2,624.86,13,49.03,Electronics,8123.18,Tuesday,May
2022-05-17,Product_3,465.43,18,70.17,Toys,8377.74,Tuesday,May
2022-05-17,Product_5,182.5,4,22.66,Toys,730.0,Tuesday,May
2022-05-17,Product_1,553.14,12,68.47,Clothing,6637.68,Tuesday,May
2022-05-17,Product_4,649.76,38,86.9,Clothing,24690.88,Tuesday,May
2022-05-18,Product_4,620.79,36,47.67,Electronics,22348.44,Wednesday,May
2022-05-18,Product_1,567.0,12,35.42,Food,6804.0,Wednesday,May
2022-05-18,Product_3,565.71,23,35.17,Clothing,13011.330000000002,Wednesday,May
2022-05-18,Product_2,654.37,14,31.72,Books,9161.18,Wednesday,May
2022-05-19,Product_5,186.4,4,51.81,Electronics,745.6,Thursday,May
2022-05-19,Product_3,630.95,25,26.32,Books,15773.750000000002,Thursday,May
2022-05-19,Product_1,575.97,12,54.23,Toys,6911.64,Thursday,May
2022-05-19,Product_4,654.13,38,76.35,Electronics,24856.94,Thursday,May
2022-05-19,Product_2,695.49,15,52.45,Clothing,10432.35,Thursday,May
2022-05-20,Product_1,571.96,12,22.07,Electronics,6863.52,Friday,May
2022-05-20,Product_4,666.45,39,41.78,Food,25991.550000000003,Friday,May
2022-05-20,Product_2,657.78,14,72.63,Clothing,9208.92,Friday,May
2022-05-20,Product_3,547.66,22,21.95,Toys,12048.52,Friday,May
2022-05-21,Product_4,640.22,38,60.55,Toys,24328.36,Saturday,May
2022-05-21,Product_3,582.62,23,46.67,Toys,13400.26,Saturday,May
2022-05-21,Product_2,654.08,14,30.9,Clothing,9157.12,Saturday,May
2022-05-21,Product_1,590.2,13,24.06,Books,7672.6,Saturday,May
2022-05-22,Product_1,569.08,12,46.53,Toys,6828.960000000001,Sunday,May
2022-05-22,Product_4,633.72,37,93.93,Electronics,23447.64,Sunday,May
2022-05-22,Product_2,672.79,15,31.46,Books,10091.85,Sunday,May
2022-05-22,Product_3,554.54,22,27.84,Electronics,12199.88,Sunday,May
2022-05-23,Product_3,628.9,25,69.49,Electronics,15722.5,Monday,May
2022-05-23,Product_1,569.62,12,45.26,Clothing,6835.4400000000005,Monday,May
2022-05-23,Product_4,625.62,37,39.75,Food,23147.94,Monday,May
2022-05-23,Product_5,237.82,5,81.89,Clothing,1189.1,Monday,May
2022-05-23,Product_2,596.09,13,47.96,Toys,7749.17,Monday,May
2022-05-24,Product_4,560.25,33,48.36,Books,18488.25,Tuesday,May
2022-05-24,Product_3,595.78,24,44.61,Toys,14298.72,Tuesday,May
2022-05-24,Product_2,635.5,14,20.63,Clothing,8897.0,Tuesday,May
2022-05-24,Product_1,581.94,12,30.47,Electronics,6983.280000000001,Tuesday,May
2022-05-25,Product_4,623.11,37,25.39,Food,23055.07,Wednesday,May
2022-05-25,Product_2,637.56,14,97.38,Toys,8925.84,Wednesday,May
2022-05-25,Product_1,577.72,12,43.5,Food,6932.64,Wednesday,May
2022-05-25,Product_3,552.66,22,75.25,Toys,12158.52,Wednesday,May
2022-05-25,Product_5,191.32,4,30.29,Clothing,765.28,Wednesday,May
2022-05-26,Product_2,687.94,15,99.95,Toys,10319.1,Thursday,May
2022-05-26,Product_4,659.09,39,31.07,Books,25704.51,Thursday,May
2022-05-26,Product_3,600.93,24,40.48,Electronics,14422.32,Thursday,May
2022-05-26,Product_1,565.85,12,97.56,Electronics,6790.200000000001,Thursday,May
2022-05-27,Product_4,665.58,39,55.77,Toys,25957.620000000003,Friday,May
2022-05-27,Product_3,559.17,22,50.1,Toys,12301.74,Friday,May
2022-05-27,Product_2,653.67,14,70.8,Clothing,9151.38,Friday,May
2022-05-27,Product_5,200.23,4,56.35,Food,800.92,Friday,May
2022-05-27,Product_1,596.5,13,52.83,Toys,7754.5,Friday,May
2022-05-28,Product_4,634.24,37,45.72,Books,23466.88,Saturday,May
2022-05-28,Product_2,625.78,14,78.28,Clothing,8760.92,Saturday,May
2022-05-28,Product_1,519.27,11,22.01,Books,5711.969999999999,Saturday,May
2022-05-28,Product_3,553.99,22,83.33,Clothing,12187.78,Saturday,May
2022-05-29,Product_1,547.16,12,87.43,Electronics,6565.92,Sunday,May
2022-05-29,Product_5,219.37,4,96.81,Electronics,877.48,Sunday,May
2022-05-29,Product_2,612.52,13,87.42,Food,7962.76,Sunday,May
2022-05-29,Product_4,601.89,35,24.77,Books,21066.15,Sunday,May
2022-05-29,Product_3,503.08,20,90.71,Toys,10061.6,Sunday,May
2022-05-30,Product_4,559.52,33,66.77,Books,18464.16,Monday,May
2022-05-30,Product_2,642.64,14,60.74,Toys,8996.96,Monday,May
2022-05-30,Product_1,589.24,13,63.43,Electronics,7660.12,Monday,May
2022-05-30,Product_3,504.23,20,82.02,Books,10084.6,Monday,May
2022-05-31,Product_3,524.03,21,22.07,Food,11004.63,Tuesday,May
2022-05-31,Product_1,537.89,11,84.58,Books,5916.79,Tuesday,May
2022-05-31,Product_4,580.51,34,87.55,Clothing,19737.34,Tuesday,May
2022-05-31,Product_2,610.77,13,23.41,Food,7940.01,Tuesday,May
2022-06-01,Product_1,541.58,11,20.13,Food,5957.38,Wednesday,June
2022-06-01,Product_3,523.19,21,57.32,Clothing,10986.990000000002,Wednesday,June
2022-06-01,Product_4,621.23,36,66.01,Electronics,22364.28,Wednesday,June
2022-06-01,Product_2,671.94,15,58.7,Clothing,10079.1,Wednesday,June
2022-06-02,Product_3,554.1,22,51.34,Clothing,12190.2,Thursday,June
2022-06-02,Product_1,581.97,12,71.57,Food,6983.64,Thursday,June
2022-06-02,Product_2,633.64,14,94.59,Toys,8870.96,Thursday,June
2022-06-02,Product_4,630.62,37,95.17,Books,23332.94,Thursday,June
2022-06-03,Product_3,556.56,22,90.96,Clothing,12244.32,Friday,June
2022-06-03,Product_1,555.21,12,45.87,Toys,6662.52,Friday,June
2022-06-03,Product_4,669.45,39,56.64,Toys,26108.550000000003,Friday,June
2022-06-03,Product_2,593.29,13,40.88,Electronics,7712.769999999999,Friday,June
2022-06-04,Product_2,672.02,15,93.36,Books,10080.3,Saturday,June
2022-06-04,Product_4,634.16,37,62.59,Clothing,23463.92,Saturday,June
2022-06-04,Product_3,553.24,22,47.71,Food,12171.28,Saturday,June
2022-06-04,Product_1,576.39,12,45.0,Electronics,6916.68,Saturday,June
2022-06-05,Product_1,512.65,11,62.69,Toys,5639.15,Sunday,June
2022-06-05,Product_4,592.54,35,30.13,Books,20738.9,Sunday,June
2022-06-05,Product_2,668.76,14,23.78,Clothing,9362.64,Sunday,June
2022-06-05,Product_3,557.29,22,46.14,Electronics,12260.38,Sunday,June
2022-06-06,Product_4,609.87,36,82.39,Electronics,21955.32,Monday,June
2022-06-06,Product_1,536.6,11,22.1,Books,5902.6,Monday,June
2022-06-06,Product_2,622.39,13,71.8,Toys,8091.07,Monday,June
2022-06-06,Product_3,512.84,20,67.1,Books,10256.8,Monday,June
2022-06-07,Product_3,563.51,22,64.45,Clothing,12397.22,Tuesday,June
2022-06-07,Product_1,543.4,12,34.48,Toys,6520.799999999999,Tuesday,June
2022-06-07,Product_2,677.42,15,92.22,Food,10161.3,Tuesday,June
2022-06-07,Product_4,582.64,34,46.9,Food,19809.76,Tuesday,June
2022-06-08,Product_2,667.4,14,86.61,Food,9343.6,Wednesday,June
2022-06-08,Product_4,574.72,34,84.69,Food,19540.48,Wednesday,June
2022-06-08,Product_3,556.96,22,53.25,Toys,12253.12,Wednesday,June
2022-06-08,Product_1,536.39,11,78.87,Toys,5900.29,Wednesday,June
2022-06-09,Product_5,191.1,4,36.17,Clothing,764.4,Thursday,June
2022-06-09,Product_4,614.0,36,73.71,Books,22104.0,Thursday,June
2022-06-09,Product_2,650.73,14,28.31,Clothing,9110.22,Thursday,June
2022-06-09,Product_3,535.94,21,21.86,Clothing,11254.740000000002,Thursday,June
2022-06-09,Product_1,587.88,12,61.44,Electronics,7054.56,Thursday,June
2022-06-10,Product_5,203.56,4,25.54,Food,814.24,Friday,June
2022-06-10,Product_1,560.33,12,38.11,Food,6723.960000000001,Friday,June
2022-06-10,Product_4,659.52,39,95.95,Food,25721.28,Friday,June
2022-06-10,Product_3,574.58,23,20.54,Food,13215.34,Friday,June
2022-06-10,Product_2,647.09,14,71.2,Electronics,9059.26,Friday,June
2022-06-11,Product_1,572.62,12,86.27,Electronics,6871.4400000000005,Saturday,June
2022-06-11,Product_2,622.04,13,97.6,Electronics,8086.519999999999,Saturday,June
2022-06-11,Product_3,573.72,23,27.54,Toys,13195.56,Saturday,June
2022-06-11,Product_4,611.91,36,39.73,Clothing,22028.76,Saturday,June
2022-06-12,Product_2,636.55,14,34.73,Toys,8911.699999999999,Sunday,June
2022-06-12,Product_4,564.45,33,57.51,Electronics,18626.85,Sunday,June
2022-06-12,Product_1,566.41,12,82.12,Books,6796.92,Sunday,June
2022-06-12,Product_3,500.43,20,72.85,Toys,10008.6,Sunday,June
2022-06-13,Product_1,518.64,11,60.65,Books,5705.04,Monday,June
2022-06-13,Product_2,620.25,13,22.53,Electronics,8063.25,Monday,June
2022-06-13,Product_4,570.07,33,91.81,Clothing,18812.31,Monday,June
2022-06-13,Product_3,500.33,20,83.59,Clothing,10006.6,Monday,June
2022-06-14,Product_2,609.52,13,69.41,Clothing,7923.76,Tuesday,June
2022-06-14,Product_4,571.37,33,71.62,Electronics,18855.21,Tuesday,June
2022-06-14,Product_1,541.51,11,63.19,Food,5956.61,Tuesday,June
2022-06-14,Product_3,512.93,20,21.89,Food,10258.6,Tuesday,June
2022-06-15,Product_3,563.54,22,33.04,Toys,12397.88,Wednesday,June
2022-06-15,Product_5,208.22,4,88.33,Clothing,832.88,Wednesday,June
2022-06-15,Product_4,609.9,36,30.01,Books,21956.4,Wednesday,June
2022-06-15,Product_2,615.04,13,49.16,Clothing,7995.519999999999,Wednesday,June
2022-06-15,Product_1,483.73,10,41.51,Clothing,4837.3,Wednesday,June
2022-06-16,Product_3,518.04,21,52.75,Clothing,10878.84,Thursday,June
2022-06-16,Product_4,623.25,37,27.12,Clothing,23060.25,Thursday,June
2022-06-16,Product_1,553.46,12,67.25,Electronics,6641.52,Thursday,June
2022-06-16,Product_5,209.3,4,26.05,Electronics,837.2,Thursday,June
2022-06-16,Product_2,583.41,13,89.66,Clothing,7584.33,Thursday,June
2022-06-17,Product_1,588.58,12,78.55,Clothing,7062.960000000001,Friday,June
2022-06-17,Product_5,202.64,4,62.01,Clothing,810.56,Friday,June
2022-06-17,Product_3,540.19,21,92.79,Books,11343.990000000002,Friday,June
2022-06-17,Product_4,625.4,37,74.47,Toys,23139.8,Friday,June
2022-06-17,Product_2,661.13,14,46.02,Food,9255.82,Friday,June
2022-06-18,Product_2,624.9,13,34.41,Toys,8123.7,Saturday,June
2022-06-18,Product_4,605.62,36,73.47,Clothing,21802.32,Saturday,June
2022-06-18,Product_1,547.18,12,86.35,Clothing,6566.16,Saturday,June
2022-06-18,Product_3,587.49,23,59.83,Food,13512.27,Saturday,June
2022-06-19,Product_1,521.67,11,29.87,Toys,5738.37,Sunday,June
2022-06-19,Product_3,522.27,21,72.2,Clothing,10967.67,Sunday,June
2022-06-19,Product_2,543.23,12,95.43,Toys,6518.76,Sunday,June
2022-06-19,Product_4,626.93,37,23.52,Clothing,23196.41,Sunday,June
2022-06-20,Product_2,604.2,13,41.31,Electronics,7854.6,Monday,June
2022-06-20,Product_1,525.58,11,96.46,Food,5781.38,Monday,June
2022-06-20,Product_4,569.84,33,39.59,Food,18804.72,Monday,June
2022-06-20,Product_5,186.3,4,25.13,Electronics,745.2,Monday,June
2022-06-20,Product_3,551.93,22,33.05,Food,12142.46,Monday,June
2022-06-21,Product_1,534.58,11,92.01,Toys,5880.38,Tuesday,June
2022-06-21,Product_2,586.15,13,62.34,Food,7619.95,Tuesday,June
2022-06-21,Product_4,595.37,35,94.13,Books,20837.95,Tuesday,June
2022-06-21,Product_3,525.76,21,63.4,Food,11040.96,Tuesday,June
2022-06-22,Product_1,555.87,12,72.72,Books,6670.4400000000005,Wednesday,June
2022-06-22,Product_4,570.75,33,67.45,Books,18834.75,Wednesday,June
2022-06-22,Product_3,582.17,23,91.29,Food,13389.91,Wednesday,June
2022-06-22,Product_2,677.31,15,77.51,Toys,10159.65,Wednesday,June
2022-06-23,Product_3,522.51,21,67.52,Food,10972.71,Thursday,June
2022-06-23,Product_1,565.1,12,76.24,Electronics,6781.200000000001,Thursday,June
2022-06-23,Product_4,627.29,37,81.1,Food,23209.73,Thursday,June
2022-06-23,Product_2,701.15,15,36.41,Books,10517.25,Thursday,June
2022-06-24,Product_4,570.98,33,76.5,Electronics,18842.34,Friday,June
2022-06-24,Product_1,483.81,10,71.18,Books,4838.1,Friday,June
2022-06-24,Product_3,517.49,21,85.1,Toys,10867.29,Friday,June
2022-06-24,Product_2,611.2,13,76.22,Books,7945.6,Friday,June
2022-06-25,Product_3,581.35,23,31.98,Clothing,13371.05,Saturday,June
2022-06-25,Product_1,532.36,11,47.05,Books,5855.96,Saturday,June
2022-06-25,Product_4,585.31,34,43.9,Electronics,19900.54,Saturday,June
2022-06-25,Product_2,620.16,13,89.34,Food,8062.08,Saturday,June
2022-06-26,Product_3,496.78,20,62.84,Food,9935.6,Sunday,June
2022-06-26,Product_1,506.85,11,25.39,Books,5575.35,Sunday,June
2022-06-26,Product_2,628.73,14,49.52,Clothing,8802.220000000001,Sunday,June
2022-06-26,Product_4,572.39,34,79.74,Electronics,19461.26,Sunday,June
2022-06-27,Product_2,661.58,14,22.15,Toys,9262.12,Monday,June
2022-06-27,Product_4,554.26,32,66.41,Clothing,17736.32,Monday,June
2022-06-27,Product_3,487.09,19,68.02,Books,9254.71,Monday,June
2022-06-27,Product_1,517.93,11,35.79,Clothing,5697.23,Monday,June
2022-06-28,Product_2,635.85,14,34.86,Toys,8901.9,Tuesday,June
2022-06-28,Product_3,546.72,22,63.09,Toys,12027.84,Tuesday,June
2022-06-28,Product_4,541.56,32,92.48,Food,17329.92,Tuesday,June
2022-06-28,Product_1,457.1,10,75.82,Food,4571.0,Tuesday,June
2022-06-29,Product_2,684.72,15,43.52,Toys,10270.8,Wednesday,June
2022-06-29,Product_4,562.2,33,59.79,Clothing,18552.6,Wednesday,June
2022-06-29,Product_1,533.85,11,86.31,Books,5872.35,Wednesday,June
2022-06-29,Product_3,626.46,25,42.47,Clothing,15661.5,Wednesday,June
2022-06-30,Product_3,532.9,21,43.85,Clothing,11190.9,Thursday,June
2022-06-30,Product_4,615.81,36,44.22,Food,22169.16,Thursday,June
2022-06-30,Product_2,626.19,14,53.06,Toys,8766.66,Thursday,June
2022-06-30,Product_1,594.55,13,73.62,Books,7729.15,Thursday,June
2022-07-01,Product_1,576.28,12,44.32,Electronics,6915.36,Friday,July
2022-07-01,Product_4,623.75,37,91.38,Clothing,23078.75,Friday,July
2022-07-01,Product_2,662.46,14,94.01,Clothing,9274.44,Friday,July
2022-07-01,Product_3,539.12,21,69.28,Clothing,11321.52,Friday,July
2022-07-02,Product_4,596.39,35,44.54,Electronics,20873.65,Saturday,July
2022-07-02,Product_3,494.73,20,41.11,Clothing,9894.6,Saturday,July
2022-07-02,Product_2,672.89,15,45.3,Books,10093.35,Saturday,July
2022-07-02,Product_1,496.36,10,58.25,Books,4963.6,Saturday,July
2022-07-03,Product_3,493.07,20,24.24,Electronics,9861.4,Sunday,July
2022-07-03,Product_2,637.92,14,63.79,Books,8930.88,Sunday,July
2022-07-03,Product_4,675.37,40,52.03,Books,27014.8,Sunday,July
2022-07-03,Product_1,504.21,11,21.03,Books,5546.31,Sunday,July
2022-07-04,Product_3,518.34,21,39.61,Toys,10885.14,Monday,July
2022-07-04,Product_2,612.52,13,56.8,Toys,7962.76,Monday,July
2022-07-04,Product_4,576.85,34,98.75,Toys,19612.9,Monday,July
2022-07-04,Product_1,474.3,10,60.32,Toys,4743.0,Monday,July
2022-07-05,Product_2,601.77,13,40.63,Clothing,7823.01,Tuesday,July
2022-07-05,Product_4,558.96,33,95.08,Books,18445.68,Tuesday,July
2022-07-05,Product_3,508.1,20,92.07,Clothing,10162.0,Tuesday,July
2022-07-05,Product_1,518.92,11,67.11,Food,5708.12,Tuesday,July
2022-07-06,Product_1,494.87,10,73.14,Food,4948.7,Wednesday,July
2022-07-06,Product_2,640.87,14,34.93,Food,8972.18,Wednesday,July
2022-07-06,Product_3,496.0,20,53.59,Clothing,9920.0,Wednesday,July
2022-07-06,Product_4,585.65,34,21.62,Electronics,19912.1,Wednesday,July
2022-07-07,Product_3,538.52,21,90.22,Electronics,11308.92,Thursday,July
2022-07-07,Product_1,473.9,10,88.44,Books,4739.0,Thursday,July
2022-07-07,Product_2,613.07,13,49.05,Food,7969.910000000001,Thursday,July
2022-07-07,Product_4,646.73,38,96.75,Food,24575.74,Thursday,July
2022-07-08,Product_4,617.4,36,48.94,Toys,22226.4,Friday,July
2022-07-08,Product_1,500.64,11,59.04,Electronics,5507.04,Friday,July
2022-07-08,Product_3,535.59,21,38.36,Toys,11247.39,Friday,July
2022-07-08,Product_5,188.59,4,48.75,Clothing,754.36,Friday,July
2022-07-08,Product_2,638.49,14,75.59,Books,8938.86,Friday,July
2022-07-09,Product_1,610.52,13,98.72,Toys,7936.76,Saturday,July
2022-07-09,Product_2,664.19,14,35.62,Food,9298.66,Saturday,July
2022-07-09,Product_3,531.1,21,93.85,Books,11153.1,Saturday,July
2022-07-09,Product_4,672.07,39,55.87,Electronics,26210.730000000003,Saturday,July
2022-07-10,Product_2,583.93,13,79.44,Food,7591.089999999999,Sunday,July
2022-07-10,Product_1,518.61,11,80.95,Books,5704.71,Sunday,July
2022-07-10,Product_3,505.72,20,90.93,Food,10114.4,Sunday,July
2022-07-10,Product_4,627.55,37,26.98,Food,23219.35,Sunday,July
2022-07-11,Product_2,720.51,16,50.9,Clothing,11528.16,Monday,July
2022-07-11,Product_1,495.45,10,54.66,Books,4954.5,Monday,July
2022-07-11,Product_3,479.16,19,41.55,Books,9104.04,Monday,July
2022-07-11,Product_4,611.65,36,71.52,Electronics,22019.4,Monday,July
2022-07-12,Product_1,556.16,12,37.61,Toys,6673.92,Tuesday,July
2022-07-12,Product_3,510.55,20,23.07,Electronics,10211.0,Tuesday,July
2022-07-12,Product_4,557.28,33,39.74,Electronics,18390.24,Tuesday,July
2022-07-12,Product_2,641.13,14,60.15,Toys,8975.82,Tuesday,July
2022-07-13,Product_1,534.76,11,98.85,Electronics,5882.36,Wednesday,July
2022-07-13,Product_4,620.65,36,90.12,Clothing,22343.4,Wednesday,July
2022-07-13,Product_2,590.33,13,87.16,Clothing,7674.290000000001,Wednesday,July
2022-07-13,Product_3,546.39,22,57.59,Toys,12020.58,Wednesday,July
2022-07-14,Product_2,643.5,14,90.75,Clothing,9009.0,Thursday,July
2022-07-14,Product_4,595.66,35,58.46,Electronics,20848.1,Thursday,July
2022-07-14,Product_1,586.91,12,72.67,Toys,7042.92,Thursday,July
2022-07-14,Product_3,539.82,21,92.69,Food,11336.22,Thursday,July
2022-07-15,Product_3,497.06,20,59.85,Electronics,9941.2,Friday,July
2022-07-15,Product_5,239.66,5,52.77,Clothing,1198.3,Friday,July
2022-07-15,Product_2,710.18,15,55.24,Electronics,10652.7,Friday,July
2022-07-15,Product_4,622.79,37,75.1,Clothing,23043.23,Friday,July
2022-07-15,Product_1,566.33,12,75.53,Food,6795.960000000001,Friday,July
2022-07-16,Product_2,637.15,14,24.07,Toys,8920.1,Saturday,July
2022-07-16,Product_4,631.73,37,69.61,Books,23374.01,Saturday,July
2022-07-16,Product_1,473.28,10,22.56,Food,4732.799999999999,Saturday,July
2022-07-16,Product_3,536.67,21,76.33,Electronics,11270.07,Saturday,July
2022-07-17,Product_1,487.49,10,20.17,Food,4874.9,Sunday,July
2022-07-17,Product_2,571.68,12,85.45,Books,6860.16,Sunday,July
2022-07-17,Product_3,488.95,19,91.93,Clothing,9290.05,Sunday,July
2022-07-17,Product_4,573.24,34,41.43,Toys,19490.16,Sunday,July
2022-07-18,Product_2,575.67,12,59.85,Clothing,6908.039999999999,Monday,July
2022-07-18,Product_3,503.09,20,21.87,Clothing,10061.8,Monday,July
2022-07-18,Product_1,518.51,11,46.6,Electronics,5703.61,Monday,July
2022-07-18,Product_4,551.44,32,41.69,Toys,17646.08,Monday,July
2022-07-19,Product_4,572.15,34,21.95,Electronics,19453.1,Tuesday,July
2022-07-19,Product_2,561.37,12,93.51,Toys,6736.4400000000005,Tuesday,July
2022-07-19,Product_3,457.77,18,46.99,Books,8239.86,Tuesday,July
2022-07-19,Product_1,572.19,12,94.71,Books,6866.280000000001,Tuesday,July
2022-07-20,Product_3,537.37,21,58.72,Toys,11284.77,Wednesday,July
2022-07-20,Product_4,571.84,33,94.43,Clothing,18870.72,Wednesday,July
2022-07-20,Product_1,553.62,12,98.71,Food,6643.4400000000005,Wednesday,July
2022-07-20,Product_2,629.46,14,80.44,Food,8812.44,Wednesday,July
2022-07-21,Product_3,519.27,21,24.02,Clothing,10904.67,Thursday,July
2022-07-21,Product_4,612.58,36,76.92,Food,22052.88,Thursday,July
2022-07-21,Product_2,641.37,14,99.13,Clothing,8979.18,Thursday,July
2022-07-21,Product_1,551.91,12,90.27,Books,6622.92,Thursday,July
2022-07-22,Product_1,524.94,11,62.76,Toys,5774.34,Friday,July
2022-07-22,Product_3,516.69,21,58.21,Clothing,10850.490000000002,Friday,July
2022-07-22,Product_4,640.57,38,46.61,Books,24341.660000000003,Friday,July
2022-07-22,Product_2,620.52,13,27.83,Food,8066.76,Friday,July
2022-07-23,Product_4,559.29,33,57.56,Toys,18456.57,Saturday,July
2022-07-23,Product_1,526.93,11,59.31,Books,5796.23,Saturday,July
2022-07-23,Product_3,514.87,20,88.55,Electronics,10297.4,Saturday,July
2022-07-23,Product_2,582.45,13,67.42,Toys,7571.85,Saturday,July
2022-07-24,Product_3,497.56,20,53.65,Toys,9951.2,Sunday,July
2022-07-24,Product_2,592.72,13,94.38,Electronics,7705.360000000001,Sunday,July
2022-07-24,Product_4,532.11,31,46.25,Clothing,16495.41,Sunday,July
2022-07-24,Product_1,484.4,10,91.7,Food,4844.0,Sunday,July
2022-07-25,Product_3,485.94,19,61.88,Clothing,9232.86,Monday,July
2022-07-25,Product_1,486.37,10,88.04,Toys,4863.7,Monday,July
2022-07-25,Product_4,540.62,32,48.1,Food,17299.84,Monday,July
2022-07-25,Product_2,573.35,12,99.36,Food,6880.200000000001,Monday,July
2022-07-26,Product_1,486.18,10,81.7,Books,4861.8,Tuesday,July
2022-07-26,Product_4,525.95,31,47.16,Books,16304.45,Tuesday,July
2022-07-26,Product_3,535.28,21,79.06,Food,11240.88,Tuesday,July
2022-07-26,Product_2,640.64,14,32.57,Books,8968.96,Tuesday,July
2022-07-27,Product_1,501.86,11,80.34,Toys,5520.46,Wednesday,July
2022-07-27,Product_3,500.34,20,51.43,Books,10006.8,Wednesday,July
2022-07-27,Product_2,620.82,13,66.55,Clothing,8070.660000000001,Wednesday,July
2022-07-27,Product_4,619.72,36,37.59,Clothing,22309.92,Wednesday,July
2022-07-28,Product_1,530.46,11,81.31,Food,5835.06,Thursday,July
2022-07-28,Product_3,498.21,20,35.36,Food,9964.2,Thursday,July
2022-07-28,Product_4,554.45,32,34.99,Books,17742.4,Thursday,July
2022-07-28,Product_2,645.4,14,73.47,Electronics,9035.6,Thursday,July
2022-07-29,Product_1,518.05,11,63.08,Food,5698.549999999999,Friday,July
2022-07-29,Product_4,584.53,34,70.98,Books,19874.02,Friday,July
2022-07-29,Product_3,519.0,21,71.87,Food,10899.0,Friday,July
2022-07-29,Product_2,602.54,13,68.13,Toys,7833.019999999999,Friday,July
2022-07-30,Product_1,554.62,12,54.71,Electronics,6655.4400000000005,Saturday,July
2022-07-30,Product_4,603.33,35,95.57,Clothing,21116.550000000003,Saturday,July
2022-07-30,Product_3,497.53,20,52.47,Electronics,9950.6,Saturday,July
2022-07-30,Product_2,581.59,13,53.07,Toys,7560.67,Saturday,July
2022-07-31,Product_3,522.32,21,40.82,Clothing,10968.72,Sunday,July
2022-07-31,Product_1,530.91,11,24.88,Books,5840.009999999999,Sunday,July
2022-07-31,Product_2,548.76,12,36.82,Electronics,6585.12,Sunday,July
2022-07-31,Product_4,562.57,33,92.39,Food,18564.81,Sunday,July
2022-08-01,Product_2,622.28,13,83.01,Clothing,8089.639999999999,Monday,August
2022-08-01,Product_1,516.59,11,81.75,Clothing,5682.490000000001,Monday,August
2022-08-01,Product_4,538.34,32,21.93,Clothing,17226.88,Monday,August
2022-08-01,Product_3,453.97,18,79.47,Books,8171.460000000001,Monday,August
2022-08-02,Product_2,600.32,13,67.15,Books,7804.160000000001,Tuesday,August
2022-08-02,Product_4,538.05,31,39.27,Electronics,16679.55,Tuesday,August
2022-08-02,Product_1,515.12,11,59.11,Books,5666.32,Tuesday,August
2022-08-02,Product_3,467.77,19,65.11,Toys,8887.63,Tuesday,August
2022-08-03,Product_3,528.38,21,36.07,Toys,11095.98,Wednesday,August
2022-08-03,Product_1,548.24,12,32.7,Toys,6578.88,Wednesday,August
2022-08-03,Product_4,568.23,33,25.6,Clothing,18751.59,Wednesday,August
2022-08-03,Product_2,582.5,13,56.56,Clothing,7572.5,Wednesday,August
2022-08-04,Product_1,488.98,10,85.56,Clothing,4889.8,Thursday,August
2022-08-04,Product_2,594.67,13,40.03,Clothing,7730.709999999999,Thursday,August
2022-08-04,Product_3,572.15,23,20.81,Toys,13159.45,Thursday,August
2022-08-04,Product_4,558.56,33,28.18,Toys,18432.48,Thursday,August
2022-08-05,Product_1,517.61,11,94.65,Clothing,5693.71,Friday,August
2022-08-05,Product_2,633.32,14,26.17,Electronics,8866.480000000001,Friday,August
2022-08-05,Product_3,525.64,21,86.23,Electronics,11038.44,Friday,August
2022-08-05,Product_4,602.34,35,51.44,Books,21081.9,Friday,August
2022-08-06,Product_1,520.46,11,85.24,Electronics,5725.06,Saturday,August
2022-08-06,Product_4,574.33,34,77.61,Electronics,19527.22,Saturday,August
2022-08-06,Product_3,545.89,22,57.6,Food,12009.58,Saturday,August
2022-08-06,Product_2,590.28,13,22.87,Electronics,7673.639999999999,Saturday,August
2022-08-07,Product_3,493.64,20,80.39,Electronics,9872.8,Sunday,August
2022-08-07,Product_4,551.54,32,24.19,Clothing,17649.28,Sunday,August
2022-08-07,Product_1,506.77,11,92.71,Electronics,5574.469999999999,Sunday,August
2022-08-07,Product_2,554.4,12,91.43,Food,6652.799999999999,Sunday,August
2022-08-08,Product_3,397.34,16,96.65,Food,6357.44,Monday,August
2022-08-08,Product_1,487.02,10,88.25,Books,4870.2,Monday,August
2022-08-08,Product_2,641.91,14,44.41,Clothing,8986.74,Monday,August
2022-08-08,Product_4,529.79,31,74.16,Electronics,16423.489999999998,Monday,August
2022-08-09,Product_4,508.87,30,66.14,Books,15266.1,Tuesday,August
2022-08-09,Product_1,535.4,11,32.77,Books,5889.4,Tuesday,August
2022-08-09,Product_2,571.18,12,41.72,Food,6854.16,Tuesday,August
2022-08-09,Product_3,489.49,19,96.38,Toys,9300.31,Tuesday,August
2022-08-10,Product_3,483.36,19,24.58,Clothing,9183.84,Wednesday,August
2022-08-10,Product_1,566.97,12,36.38,Food,6803.64,Wednesday,August
2022-08-10,Product_4,587.5,34,37.21,Clothing,19975.0,Wednesday,August
2022-08-10,Product_2,606.28,13,76.09,Toys,7881.639999999999,Wednesday,August
2022-08-11,Product_3,532.04,21,65.86,Food,11172.84,Thursday,August
2022-08-11,Product_2,615.37,13,49.5,Electronics,7999.81,Thursday,August
2022-08-11,Product_4,576.52,34,58.57,Food,19601.68,Thursday,August
2022-08-11,Product_1,561.49,12,82.18,Clothing,6737.88,Thursday,August
2022-08-12,Product_4,555.74,33,55.96,Toys,18339.42,Friday,August
2022-08-12,Product_3,514.56,20,61.46,Electronics,10291.2,Friday,August
2022-08-12,Product_2,595.91,13,41.14,Books,7746.83,Friday,August
2022-08-12,Product_1,488.21,10,39.92,Food,4882.099999999999,Friday,August
2022-08-13,Product_3,542.21,22,33.96,Electronics,11928.62,Saturday,August
2022-08-13,Product_2,636.94,14,46.63,Books,8917.16,Saturday,August
2022-08-13,Product_1,489.04,10,74.05,Electronics,4890.400000000001,Saturday,August
2022-08-13,Product_4,613.49,36,59.6,Books,22085.64,Saturday,August
2022-08-14,Product_1,476.2,10,99.45,Toys,4762.0,Sunday,August
2022-08-14,Product_2,585.35,13,84.35,Toys,7609.55,Sunday,August
2022-08-14,Product_3,491.91,20,25.74,Clothing,9838.2,Sunday,August
2022-08-14,Product_4,569.22,33,70.83,Electronics,18784.26,Sunday,August
2022-08-15,Product_3,478.1,19,60.58,Books,9083.9,Monday,August
2022-08-15,Product_4,549.7,32,87.73,Food,17590.4,Monday,August
2022-08-15,Product_2,588.02,13,67.68,Books,7644.26,Monday,August
2022-08-15,Product_1,470.23,10,98.52,Toys,4702.3,Monday,August
2022-08-16,Product_1,491.01,10,29.51,Toys,4910.1,Tuesday,August
2022-08-16,Product_2,563.25,12,32.93,Electronics,6759.0,Tuesday,August
2022-08-16,Product_3,451.02,18,26.47,Food,8118.36,Tuesday,August
2022-08-16,Product_4,526.86,31,28.44,Electronics,16332.66,Tuesday,August
2022-08-17,Product_4,564.57,33,52.77,Books,18630.81,Wednesday,August
2022-08-17,Product_2,563.6,12,54.4,Electronics,6763.200000000001,Wednesday,August
2022-08-17,Product_3,461.06,18,21.24,Electronics,8299.08,Wednesday,August
2022-08-17,Product_1,477.47,10,72.96,Toys,4774.700000000001,Wednesday,August
2022-08-18,Product_3,517.57,21,51.2,Books,10868.97,Thursday,August
2022-08-18,Product_1,511.42,11,83.57,Food,5625.62,Thursday,August
2022-08-18,Product_4,561.74,33,90.09,Toys,18537.42,Thursday,August
2022-08-18,Product_2,649.93,14,97.97,Books,9099.02,Thursday,August
2022-08-19,Product_1,538.34,11,20.22,Toys,5921.740000000001,Friday,August
2022-08-19,Product_3,458.36,18,67.8,Clothing,8250.48,Friday,August
2022-08-19,Product_2,644.41,14,43.04,Food,9021.74,Friday,August
2022-08-19,Product_4,551.72,32,57.44,Books,17655.04,Friday,August
2022-08-20,Product_1,524.23,11,27.83,Electronics,5766.530000000001,Saturday,August
2022-08-20,Product_3,504.13,20,89.86,Clothing,10082.6,Saturday,August
2022-08-20,Product_4,587.95,34,66.99,Clothing,19990.300000000003,Saturday,August
2022-08-20,Product_2,621.4,13,38.37,Books,8078.2,Saturday,August
2022-08-21,Product_4,510.28,30,89.8,Clothing,15308.4,Sunday,August
2022-08-21,Product_1,511.46,11,27.09,Toys,5626.06,Sunday,August
2022-08-21,Product_3,485.8,19,75.67,Food,9230.2,Sunday,August
2022-08-21,Product_2,588.16,13,35.46,Toys,7646.08,Sunday,August
2022-08-22,Product_4,570.13,33,39.25,Food,18814.29,Monday,August
2022-08-22,Product_3,512.85,20,90.05,Food,10257.0,Monday,August
2022-08-22,Product_2,581.24,13,71.65,Books,7556.12,Monday,August
2022-08-22,Product_1,497.93,10,84.06,Toys,4979.3,Monday,August
2022-08-23,Product_3,488.21,19,89.21,Electronics,9275.99,Tuesday,August
2022-08-23,Product_1,468.91,10,62.4,Books,4689.1,Tuesday,August
2022-08-23,Product_4,520.66,30,78.62,Electronics,15619.8,Tuesday,August
2022-08-23,Product_2,559.98,12,96.34,Electronics,6719.76,Tuesday,August
2022-08-24,Product_3,517.65,21,81.84,Food,10870.65,Wednesday,August
2022-08-24,Product_4,577.11,34,93.86,Clothing,19621.74,Wednesday,August
2022-08-24,Product_2,597.57,13,68.26,Electronics,7768.410000000001,Wednesday,August
2022-08-24,Product_1,523.62,11,67.06,Food,5759.82,Wednesday,August
2022-08-25,Product_1,479.76,10,28.53,Electronics,4797.6,Thursday,August
2022-08-25,Product_2,565.08,12,64.08,Electronics,6780.960000000001,Thursday,August
2022-08-25,Product_3,442.35,18,94.5,Electronics,7962.3,Thursday,August
2022-08-25,Product_4,552.27,32,20.43,Clothing,17672.64,Thursday,August
2022-08-26,Product_2,602.16,13,24.15,Food,7828.08,Friday,August
2022-08-26,Product_3,520.36,21,45.88,Toys,10927.56,Friday,August
2022-08-26,Product_4,607.65,36,71.5,Toys,21875.4,Friday,August
2022-08-26,Product_1,575.26,12,66.38,Food,6903.12,Friday,August
2022-08-27,Product_2,556.68,12,33.02,Food,6680.16,Saturday,August
2022-08-27,Product_3,539.26,21,72.25,Clothing,11324.46,Saturday,August
2022-08-27,Product_4,527.23,31,45.79,Electronics,16344.13,Saturday,August
2022-08-27,Product_1,515.19,11,57.29,Food,5667.09,Saturday,August
2022-08-28,Product_4,575.19,34,93.86,Clothing,19556.460000000003,Sunday,August
2022-08-28,Product_2,577.23,12,54.23,Toys,6926.76,Sunday,August
2022-08-28,Product_1,436.08,9,90.23,Clothing,3924.72,Sunday,August
2022-08-28,Product_3,497.32,20,85.45,Books,9946.4,Sunday,August
2022-08-29,Product_4,552.12,32,94.59,Toys,17667.84,Monday,August
2022-08-29,Product_1,444.38,9,97.17,Clothing,3999.42,Monday,August
2022-08-29,Product_2,509.43,11,89.05,Books,5603.7300000000005,Monday,August
2022-08-29,Product_3,456.99,18,48.02,Books,8225.82,Monday,August
2022-08-30,Product_4,530.36,31,24.75,Electronics,16441.16,Tuesday,August
2022-08-30,Product_1,415.28,9,51.4,Food,3737.52,Tuesday,August
2022-08-30,Product_2,561.16,12,64.5,Books,6733.92,Tuesday,August
2022-08-30,Product_3,493.87,20,38.76,Books,9877.4,Tuesday,August
2022-08-31,Product_4,598.0,35,21.59,Food,20930.0,Wednesday,August
2022-08-31,Product_1,496.52,10,91.98,Food,4965.2,Wednesday,August
2022-08-31,Product_2,528.11,11,88.66,Food,5809.21,Wednesday,August
2022-08-31,Product_5,177.25,3,91.12,Electronics,531.75,Wednesday,August
2022-08-31,Product_3,502.08,20,29.48,Toys,10041.6,Wednesday,August
2022-09-01,Product_3,516.32,21,88.56,Food,10842.72,Thursday,September
2022-09-01,Product_4,598.53,35,59.98,Toys,20948.55,Thursday,September
2022-09-01,Product_2,666.16,14,94.63,Electronics,9326.24,Thursday,September
2022-09-01,Product_1,506.67,11,35.76,Books,5573.37,Thursday,September
2022-09-02,Product_3,527.01,21,64.12,Clothing,11067.21,Friday,September
2022-09-02,Product_2,611.0,13,23.89,Clothing,7943.0,Friday,September
2022-09-02,Product_4,618.46,36,57.4,Food,22264.56,Friday,September
2022-09-02,Product_1,547.88,12,61.49,Food,6574.56,Friday,September
2022-09-03,Product_1,431.21,9,48.24,Toys,3880.89,Saturday,September
2022-09-03,Product_3,493.19,20,60.5,Food,9863.8,Saturday,September
2022-09-03,Product_2,543.43,12,32.17,Toys,6521.16,Saturday,September
2022-09-03,Product_4,567.28,33,27.13,Clothing,18720.24,Saturday,September
2022-09-04,Product_3,479.86,19,69.77,Electronics,9117.34,Sunday,September
2022-09-04,Product_2,582.89,13,53.46,Electronics,7577.57,Sunday,September
2022-09-04,Product_4,574.06,34,45.15,Food,19518.04,Sunday,September
2022-09-04,Product_1,505.98,11,32.79,Food,5565.780000000001,Sunday,September
2022-09-05,Product_4,515.29,30,58.7,Books,15458.7,Monday,September
2022-09-05,Product_3,477.83,19,50.94,Toys,9078.77,Monday,September
2022-09-05,Product_1,510.93,11,21.4,Toys,5620.2300000000005,Monday,September
2022-09-05,Product_2,519.91,11,60.77,Toys,5719.009999999999,Monday,September
2022-09-06,Product_4,526.44,31,70.38,Electronics,16319.64,Tuesday,September
2022-09-06,Product_3,533.14,21,85.07,Electronics,11195.94,Tuesday,September
2022-09-06,Product_1,456.51,10,55.06,Clothing,4565.1,Tuesday,September
2022-09-06,Product_2,550.56,12,64.0,Books,6606.719999999999,Tuesday,September
2022-09-07,Product_3,473.41,19,32.15,Toys,8994.79,Wednesday,September
2022-09-07,Product_1,504.61,11,45.03,Toys,5550.71,Wednesday,September
2022-09-07,Product_4,528.48,31,46.73,Toys,16382.88,Wednesday,September
2022-09-07,Product_2,591.52,13,69.16,Clothing,7689.76,Wednesday,September
2022-09-08,Product_2,613.61,13,34.36,Clothing,7976.93,Thursday,September
2022-09-08,Product_3,508.68,20,37.3,Clothing,10173.6,Thursday,September
2022-09-08,Product_1,489.03,10,81.82,Food,4890.299999999999,Thursday,September
2022-09-08,Product_4,579.52,34,26.63,Food,19703.68,Thursday,September
2022-09-09,Product_4,579.06,34,86.16,Clothing,19688.04,Friday,September
2022-09-09,Product_2,602.46,13,98.21,Books,7831.98,Friday,September
2022-09-09,Product_1,519.9,11,21.95,Clothing,5718.9,Friday,September
2022-09-09,Product_3,561.69,22,20.2,Books,12357.18,Friday,September
2022-09-10,Product_2,578.41,12,88.98,Food,6940.92,Saturday,September
2022-09-10,Product_4,582.21,34,61.53,Toys,19795.14,Saturday,September
2022-09-10,Product_1,555.89,12,41.66,Books,6670.68,Saturday,September
2022-09-10,Product_3,474.66,19,69.69,Electronics,9018.54,Saturday,September
2022-09-11,Product_4,570.75,33,54.34,Food,18834.75,Sunday,September
2022-09-11,Product_1,515.21,11,99.44,Books,5667.31,Sunday,September
2022-09-11,Product_3,461.98,18,31.9,Food,8315.64,Sunday,September
2022-09-11,Product_2,575.68,12,40.63,Food,6908.16,Sunday,September
2022-09-12,Product_3,498.4,20,84.6,Clothing,9968.0,Monday,September
2022-09-12,Product_4,579.98,34,84.84,Clothing,19719.32,Monday,September
2022-09-12,Product_2,577.15,12,86.32,Electronics,6925.799999999999,Monday,September
2022-09-12,Product_1,435.18,9,44.29,Food,3916.62,Monday,September
2022-09-13,Product_4,527.0,31,87.4,Clothing,16337.0,Tuesday,September
2022-09-13,Product_2,568.29,12,44.8,Food,6819.48,Tuesday,September
2022-09-13,Product_3,466.8,19,57.46,Clothing,8869.2,Tuesday,September
2022-09-13,Product_1,456.12,10,91.59,Toys,4561.2,Tuesday,September
2022-09-14,Product_1,472.63,10,84.12,Books,4726.3,Wednesday,September
2022-09-14,Product_4,541.99,32,36.7,Toys,17343.68,Wednesday,September
2022-09-14,Product_2,612.67,13,62.58,Toys,7964.709999999999,Wednesday,September
2022-09-14,Product_3,545.33,22,71.86,Electronics,11997.26,Wednesday,September
2022-09-15,Product_2,630.0,14,55.48,Books,8820.0,Thursday,September
2022-09-15,Product_1,484.76,10,71.15,Food,4847.6,Thursday,September
2022-09-15,Product_3,478.98,19,92.08,Clothing,9100.62,Thursday,September
2022-09-15,Product_4,543.59,32,42.56,Toys,17394.88,Thursday,September
2022-09-16,Product_1,506.15,11,66.23,Food,5567.65,Friday,September
2022-09-16,Product_2,575.31,12,36.87,Food,6903.719999999999,Friday,September
2022-09-16,Product_4,560.99,33,55.23,Electronics,18512.67,Friday,September
2022-09-16,Product_3,499.43,20,43.16,Food,9988.6,Friday,September
2022-09-17,Product_3,604.15,24,37.85,Toys,14499.6,Saturday,September
2022-09-17,Product_2,612.14,13,96.38,Toys,7957.82,Saturday,September
2022-09-17,Product_1,459.29,10,53.69,Food,4592.900000000001,Saturday,September
2022-09-17,Product_4,604.95,35,96.49,Books,21173.25,Saturday,September
2022-09-18,Product_1,468.36,10,61.52,Food,4683.6,Sunday,September
2022-09-18,Product_3,475.12,19,96.88,Food,9027.28,Sunday,September
2022-09-18,Product_2,547.57,12,81.21,Books,6570.84,Sunday,September
2022-09-18,Product_4,547.39,32,43.94,Books,17516.48,Sunday,September
2022-09-19,Product_2,575.36,12,90.2,Food,6904.32,Monday,September
2022-09-19,Product_4,574.69,34,79.3,Food,19539.460000000003,Monday,September
2022-09-19,Product_1,423.17,9,27.45,Toys,3808.53,Monday,September
2022-09-19,Product_3,468.95,19,77.53,Books,8910.05,Monday,September
2022-09-20,Product_3,437.09,17,38.13,Clothing,7430.53,Tuesday,September
2022-09-20,Product_2,598.53,13,77.65,Food,7780.889999999999,Tuesday,September
2022-09-20,Product_1,514.25,11,98.2,Toys,5656.75,Tuesday,September
2022-09-20,Product_4,558.64,33,27.62,Clothing,18435.12,Tuesday,September
2022-09-21,Product_3,462.85,18,98.09,Books,8331.300000000001,Wednesday,September
2022-09-21,Product_1,460.11,10,51.72,Food,4601.1,Wednesday,September
2022-09-21,Product_4,552.29,32,99.41,Toys,17673.28,Wednesday,September
2022-09-21,Product_2,557.14,12,46.95,Toys,6685.68,Wednesday,September
2022-09-22,Product_3,489.44,19,53.22,Books,9299.36,Thursday,September
2022-09-22,Product_2,545.6,12,24.13,Toys,6547.200000000001,Thursday,September
2022-09-22,Product_4,555.27,33,79.15,Electronics,18323.91,Thursday,September
2022-09-22,Product_1,481.64,10,41.07,Food,4816.4,Thursday,September
2022-09-23,Product_3,490.2,19,29.89,Electronics,9313.8,Friday,September
2022-09-23,Product_5,180.52,3,96.52,Electronics,541.5600000000001,Friday,September
2022-09-23,Product_2,637.53,14,54.39,Electronics,8925.42,Friday,September
2022-09-23,Product_1,454.28,10,76.14,Electronics,4542.799999999999,Friday,September
2022-09-23,Product_4,590.26,35,27.83,Clothing,20659.1,Friday,September
2022-09-24,Product_3,555.25,22,59.29,Clothing,12215.5,Saturday,September
2022-09-24,Product_1,553.8,12,49.81,Food,6645.599999999999,Saturday,September
2022-09-24,Product_2,596.04,13,20.43,Clothing,7748.519999999999,Saturday,September
2022-09-24,Product_4,573.73,34,77.33,Toys,19506.82,Saturday,September
2022-09-25,Product_2,605.94,13,59.78,Toys,7877.220000000001,Sunday,September
2022-09-25,Product_3,523.45,21,57.31,Clothing,10992.45,Sunday,September
2022-09-25,Product_1,474.21,10,83.25,Electronics,4742.099999999999,Sunday,September
2022-09-25,Product_4,530.4,31,81.49,Toys,16442.399999999998,Sunday,September
2022-09-26,Product_2,568.72,12,70.71,Food,6824.64,Monday,September
2022-09-26,Product_3,468.47,19,66.04,Clothing,8900.93,Monday,September
2022-09-26,Product_4,499.43,29,22.57,Clothing,14483.47,Monday,September
2022-09-26,Product_1,461.9,10,32.88,Books,4619.0,Monday,September
2022-09-27,Product_2,605.44,13,83.37,Clothing,7870.720000000001,Tuesday,September
2022-09-27,Product_4,529.51,31,36.75,Electronics,16414.81,Tuesday,September
2022-09-27,Product_3,452.7,18,85.88,Books,8148.599999999999,Tuesday,September
2022-09-27,Product_1,487.7,10,34.39,Electronics,4877.0,Tuesday,September
2022-09-28,Product_2,623.76,13,85.68,Clothing,8108.88,Wednesday,September
2022-09-28,Product_4,556.5,33,99.42,Food,18364.5,Wednesday,September
2022-09-28,Product_1,468.87,10,95.72,Food,4688.7,Wednesday,September
2022-09-28,Product_3,525.25,21,50.03,Food,11030.25,Wednesday,September
2022-09-29,Product_2,639.42,14,39.82,Clothing,8951.88,Thursday,September
2022-09-29,Product_3,475.68,19,45.38,Toys,9037.92,Thursday,September
2022-09-29,Product_1,519.61,11,55.57,Books,5715.71,Thursday,September
2022-09-29,Product_4,580.53,34,93.66,Clothing,19738.02,Thursday,September
2022-09-30,Product_2,591.18,13,32.39,Food,7685.339999999999,Friday,September
2022-09-30,Product_3,497.66,20,71.39,Toys,9953.2,Friday,September
2022-09-30,Product_4,501.57,29,59.03,Books,14545.53,Friday,September
2022-09-30,Product_1,529.97,11,21.99,Electronics,5829.67,Friday,September
2022-10-01,Product_3,475.12,19,96.98,Toys,9027.28,Saturday,October
2022-10-01,Product_4,589.86,35,49.81,Books,20645.1,Saturday,October
2022-10-01,Product_2,586.07,13,81.71,Toys,7618.910000000001,Saturday,October
2022-10-01,Product_1,478.53,10,60.73,Food,4785.299999999999,Saturday,October
2022-10-02,Product_3,508.54,20,55.5,Clothing,10170.8,Sunday,October
2022-10-02,Product_1,471.66,10,58.34,Toys,4716.6,Sunday,October
2022-10-02,Product_2,598.39,13,61.5,Clothing,7779.07,Sunday,October
2022-10-02,Product_4,525.79,31,21.44,Food,16299.489999999998,Sunday,October
2022-10-03,Product_1,474.63,10,86.11,Electronics,4746.3,Monday,October
2022-10-03,Product_2,612.16,13,36.11,Clothing,7958.08,Monday,October
2022-10-03,Product_3,471.53,19,62.88,Food,8959.07,Monday,October
2022-10-03,Product_4,551.04,32,62.34,Electronics,17633.28,Monday,October
2022-10-04,Product_3,474.67,19,52.51,Food,9018.73,Tuesday,October
2022-10-04,Product_4,582.01,34,36.98,Clothing,19788.34,Tuesday,October
2022-10-04,Product_2,737.88,16,81.3,Clothing,11806.08,Tuesday,October
2022-10-04,Product_1,472.34,10,31.56,Food,4723.4,Tuesday,October
2022-10-05,Product_1,395.61,8,35.98,Toys,3164.88,Wednesday,October
2022-10-05,Product_3,575.2,23,87.38,Electronics,13229.6,Wednesday,October
2022-10-05,Product_2,595.95,13,62.57,Toys,7747.35,Wednesday,October
2022-10-05,Product_4,572.14,34,48.37,Clothing,19452.76,Wednesday,October
2022-10-06,Product_2,596.05,13,99.92,Electronics,7748.65,Thursday,October
2022-10-06,Product_3,517.77,21,82.59,Electronics,10873.17,Thursday,October
2022-10-06,Product_1,446.33,9,31.48,Food,4016.97,Thursday,October
2022-10-06,Product_4,593.98,35,66.58,Books,20789.3,Thursday,October
2022-10-07,Product_2,656.07,14,55.58,Toys,9184.98,Friday,October
2022-10-07,Product_4,610.5,36,73.42,Electronics,21978.0,Friday,October
2022-10-07,Product_1,535.6,11,70.51,Electronics,5891.6,Friday,October
2022-10-07,Product_3,528.63,21,41.33,Food,11101.23,Friday,October
2022-10-08,Product_1,464.11,10,40.52,Electronics,4641.1,Saturday,October
2022-10-08,Product_2,564.74,12,96.75,Books,6776.88,Saturday,October
2022-10-08,Product_4,520.27,30,77.53,Toys,15608.1,Saturday,October
2022-10-08,Product_3,494.53,20,52.98,Toys,9890.6,Saturday,October
2022-10-09,Product_2,519.98,11,73.47,Food,5719.780000000001,Sunday,October
2022-10-09,Product_4,508.11,30,71.34,Clothing,15243.3,Sunday,October
2022-10-09,Product_3,439.24,17,63.86,Books,7467.08,Sunday,October
2022-10-09,Product_1,517.96,11,21.67,Books,5697.56,Sunday,October
2022-10-10,Product_3,502.87,20,63.52,Clothing,10057.4,Monday,October
2022-10-10,Product_4,516.63,30,95.16,Electronics,15498.9,Monday,October
2022-10-10,Product_1,438.58,9,78.84,Toys,3947.22,Monday,October
2022-10-10,Product_2,521.86,11,55.7,Books,5740.46,Monday,October
2022-10-11,Product_2,568.86,12,70.18,Books,6826.32,Tuesday,October
2022-10-11,Product_1,444.87,9,40.16,Toys,4003.83,Tuesday,October
2022-10-11,Product_4,533.71,31,26.9,Electronics,16545.010000000002,Tuesday,October
2022-10-11,Product_3,536.43,21,38.39,Books,11265.03,Tuesday,October
2022-10-12,Product_3,461.61,18,91.18,Books,8308.98,Wednesday,October
2022-10-12,Product_2,660.88,14,45.76,Clothing,9252.32,Wednesday,October
2022-10-12,Product_4,525.54,31,30.62,Books,16291.739999999998,Wednesday,October
2022-10-12,Product_1,505.73,11,95.93,Books,5563.030000000001,Wednesday,October
2022-10-13,Product_1,518.44,11,79.15,Electronics,5702.84,Thursday,October
2022-10-13,Product_2,593.28,13,28.53,Clothing,7712.639999999999,Thursday,October
2022-10-13,Product_4,634.72,37,65.39,Books,23484.64,Thursday,October
2022-10-13,Product_3,505.39,20,97.04,Food,10107.8,Thursday,October
2022-10-14,Product_3,521.72,21,22.85,Electronics,10956.12,Friday,October
2022-10-14,Product_1,532.28,11,95.99,Toys,5855.08,Friday,October
2022-10-14,Product_4,600.04,35,57.12,Electronics,21001.4,Friday,October
2022-10-14,Product_2,619.45,13,67.71,Books,8052.85,Friday,October
2022-10-15,Product_3,504.09,20,66.2,Electronics,10081.8,Saturday,October
2022-10-15,Product_4,594.95,35,25.53,Food,20823.25,Saturday,October
2022-10-15,Product_2,657.88,14,59.44,Clothing,9210.32,Saturday,October
2022-10-15,Product_1,502.16,11,38.22,Toys,5523.76,Saturday,October
2022-10-16,Product_3,426.55,17,79.45,Toys,7251.35,Sunday,October
2022-10-16,Product_2,541.79,12,53.72,Clothing,6501.48,Sunday,October
2022-10-16,Product_1,517.04,11,97.77,Toys,5687.44,Sunday,October
2022-10-16,Product_4,567.63,33,34.67,Books,18731.79,Sunday,October
2022-10-17,Product_2,566.44,12,44.6,Books,6797.280000000001,Monday,October
2022-10-17,Product_1,483.21,10,50.49,Clothing,4832.099999999999,Monday,October
2022-10-17,Product_3,497.68,20,53.83,Food,9953.6,Monday,October
2022-10-17,Product_5,174.24,3,21.02,Clothing,522.72,Monday,October
2022-10-17,Product_4,542.52,32,81.62,Food,17360.64,Monday,October
2022-10-18,Product_1,502.5,11,95.34,Books,5527.5,Tuesday,October
2022-10-18,Product_2,555.17,12,68.46,Electronics,6662.039999999999,Tuesday,October
2022-10-18,Product_4,536.52,31,35.89,Electronics,16632.12,Tuesday,October
2022-10-18,Product_3,485.8,19,31.02,Food,9230.2,Tuesday,October
2022-10-19,Product_3,572.07,23,83.68,Clothing,13157.61,Wednesday,October
2022-10-19,Product_1,480.86,10,56.52,Electronics,4808.6,Wednesday,October
2022-10-19,Product_2,618.49,13,38.62,Electronics,8040.37,Wednesday,October
2022-10-19,Product_4,616.7,36,34.1,Clothing,22201.2,Wednesday,October
2022-10-20,Product_1,465.17,10,74.73,Electronics,4651.7,Thursday,October
2022-10-20,Product_2,569.26,12,54.96,Electronics,6831.12,Thursday,October
2022-10-20,Product_4,583.61,34,45.35,Toys,19842.74,Thursday,October
2022-10-20,Product_3,457.43,18,62.24,Books,8233.74,Thursday,October
2022-10-21,Product_3,492.95,20,31.6,Clothing,9859.0,Friday,October
2022-10-21,Product_2,609.71,13,48.5,Books,7926.23,Friday,October
2022-10-21,Product_4,616.78,36,39.95,Clothing,22204.08,Friday,October
2022-10-21,Product_1,505.08,11,49.99,Electronics,5555.88,Friday,October
2022-10-22,Product_4,547.26,32,87.65,Food,17512.32,Saturday,October
2022-10-22,Product_2,621.77,13,80.04,Food,8083.01,Saturday,October
2022-10-22,Product_5,201.47,4,50.83,Electronics,805.88,Saturday,October
2022-10-22,Product_1,524.0,11,73.37,Food,5764.0,Saturday,October
2022-10-22,Product_3,499.0,20,62.85,Clothing,9980.0,Saturday,October
2022-10-23,Product_4,554.42,32,75.41,Books,17741.44,Sunday,October
2022-10-23,Product_1,460.58,10,60.68,Clothing,4605.8,Sunday,October
2022-10-23,Product_3,497.29,20,67.37,Clothing,9945.8,Sunday,October
2022-10-23,Product_2,587.31,13,40.92,Food,7635.029999999999,Sunday,October
2022-10-24,Product_1,443.95,9,72.69,Food,3995.55,Monday,October
2022-10-24,Product_2,554.8,12,40.08,Clothing,6657.599999999999,Monday,October
2022-10-24,Product_3,495.53,20,72.97,Clothing,9910.6,Monday,October
2022-10-24,Product_4,556.01,33,46.19,Toys,18348.33,Monday,October
2022-10-25,Product_2,581.69,13,52.22,Books,7561.970000000001,Tuesday,October
2022-10-25,Product_1,467.72,10,54.3,Food,4677.200000000001,Tuesday,October
2022-10-25,Product_3,467.71,19,32.96,Food,8886.49,Tuesday,October
2022-10-25,Product_4,565.2,33,81.63,Toys,18651.6,Tuesday,October
2022-10-26,Product_2,630.94,14,85.22,Toys,8833.16,Wednesday,October
2022-10-26,Product_3,479.34,19,95.72,Clothing,9107.46,Wednesday,October
2022-10-26,Product_1,477.18,10,46.79,Electronics,4771.8,Wednesday,October
2022-10-26,Product_4,560.36,33,41.05,Toys,18491.88,Wednesday,October
2022-10-27,Product_3,464.0,18,56.04,Toys,8352.0,Thursday,October
2022-10-27,Product_4,533.21,31,93.14,Toys,16529.510000000002,Thursday,October
2022-10-27,Product_2,582.56,13,44.41,Books,7573.279999999999,Thursday,October
2022-10-27,Product_1,539.23,11,35.55,Clothing,5931.530000000001,Thursday,October
2022-10-28,Product_4,588.04,34,53.45,Food,19993.36,Friday,October
2022-10-28,Product_1,558.47,12,51.96,Toys,6701.64,Friday,October
2022-10-28,Product_3,451.94,18,67.88,Food,8134.92,Friday,October
2022-10-28,Product_2,572.81,12,85.1,Books,6873.719999999999,Friday,October
2022-10-29,Product_4,585.27,34,81.49,Food,19899.18,Saturday,October
2022-10-29,Product_1,548.27,12,20.74,Books,6579.24,Saturday,October
2022-10-29,Product_3,464.8,18,95.19,Electronics,8366.4,Saturday,October
2022-10-29,Product_2,553.53,12,86.14,Books,6642.36,Saturday,October
2022-10-30,Product_4,562.39,33,75.24,Clothing,18558.87,Sunday,October
2022-10-30,Product_1,503.06,11,90.99,Food,5533.66,Sunday,October
2022-10-30,Product_2,574.0,12,64.44,Toys,6888.0,Sunday,October
2022-10-30,Product_3,465.72,18,26.37,Books,8382.960000000001,Sunday,October
2022-10-31,Product_3,497.05,20,57.37,Food,9941.0,Monday,October
2022-10-31,Product_2,524.38,11,90.76,Clothing,5768.18,Monday,October
2022-10-31,Product_4,533.34,31,47.98,Food,16533.54,Monday,October
2022-10-31,Product_1,445.36,9,29.43,Electronics,4008.24,Monday,October
2022-11-01,Product_1,452.3,9,67.22,Food,4070.7,Tuesday,November
2022-11-01,Product_2,555.45,12,58.32,Clothing,6665.400000000001,Tuesday,November
2022-11-01,Product_4,548.28,32,94.93,Electronics,17544.96,Tuesday,November
2022-11-01,Product_3,482.34,19,34.72,Clothing,9164.46,Tuesday,November
2022-11-02,Product_2,590.41,13,34.72,Clothing,7675.33,Wednesday,November
2022-11-02,Product_4,573.81,34,61.46,Electronics,19509.54,Wednesday,November
2022-11-02,Product_1,472.43,10,88.33,Toys,4724.3,Wednesday,November
2022-11-02,Product_3,464.84,18,82.59,Clothing,8367.119999999999,Wednesday,November
2022-11-03,Product_3,554.2,22,90.96,Books,12192.4,Thursday,November
2022-11-03,Product_2,584.04,13,94.77,Electronics,7592.519999999999,Thursday,November
2022-11-03,Product_4,613.68,36,74.63,Food,22092.48,Thursday,November
2022-11-03,Product_1,521.46,11,63.01,Clothing,5736.06,Thursday,November
2022-11-04,Product_3,619.86,25,20.85,Toys,15496.5,Friday,November
2022-11-04,Product_2,659.47,14,87.65,Clothing,9232.58,Friday,November
2022-11-04,Product_4,587.92,34,83.86,Food,19989.28,Friday,November
2022-11-04,Product_1,491.92,10,36.82,Toys,4919.2,Friday,November
2022-11-05,Product_3,542.94,22,56.52,Toys,11944.68,Saturday,November
2022-11-05,Product_2,613.48,13,21.61,Books,7975.24,Saturday,November
2022-11-05,Product_4,635.2,37,87.5,Toys,23502.4,Saturday,November
2022-11-05,Product_1,518.2,11,58.28,Electronics,5700.200000000001,Saturday,November
2022-11-06,Product_3,455.49,18,97.08,Food,8198.82,Sunday,November
2022-11-06,Product_1,526.47,11,89.61,Food,5791.17,Sunday,November
2022-11-06,Product_4,541.34,32,36.85,Food,17322.88,Sunday,November
2022-11-06,Product_2,754.32,16,37.67,Food,12069.12,Sunday,November
2022-11-07,Product_4,587.86,34,60.3,Electronics,19987.24,Monday,November
2022-11-07,Product_1,526.62,11,76.66,Books,5792.82,Monday,November
2022-11-07,Product_2,588.83,13,91.8,Books,7654.790000000001,Monday,November
2022-11-07,Product_3,504.8,20,63.7,Electronics,10096.0,Monday,November
2022-11-08,Product_1,455.55,10,32.52,Food,4555.5,Tuesday,November
2022-11-08,Product_4,554.6,32,36.92,Toys,17747.2,Tuesday,November
2022-11-08,Product_2,511.03,11,59.95,Toys,5621.33,Tuesday,November
2022-11-08,Product_3,514.6,20,26.08,Clothing,10292.0,Tuesday,November
2022-11-09,Product_3,496.47,20,36.38,Clothing,9929.4,Wednesday,November
2022-11-09,Product_2,599.31,13,89.66,Food,7791.029999999999,Wednesday,November
2022-11-09,Product_4,524.79,31,96.86,Food,16268.489999999998,Wednesday,November
2022-11-09,Product_1,473.64,10,78.4,Clothing,4736.4,Wednesday,November
2022-11-10,Product_3,534.18,21,29.1,Toys,11217.78,Thursday,November
2022-11-10,Product_1,506.76,11,25.25,Electronics,5574.36,Thursday,November
2022-11-10,Product_2,621.92,13,71.34,Books,8084.959999999999,Thursday,November
2022-11-10,Product_4,619.84,36,63.07,Food,22314.24,Thursday,November
2022-11-11,Product_2,581.29,13,50.38,Food,7556.769999999999,Friday,November
2022-11-11,Product_3,493.04,20,46.61,Toys,9860.8,Friday,November
2022-11-11,Product_1,604.53,13,29.86,Toys,7858.889999999999,Friday,November
2022-11-11,Product_4,568.81,33,64.67,Clothing,18770.73,Friday,November
2022-11-12,Product_2,626.8,14,53.27,Toys,8775.199999999999,Saturday,November
2022-11-12,Product_3,492.47,20,67.28,Toys,9849.4,Saturday,November
2022-11-12,Product_4,597.67,35,85.96,Toys,20918.45,Saturday,November
2022-11-12,Product_1,536.69,11,74.2,Electronics,5903.59,Saturday,November
2022-11-13,Product_1,545.62,12,28.08,Food,6547.4400000000005,Sunday,November
2022-11-13,Product_2,635.3,14,78.37,Electronics,8894.199999999999,Sunday,November
2022-11-13,Product_3,506.27,20,71.35,Toys,10125.4,Sunday,November
2022-11-13,Product_4,546.5,32,20.22,Clothing,17488.0,Sunday,November
2022-11-14,Product_2,602.11,13,49.1,Toys,7827.43,Monday,November
2022-11-14,Product_4,517.1,30,72.34,Electronics,15513.0,Monday,November
2022-11-14,Product_3,519.63,21,21.02,Books,10912.23,Monday,November
2022-11-14,Product_1,504.31,11,54.6,Clothing,5547.41,Monday,November
2022-11-15,Product_3,506.84,20,21.16,Clothing,10136.8,Tuesday,November
2022-11-15,Product_1,458.59,10,62.06,Clothing,4585.9,Tuesday,November
2022-11-15,Product_4,525.5,31,85.4,Toys,16290.5,Tuesday,November
2022-11-15,Product_2,594.74,13,95.53,Electronics,7731.62,Tuesday,November
2022-11-16,Product_3,546.7,22,72.18,Clothing,12027.4,Wednesday,November
2022-11-16,Product_2,570.17,12,54.47,Clothing,6842.039999999999,Wednesday,November
2022-11-16,Product_1,447.99,9,83.95,Books,4031.91,Wednesday,November
2022-11-16,Product_4,565.7,33,69.51,Food,18668.1,Wednesday,November
2022-11-17,Product_4,579.09,34,41.58,Toys,19689.06,Thursday,November
2022-11-17,Product_1,523.81,11,56.87,Books,5761.91,Thursday,November
2022-11-17,Product_2,607.19,13,49.31,Electronics,7893.470000000001,Thursday,November
2022-11-17,Product_3,491.85,20,93.33,Toys,9837.0,Thursday,November
2022-11-18,Product_4,616.31,36,54.57,Toys,22187.16,Friday,November
2022-11-18,Product_3,511.38,20,88.78,Electronics,10227.6,Friday,November
2022-11-18,Product_1,518.05,11,52.6,Books,5698.549999999999,Friday,November
2022-11-18,Product_2,617.51,13,37.45,Clothing,8027.63,Friday,November
2022-11-19,Product_4,616.32,36,48.47,Food,22187.52,Saturday,November
2022-11-19,Product_5,221.74,4,44.66,Clothing,886.96,Saturday,November
2022-11-19,Product_3,534.48,21,80.4,Toys,11224.08,Saturday,November
2022-11-19,Product_1,600.22,13,47.35,Clothing,7802.860000000001,Saturday,November
2022-11-19,Product_2,651.09,14,56.26,Toys,9115.26,Saturday,November
2022-11-20,Product_4,574.64,34,42.25,Toys,19537.76,Sunday,November
2022-11-20,Product_3,541.2,22,20.78,Electronics,11906.4,Sunday,November
2022-11-20,Product_1,497.03,10,47.76,Books,4970.299999999999,Sunday,November
2022-11-20,Product_2,620.58,13,63.04,Books,8067.540000000001,Sunday,November
2022-11-21,Product_1,455.71,10,33.88,Electronics,4557.099999999999,Monday,November
2022-11-21,Product_4,515.51,30,44.09,Toys,15465.3,Monday,November
2022-11-21,Product_2,618.78,13,27.5,Electronics,8044.139999999999,Monday,November
2022-11-21,Product_3,500.39,20,76.14,Clothing,10007.8,Monday,November
2022-11-22,Product_4,575.91,34,88.07,Food,19580.94,Tuesday,November
2022-11-22,Product_3,473.03,19,22.08,Clothing,8987.57,Tuesday,November
2022-11-22,Product_2,621.58,13,37.86,Toys,8080.540000000001,Tuesday,November
2022-11-22,Product_1,533.0,11,32.47,Food,5863.0,Tuesday,November
2022-11-23,Product_3,506.27,20,86.17,Books,10125.4,Wednesday,November
2022-11-23,Product_2,550.73,12,97.27,Food,6608.76,Wednesday,November
2022-11-23,Product_1,502.5,11,24.15,Clothing,5527.5,Wednesday,November
2022-11-23,Product_4,550.86,32,49.65,Electronics,17627.52,Wednesday,November
2022-11-24,Product_2,624.26,13,90.69,Books,8115.38,Thursday,November
2022-11-24,Product_4,628.65,37,96.22,Toys,23260.05,Thursday,November
2022-11-24,Product_1,533.69,11,95.94,Books,5870.59,Thursday,November
2022-11-24,Product_3,521.49,21,56.02,Food,10951.29,Thursday,November
2022-11-25,Product_4,615.41,36,50.22,Electronics,22154.76,Friday,November
2022-11-25,Product_3,539.22,21,60.2,Books,11323.62,Friday,November
2022-11-25,Product_2,630.57,14,96.61,Food,8827.980000000001,Friday,November
2022-11-25,Product_1,526.41,11,56.26,Food,5790.509999999999,Friday,November
2022-11-26,Product_3,533.94,21,69.47,Electronics,11212.740000000002,Saturday,November
2022-11-26,Product_1,450.14,9,97.17,Food,4051.26,Saturday,November
2022-11-26,Product_4,640.1,38,78.2,Electronics,24323.8,Saturday,November
2022-11-26,Product_2,615.77,13,75.74,Food,8005.01,Saturday,November
2022-11-27,Product_1,471.85,10,73.8,Clothing,4718.5,Sunday,November
2022-11-27,Product_3,544.91,22,42.85,Toys,11988.02,Sunday,November
2022-11-27,Product_2,605.92,13,30.72,Food,7876.959999999999,Sunday,November
2022-11-27,Product_4,563.01,33,80.6,Electronics,18579.33,Sunday,November
2022-11-28,Product_4,607.2,36,69.88,Toys,21859.2,Monday,November
2022-11-28,Product_1,484.67,10,39.81,Books,4846.7,Monday,November
2022-11-28,Product_3,490.61,19,56.88,Books,9321.59,Monday,November
2022-11-28,Product_2,532.85,11,43.82,Books,5861.35,Monday,November
2022-11-29,Product_2,609.23,13,60.63,Clothing,7919.99,Tuesday,November
2022-11-29,Product_3,532.03,21,53.67,Food,11172.63,Tuesday,November
2022-11-29,Product_4,564.51,33,34.01,Food,18628.83,Tuesday,November
2022-11-29,Product_1,495.19,10,88.36,Electronics,4951.9,Tuesday,November
2022-11-30,Product_3,530.0,21,24.44,Books,11130.0,Wednesday,November
2022-11-30,Product_2,582.63,13,47.54,Toys,7574.19,Wednesday,November
2022-11-30,Product_4,555.55,33,57.08,Food,18333.15,Wednesday,November
2022-11-30,Product_1,546.82,12,42.63,Clothing,6561.84,Wednesday,November
2022-12-01,Product_2,666.93,14,43.06,Books,9337.02,Thursday,December
2022-12-01,Product_1,500.75,11,28.61,Electronics,5508.25,Thursday,December
2022-12-01,Product_4,648.21,38,80.75,Electronics,24631.980000000003,Thursday,December
2022-12-01,Product_3,463.63,18,36.53,Electronics,8345.34,Thursday,December
2022-12-02,Product_3,557.82,22,76.07,Toys,12272.04,Friday,December
2022-12-02,Product_2,664.3,14,40.72,Electronics,9300.2,Friday,December
2022-12-02,Product_1,521.76,11,77.82,Clothing,5739.36,Friday,December
2022-12-02,Product_4,602.47,35,58.39,Food,21086.45,Friday,December
2022-12-03,Product_4,636.9,37,76.94,Food,23565.3,Saturday,December
2022-12-03,Product_2,640.2,14,22.41,Electronics,8962.800000000001,Saturday,December
2022-12-03,Product_3,567.73,23,77.34,Clothing,13057.79,Saturday,December
2022-12-03,Product_1,496.91,10,70.06,Toys,4969.1,Saturday,December
2022-12-04,Product_3,531.4,21,72.68,Electronics,11159.4,Sunday,December
2022-12-04,Product_2,651.25,14,38.07,Clothing,9117.5,Sunday,December
2022-12-04,Product_4,563.23,33,47.55,Books,18586.59,Sunday,December
2022-12-04,Product_1,467.88,10,78.87,Electronics,4678.8,Sunday,December
2022-12-05,Product_3,498.03,20,59.96,Toys,9960.6,Monday,December
2022-12-05,Product_2,622.55,13,23.17,Electronics,8093.15,Monday,December
2022-12-05,Product_1,500.68,11,50.79,Food,5507.4800000000005,Monday,December
2022-12-05,Product_4,630.23,37,29.47,Electronics,23318.51,Monday,December
2022-12-06,Product_2,581.78,13,96.78,Books,7563.139999999999,Tuesday,December
2022-12-06,Product_1,496.67,10,73.23,Food,4966.7,Tuesday,December
2022-12-06,Product_4,549.72,32,94.24,Clothing,17591.04,Tuesday,December
2022-12-06,Product_3,518.58,21,65.35,Toys,10890.18,Tuesday,December
2022-12-07,Product_2,590.53,13,54.93,Electronics,7676.889999999999,Wednesday,December
2022-12-07,Product_4,595.66,35,30.12,Toys,20848.1,Wednesday,December
2022-12-07,Product_3,532.5,21,95.4,Clothing,11182.5,Wednesday,December
2022-12-07,Product_1,554.69,12,79.21,Books,6656.280000000001,Wednesday,December
2022-12-08,Product_4,612.92,36,74.07,Electronics,22065.12,Thursday,December
2022-12-08,Product_1,576.05,12,37.36,Toys,6912.599999999999,Thursday,December
2022-12-08,Product_3,618.2,25,30.54,Electronics,15455.000000000002,Thursday,December
2022-12-08,Product_2,616.65,13,52.86,Toys,8016.45,Thursday,December
2022-12-09,Product_1,565.73,12,75.79,Books,6788.76,Friday,December
2022-12-09,Product_4,559.91,33,44.55,Clothing,18477.03,Friday,December
2022-12-09,Product_3,514.07,20,56.22,Books,10281.4,Friday,December
2022-12-09,Product_2,646.93,14,54.32,Toys,9057.02,Friday,December
2022-12-10,Product_4,596.57,35,62.93,Toys,20879.95,Saturday,December
2022-12-10,Product_2,651.64,14,30.89,Toys,9122.96,Saturday,December
2022-12-10,Product_3,500.28,20,68.31,Food,10005.6,Saturday,December
2022-12-10,Product_1,513.99,11,74.65,Food,5653.89,Saturday,December
2022-12-11,Product_3,544.73,22,21.01,Toys,11984.06,Sunday,December
2022-12-11,Product_4,562.04,33,46.39,Clothing,18547.32,Sunday,December
2022-12-11,Product_1,549.26,12,56.15,Clothing,6591.12,Sunday,December
2022-12-11,Product_2,637.59,14,25.67,Electronics,8926.26,Sunday,December
2022-12-12,Product_1,553.3,12,76.08,Clothing,6639.599999999999,Monday,December
2022-12-12,Product_3,556.77,22,58.26,Clothing,12248.94,Monday,December
2022-12-12,Product_4,630.38,37,91.3,Books,23324.06,Monday,December
2022-12-12,Product_2,600.02,13,82.73,Electronics,7800.26,Monday,December
2022-12-13,Product_2,625.39,14,63.59,Toys,8755.46,Tuesday,December
2022-12-13,Product_3,508.55,20,61.09,Electronics,10171.0,Tuesday,December
2022-12-13,Product_1,512.79,11,99.29,Toys,5640.69,Tuesday,December
2022-12-13,Product_4,542.18,32,78.94,Toys,17349.76,Tuesday,December
2022-12-14,Product_3,466.43,18,89.84,Books,8395.74,Wednesday,December
2022-12-14,Product_4,606.46,36,57.6,Books,21832.56,Wednesday,December
2022-12-14,Product_2,634.09,14,78.47,Toys,8877.26,Wednesday,December
2022-12-14,Product_1,532.75,11,68.63,Electronics,5860.25,Wednesday,December
2022-12-15,Product_2,619.75,13,80.7,Books,8056.75,Thursday,December
2022-12-15,Product_5,178.1,3,57.71,Toys,534.3,Thursday,December
2022-12-15,Product_4,631.09,37,23.41,Toys,23350.33,Thursday,December
2022-12-15,Product_1,525.59,11,33.76,Books,5781.490000000001,Thursday,December
2022-12-15,Product_3,527.03,21,46.81,Clothing,11067.63,Thursday,December
2022-12-16,Product_2,651.49,14,50.1,Food,9120.86,Friday,December
2022-12-16,Product_1,565.43,12,62.87,Books,6785.16,Friday,December
2022-12-16,Product_4,651.82,38,33.05,Books,24769.160000000003,Friday,December
2022-12-16,Product_3,491.96,20,68.34,Food,9839.2,Friday,December
2022-12-17,Product_2,650.0,14,66.66,Toys,9100.0,Saturday,December
2022-12-17,Product_1,571.04,12,89.88,Food,6852.48,Saturday,December
2022-12-17,Product_4,649.88,38,44.73,Toys,24695.44,Saturday,December
2022-12-17,Product_3,530.09,21,58.11,Toys,11131.89,Saturday,December
2022-12-18,Product_1,552.97,12,49.34,Food,6635.64,Sunday,December
2022-12-18,Product_3,562.76,22,60.74,Food,12380.72,Sunday,December
2022-12-18,Product_4,631.67,37,55.84,Electronics,23371.79,Sunday,December
2022-12-18,Product_2,672.69,15,68.33,Electronics,10090.35,Sunday,December
2022-12-19,Product_1,503.07,11,49.65,Clothing,5533.77,Monday,December
2022-12-19,Product_3,533.08,21,82.21,Clothing,11194.68,Monday,December
2022-12-19,Product_2,629.75,14,93.68,Books,8816.5,Monday,December
2022-12-19,Product_4,634.53,37,96.34,Toys,23477.61,Monday,December
2022-12-20,Product_1,584.0,12,77.64,Electronics,7008.0,Tuesday,December
2022-12-20,Product_2,616.14,13,83.29,Electronics,8009.82,Tuesday,December
2022-12-20,Product_4,617.19,36,79.87,Clothing,22218.840000000004,Tuesday,December
2022-12-20,Product_3,529.66,21,62.67,Toys,11122.86,Tuesday,December
2022-12-21,Product_4,588.57,34,50.84,Electronics,20011.38,Wednesday,December
2022-12-21,Product_2,618.76,13,95.07,Books,8043.88,Wednesday,December
2022-12-21,Product_3,519.24,21,71.32,Books,10904.04,Wednesday,December
2022-12-21,Product_1,539.28,11,79.46,Toys,5932.08,Wednesday,December
2022-12-22,Product_3,504.39,20,49.3,Clothing,10087.8,Thursday,December
2022-12-22,Product_1,567.64,12,93.59,Electronics,6811.68,Thursday,December
2022-12-22,Product_4,599.91,35,42.7,Electronics,20996.85,Thursday,December
2022-12-22,Product_2,630.83,14,89.98,Clothing,8831.62,Thursday,December
2022-12-23,Product_3,597.34,24,42.38,Books,14336.16,Friday,December
2022-12-23,Product_1,527.01,11,73.37,Food,5797.11,Friday,December
2022-12-23,Product_2,638.93,14,52.61,Books,8945.019999999999,Friday,December
2022-12-23,Product_4,648.16,38,20.08,Electronics,24630.08,Friday,December
2022-12-24,Product_3,546.21,22,92.74,Books,12016.62,Saturday,December
2022-12-24,Product_1,550.46,12,47.21,Electronics,6605.52,Saturday,December
2022-12-24,Product_2,655.35,14,64.25,Books,9174.9,Saturday,December
2022-12-24,Product_4,640.17,38,97.02,Toys,24326.46,Saturday,December
2022-12-25,Product_1,596.74,13,79.78,Toys,7757.62,Sunday,December
2022-12-25,Product_2,653.88,14,96.28,Books,9154.32,Sunday,December
2022-12-25,Product_4,553.88,32,47.19,Books,17724.16,Sunday,December
2022-12-25,Product_3,563.03,22,42.55,Clothing,12386.66,Sunday,December
2022-12-26,Product_1,508.5,11,91.52,Clothing,5593.5,Monday,December
2022-12-26,Product_3,475.39,19,68.91,Food,9032.41,Monday,December
2022-12-26,Product_2,570.42,12,47.2,Electronics,6845.039999999999,Monday,December
2022-12-26,Product_4,632.62,37,20.16,Books,23406.94,Monday,December
2022-12-27,Product_3,539.51,21,71.87,Books,11329.71,Tuesday,December
2022-12-27,Product_4,604.04,35,49.51,Food,21141.4,Tuesday,December
2022-12-27,Product_1,468.22,10,94.64,Food,4682.200000000001,Tuesday,December
2022-12-27,Product_2,661.77,14,37.0,Books,9264.78,Tuesday,December
2022-12-28,Product_3,551.38,22,28.65,Food,12130.36,Wednesday,December
2022-12-28,Product_4,631.21,37,73.04,Books,23354.77,Wednesday,December
2022-12-28,Product_2,682.37,15,48.16,Books,10235.55,Wednesday,December
2022-12-28,Product_1,563.69,12,96.23,Electronics,6764.280000000001,Wednesday,December
2022-12-29,Product_3,535.18,21,29.3,Toys,11238.78,Thursday,December
2022-12-29,Product_5,250.28,5,49.3,Food,1251.4,Thursday,December
2022-12-29,Product_4,614.23,36,88.43,Food,22112.28,Thursday,December
2022-12-29,Product_2,678.19,15,24.71,Clothing,10172.85,Thursday,December
2022-12-29,Product_1,572.22,12,58.61,Toys,6866.64,Thursday,December
2022-12-30,Product_4,654.64,38,46.93,Books,24876.32,Friday,December
2022-12-30,Product_2,661.43,14,39.22,Toys,9260.02,Friday,December
2022-12-30,Product_1,550.64,12,92.23,Food,6607.68,Friday,December
2022-12-30,Product_3,596.35,24,47.99,Electronics,14312.4,Friday,December
2022-12-31,Product_4,572.96,34,94.52,Food,19480.64,Saturday,December
2022-12-31,Product_3,546.59,22,90.74,Clothing,12024.98,Saturday,December
2022-12-31,Product_1,566.69,12,77.01,Clothing,6800.280000000001,Saturday,December
2022-12-31,Product_2,660.13,14,78.06,Food,9241.82,Saturday,December
2023-01-01,Product_3,622.95,25,43.66,Clothing,15573.750000000002,Sunday,January
2023-01-01,Product_4,600.84,35,24.2,Books,21029.4,Sunday,January
2023-01-01,Product_5,177.48,3,40.14,Books,532.4399999999999,Sunday,January
2023-01-01,Product_2,625.97,14,37.88,Books,8763.58,Sunday,January
2023-01-01,Product_1,567.37,12,97.8,Toys,6808.4400000000005,Sunday,January
2023-01-02,Product_4,590.07,35,59.02,Clothing,20652.45,Monday,January
2023-01-02,Product_3,510.01,20,49.45,Electronics,10200.2,Monday,January
2023-01-02,Product_2,647.79,14,79.07,Clothing,9069.06,Monday,January
2023-01-02,Product_1,470.07,10,80.45,Electronics,4700.7,Monday,January
2023-01-03,Product_2,620.13,13,50.25,Electronics,8061.69,Tuesday,January
2023-01-03,Product_3,522.19,21,64.67,Clothing,10965.990000000002,Tuesday,January
2023-01-03,Product_4,604.59,35,66.67,Toys,21160.65,Tuesday,January
2023-01-03,Product_1,531.91,11,20.1,Food,5851.009999999999,Tuesday,January
2023-01-04,Product_1,553.11,12,41.06,Clothing,6637.32,Wednesday,January
2023-01-04,Product_2,648.21,14,86.24,Books,9074.94,Wednesday,January
2023-01-04,Product_4,622.49,37,63.35,Electronics,23032.13,Wednesday,January
2023-01-04,Product_3,593.56,24,64.71,Electronics,14245.44,Wednesday,January
2023-01-05,Product_5,190.07,4,77.12,Books,760.28,Thursday,January
2023-01-05,Product_3,610.4,24,77.22,Food,14649.6,Thursday,January
2023-01-05,Product_2,671.48,15,39.86,Electronics,10072.2,Thursday,January
2023-01-05,Product_1,581.37,12,60.03,Clothing,6976.4400000000005,Thursday,January
2023-01-05,Product_4,622.31,37,94.06,Toys,23025.47,Thursday,January
2023-01-06,Product_2,670.25,15,82.36,Electronics,10053.75,Friday,January
2023-01-06,Product_3,575.88,23,70.06,Food,13245.24,Friday,January
2023-01-06,Product_1,584.86,12,78.36,Toys,7018.32,Friday,January
2023-01-06,Product_5,192.93,4,90.21,Food,771.72,Friday,January
2023-01-06,Product_4,620.18,36,59.94,Clothing,22326.48,Friday,January
2023-01-07,Product_3,557.0,22,41.84,Books,12254.0,Saturday,January
2023-01-07,Product_2,663.32,14,94.61,Food,9286.48,Saturday,January
2023-01-07,Product_1,588.93,13,27.54,Clothing,7656.089999999999,Saturday,January
2023-01-07,Product_4,656.41,39,79.72,Clothing,25599.99,Saturday,January
2023-01-08,Product_4,680.11,40,42.61,Food,27204.4,Sunday,January
2023-01-08,Product_5,192.6,4,91.54,Food,770.4,Sunday,January
2023-01-08,Product_3,543.91,22,24.22,Books,11966.02,Sunday,January
2023-01-08,Product_1,537.46,11,49.01,Clothing,5912.06,Sunday,January
2023-01-08,Product_2,650.72,14,68.32,Clothing,9110.08,Sunday,January
2023-01-09,Product_1,563.79,12,65.64,Electronics,6765.48,Monday,January
2023-01-09,Product_3,515.09,20,68.45,Toys,10301.8,Monday,January
2023-01-09,Product_2,657.2,14,60.43,Clothing,9200.8,Monday,January
2023-01-09,Product_4,605.3,35,39.47,Clothing,21185.5,Monday,January
2023-01-10,Product_2,640.66,14,32.64,Books,8969.24,Tuesday,January
2023-01-10,Product_3,535.54,21,88.3,Toys,11246.34,Tuesday,January
2023-01-10,Product_4,568.84,33,75.47,Electronics,18771.72,Tuesday,January
2023-01-10,Product_1,538.24,11,92.96,Food,5920.64,Tuesday,January
2023-01-11,Product_4,615.11,36,63.99,Toys,22143.96,Wednesday,January
2023-01-11,Product_5,174.3,3,26.89,Electronics,522.9000000000001,Wednesday,January
2023-01-11,Product_1,544.12,12,75.48,Clothing,6529.4400000000005,Wednesday,January
2023-01-11,Product_2,673.41,15,92.87,Clothing,10101.15,Wednesday,January
2023-01-11,Product_3,549.15,22,99.78,Clothing,12081.3,Wednesday,January
2023-01-12,Product_1,571.09,12,24.84,Food,6853.08,Thursday,January
2023-01-12,Product_2,644.41,14,29.3,Electronics,9021.74,Thursday,January
2023-01-12,Product_3,607.92,24,63.55,Electronics,14590.079999999998,Thursday,January
2023-01-12,Product_4,651.21,38,69.67,Books,24745.980000000003,Thursday,January
2023-01-13,Product_2,685.24,15,39.5,Food,10278.6,Friday,January
2023-01-13,Product_3,528.79,21,27.33,Clothing,11104.59,Friday,January
2023-01-13,Product_5,177.25,3,78.63,Books,531.75,Friday,January
2023-01-13,Product_1,623.73,13,82.15,Food,8108.49,Friday,January
2023-01-13,Product_4,634.13,37,89.49,Clothing,23462.81,Friday,January
2023-01-14,Product_4,669.69,39,76.87,Clothing,26117.910000000003,Saturday,January
2023-01-14,Product_2,658.88,14,65.01,Food,9224.32,Saturday,January
2023-01-14,Product_1,657.09,14,84.38,Clothing,9199.26,Saturday,January
2023-01-14,Product_3,552.54,22,66.45,Food,12155.88,Saturday,January
2023-01-15,Product_4,598.21,35,54.59,Books,20937.35,Sunday,January
2023-01-15,Product_1,533.27,11,88.32,Food,5865.969999999999,Sunday,January
2023-01-15,Product_3,575.44,23,90.32,Books,13235.12,Sunday,January
2023-01-15,Product_2,631.5,14,20.85,Clothing,8841.0,Sunday,January
2023-01-16,Product_1,571.24,12,89.56,Books,6854.88,Monday,January
2023-01-16,Product_2,648.35,14,35.81,Books,9076.9,Monday,January
2023-01-16,Product_4,607.92,36,67.44,Toys,21885.12,Monday,January
2023-01-16,Product_3,543.97,22,64.74,Electronics,11967.34,Monday,January
2023-01-17,Product_3,521.55,21,29.61,Clothing,10952.55,Tuesday,January
2023-01-17,Product_1,550.06,12,65.89,Toys,6600.719999999999,Tuesday,January
2023-01-17,Product_4,630.0,37,60.8,Toys,23310.0,Tuesday,January
2023-01-17,Product_2,627.61,14,60.28,Books,8786.54,Tuesday,January
2023-01-18,Product_3,560.69,22,77.54,Food,12335.18,Wednesday,January
2023-01-18,Product_5,179.77,3,74.13,Electronics,539.3100000000001,Wednesday,January
2023-01-18,Product_1,520.43,11,90.08,Toys,5724.73,Wednesday,January
2023-01-18,Product_4,627.1,37,70.03,Food,23202.7,Wednesday,January
2023-01-18,Product_2,697.47,15,34.59,Clothing,10462.05,Wednesday,January
2023-01-19,Product_4,655.61,38,25.71,Electronics,24913.18,Thursday,January
2023-01-19,Product_2,679.3,15,99.15,Electronics,10189.5,Thursday,January
2023-01-19,Product_1,620.9,13,74.16,Electronics,8071.7,Thursday,January
2023-01-19,Product_3,612.16,24,76.19,Food,14691.84,Thursday,January
2023-01-19,Product_5,207.5,4,40.12,Food,830.0,Thursday,January
2023-01-20,Product_2,659.83,14,86.99,Electronics,9237.62,Friday,January
2023-01-20,Product_4,627.89,37,78.48,Books,23231.93,Friday,January
2023-01-20,Product_3,595.69,24,84.96,Clothing,14296.56,Friday,January
2023-01-20,Product_5,201.32,4,72.32,Toys,805.28,Friday,January
2023-01-20,Product_1,523.68,11,94.03,Clothing,5760.48,Friday,January
2023-01-21,Product_3,619.17,25,52.84,Books,15479.249999999998,Saturday,January
2023-01-21,Product_2,698.45,15,51.57,Toys,10476.75,Saturday,January
2023-01-21,Product_4,646.76,38,99.46,Electronics,24576.88,Saturday,January
2023-01-21,Product_1,572.28,12,77.74,Toys,6867.36,Saturday,January
2023-01-22,Product_1,553.59,12,82.67,Food,6643.08,Sunday,January
2023-01-22,Product_3,554.46,22,81.81,Clothing,12198.12,Sunday,January
2023-01-22,Product_2,679.08,15,79.85,Toys,10186.2,Sunday,January
2023-01-22,Product_4,628.49,37,26.19,Food,23254.13,Sunday,January
2023-01-23,Product_1,546.73,12,97.72,Toys,6560.76,Monday,January
2023-01-23,Product_2,665.62,14,62.55,Food,9318.68,Monday,January
2023-01-23,Product_3,527.24,21,32.48,Food,11072.04,Monday,January
2023-01-23,Product_4,594.49,35,36.33,Electronics,20807.15,Monday,January
2023-01-24,Product_2,681.73,15,23.6,Books,10225.95,Tuesday,January
2023-01-24,Product_3,566.85,23,32.94,Food,13037.55,Tuesday,January
2023-01-24,Product_1,518.21,11,27.78,Electronics,5700.31,Tuesday,January
2023-01-24,Product_4,688.7,40,20.2,Clothing,27548.0,Tuesday,January
2023-01-25,Product_2,667.86,14,22.44,Clothing,9350.04,Wednesday,January
2023-01-25,Product_1,555.97,12,51.5,Food,6671.64,Wednesday,January
2023-01-25,Product_5,174.55,3,47.6,Books,523.6500000000001,Wednesday,January
2023-01-25,Product_4,589.63,35,46.51,Toys,20637.05,Wednesday,January
2023-01-25,Product_3,551.78,22,24.82,Books,12139.16,Wednesday,January
2023-01-26,Product_1,541.21,11,98.69,Clothing,5953.31,Thursday,January
2023-01-26,Product_5,205.87,4,34.69,Electronics,823.48,Thursday,January
2023-01-26,Product_3,583.08,23,34.68,Electronics,13410.84,Thursday,January
2023-01-26,Product_4,680.6,40,93.9,Food,27224.0,Thursday,January
2023-01-26,Product_2,687.92,15,83.62,Books,10318.8,Thursday,January
2023-01-27,Product_1,590.89,13,25.02,Food,7681.57,Friday,January
2023-01-27,Product_4,729.81,43,28.96,Food,31381.83,Friday,January
2023-01-27,Product_3,585.58,23,50.55,Clothing,13468.34,Friday,January
2023-01-27,Product_2,660.54,14,86.07,Books,9247.56,Friday,January
2023-01-28,Product_2,648.9,14,45.06,Clothing,9084.6,Saturday,January
2023-01-28,Product_1,601.2,13,73.47,Electronics,7815.6,Saturday,January
2023-01-28,Product_4,677.93,40,32.21,Toys,27117.2,Saturday,January
2023-01-28,Product_3,541.37,22,77.21,Food,11910.14,Saturday,January
2023-01-29,Product_1,547.19,12,68.21,Electronics,6566.280000000001,Sunday,January
2023-01-29,Product_2,648.92,14,25.65,Food,9084.88,Sunday,January
2023-01-29,Product_3,566.67,23,65.16,Toys,13033.41,Sunday,January
2023-01-29,Product_4,661.89,39,96.0,Clothing,25813.71,Sunday,January
2023-01-30,Product_1,571.87,12,46.4,Electronics,6862.4400000000005,Monday,January
2023-01-30,Product_4,612.3,36,32.9,Clothing,22042.8,Monday,January
2023-01-30,Product_3,484.52,19,45.0,Books,9205.88,Monday,January
2023-01-30,Product_2,679.69,15,48.54,Toys,10195.35,Monday,January
2023-01-30,Product_5,210.87,4,69.62,Books,843.48,Monday,January
2023-01-31,Product_2,657.54,14,28.83,Food,9205.56,Tuesday,January
2023-01-31,Product_4,577.92,34,47.06,Toys,19649.28,Tuesday,January
2023-01-31,Product_1,568.64,12,49.77,Electronics,6823.68,Tuesday,January
2023-01-31,Product_3,510.12,20,32.54,Books,10202.4,Tuesday,January
2023-02-01,Product_3,596.68,24,67.83,Electronics,14320.32,Wednesday,February
2023-02-01,Product_2,674.29,15,44.49,Toys,10114.35,Wednesday,February
2023-02-01,Product_4,654.04,38,72.81,Electronics,24853.52,Wednesday,February
2023-02-01,Product_1,590.04,13,72.3,Food,7670.519999999999,Wednesday,February
2023-02-02,Product_2,706.0,15,49.94,Electronics,10590.0,Thursday,February
2023-02-02,Product_4,660.48,39,25.61,Food,25758.72,Thursday,February
2023-02-02,Product_1,550.41,12,26.99,Food,6604.92,Thursday,February
2023-02-02,Product_3,650.44,26,97.69,Food,16911.440000000002,Thursday,February
2023-02-03,Product_3,620.58,25,51.42,Books,15514.500000000002,Friday,February
2023-02-03,Product_4,640.73,38,94.86,Food,24347.74,Friday,February
2023-02-03,Product_1,582.2,12,84.06,Electronics,6986.400000000001,Friday,February
2023-02-03,Product_5,238.0,5,82.64,Food,1190.0,Friday,February
2023-02-03,Product_2,734.31,16,31.85,Electronics,11748.96,Friday,February
2023-02-04,Product_5,174.87,3,65.82,Clothing,524.61,Saturday,February
2023-02-04,Product_4,700.16,41,63.08,Books,28706.56,Saturday,February
2023-02-04,Product_3,557.52,22,49.05,Food,12265.44,Saturday,February
2023-02-04,Product_2,639.48,14,68.35,Food,8952.720000000001,Saturday,February
2023-02-04,Product_1,576.73,12,29.44,Electronics,6920.76,Saturday,February
2023-02-05,Product_3,549.57,22,32.44,Food,12090.54,Sunday,February
2023-02-05,Product_4,715.32,42,82.61,Books,30043.44,Sunday,February
2023-02-05,Product_1,562.64,12,98.07,Food,6751.68,Sunday,February
2023-02-05,Product_2,654.56,14,83.57,Electronics,9163.84,Sunday,February
2023-02-06,Product_3,548.79,22,54.55,Food,12073.38,Monday,February
2023-02-06,Product_4,599.43,35,53.38,Toys,20980.05,Monday,February
2023-02-06,Product_1,563.08,12,97.75,Books,6756.960000000001,Monday,February
2023-02-06,Product_2,653.02,14,44.89,Toys,9142.28,Monday,February
2023-02-07,Product_2,673.35,15,49.4,Food,10100.25,Tuesday,February
2023-02-07,Product_3,504.65,20,89.7,Food,10093.0,Tuesday,February
2023-02-07,Product_5,189.38,4,52.72,Clothing,757.52,Tuesday,February
2023-02-07,Product_1,573.42,12,35.12,Books,6881.039999999999,Tuesday,February
2023-02-07,Product_4,623.9,37,31.88,Toys,23084.3,Tuesday,February
2023-02-08,Product_1,637.32,14,99.72,Toys,8922.480000000001,Wednesday,February
2023-02-08,Product_5,186.65,4,20.7,Books,746.6,Wednesday,February
2023-02-08,Product_2,677.61,15,36.04,Books,10164.15,Wednesday,February
2023-02-08,Product_4,666.32,39,86.58,Electronics,25986.480000000003,Wednesday,February
2023-02-08,Product_3,554.37,22,91.75,Food,12196.14,Wednesday,February
2023-02-09,Product_4,606.04,36,69.74,Toys,21817.44,Thursday,February
2023-02-09,Product_1,631.56,13,93.27,Books,8210.279999999999,Thursday,February
2023-02-09,Product_3,633.79,25,21.4,Books,15844.75,Thursday,February
2023-02-09,Product_2,702.89,15,21.34,Electronics,10543.35,Thursday,February
2023-02-09,Product_5,201.16,4,63.35,Clothing,804.64,Thursday,February
2023-02-10,Product_2,732.82,16,24.12,Books,11725.12,Friday,February
2023-02-10,Product_4,658.47,39,65.2,Books,25680.33,Friday,February
2023-02-10,Product_5,247.86,5,82.81,Clothing,1239.3000000000002,Friday,February
2023-02-10,Product_3,602.13,24,37.97,Clothing,14451.12,Friday,February
2023-02-10,Product_1,571.36,12,70.48,Clothing,6856.32,Friday,February
2023-02-11,Product_3,562.53,22,64.86,Electronics,12375.66,Saturday,February
2023-02-11,Product_2,706.48,15,62.17,Electronics,10597.2,Saturday,February
2023-02-11,Product_1,604.98,13,84.35,Toys,7864.74,Saturday,February
2023-02-11,Product_5,218.87,4,23.39,Electronics,875.48,Saturday,February
2023-02-11,Product_4,629.98,37,62.25,Toys,23309.26,Saturday,February
2023-02-12,Product_3,528.5,21,27.64,Food,11098.5,Sunday,February
2023-02-12,Product_4,668.87,39,49.18,Toys,26085.93,Sunday,February
2023-02-12,Product_1,605.08,13,25.53,Clothing,7866.040000000001,Sunday,February
2023-02-12,Product_2,678.28,15,59.09,Food,10174.2,Sunday,February
2023-02-12,Product_5,176.92,3,27.37,Books,530.76,Sunday,February
2023-02-13,Product_4,610.81,36,97.07,Food,21989.16,Monday,February
2023-02-13,Product_3,592.1,24,89.98,Electronics,14210.4,Monday,February
2023-02-13,Product_5,189.63,4,57.98,Clothing,758.52,Monday,February
2023-02-13,Product_1,634.08,14,63.93,Books,8877.12,Monday,February
2023-02-13,Product_2,698.87,15,60.04,Books,10483.05,Monday,February
2023-02-14,Product_4,649.73,38,27.14,Food,24689.74,Tuesday,February
2023-02-14,Product_3,546.01,22,33.74,Electronics,12012.22,Tuesday,February
2023-02-14,Product_1,613.81,13,27.93,Electronics,7979.529999999999,Tuesday,February
2023-02-14,Product_2,628.74,14,61.64,Clothing,8802.36,Tuesday,February
2023-02-15,Product_4,641.25,38,40.06,Food,24367.5,Wednesday,February
2023-02-15,Product_2,689.05,15,90.19,Books,10335.75,Wednesday,February
2023-02-15,Product_1,571.58,12,53.96,Toys,6858.960000000001,Wednesday,February
2023-02-15,Product_5,195.71,4,51.86,Clothing,782.84,Wednesday,February
2023-02-15,Product_3,571.69,23,79.46,Electronics,13148.87,Wednesday,February
2023-02-16,Product_5,302.5,6,51.96,Books,1815.0,Thursday,February
2023-02-16,Product_3,674.67,27,20.27,Electronics,18216.09,Thursday,February
2023-02-16,Product_2,741.95,16,52.74,Clothing,11871.2,Thursday,February
2023-02-16,Product_4,657.38,39,68.6,Toys,25637.82,Thursday,February
2023-02-16,Product_1,580.38,12,48.8,Clothing,6964.56,Thursday,February
2023-02-17,Product_3,574.75,23,25.41,Clothing,13219.25,Friday,February
2023-02-17,Product_2,684.82,15,81.75,Toys,10272.3,Friday,February
2023-02-17,Product_1,617.53,13,92.28,Toys,8027.889999999999,Friday,February
2023-02-17,Product_5,179.47,3,60.43,Toys,538.41,Friday,February
2023-02-17,Product_4,701.81,41,98.46,Electronics,28774.21,Friday,February
2023-02-18,Product_4,714.87,42,84.87,Electronics,30024.54,Saturday,February
2023-02-18,Product_1,650.52,14,98.61,Clothing,9107.28,Saturday,February
2023-02-18,Product_2,682.01,15,23.31,Electronics,10230.15,Saturday,February
2023-02-18,Product_5,201.71,4,38.81,Electronics,806.84,Saturday,February
2023-02-18,Product_3,606.92,24,84.83,Clothing,14566.079999999998,Saturday,February
2023-02-19,Product_4,663.58,39,75.97,Books,25879.620000000003,Sunday,February
2023-02-19,Product_1,541.54,11,43.08,Books,5956.94,Sunday,February
2023-02-19,Product_3,557.0,22,24.85,Clothing,12254.0,Sunday,February
2023-02-19,Product_2,694.47,15,72.82,Clothing,10417.05,Sunday,February
2023-02-20,Product_1,603.37,13,67.43,Clothing,7843.81,Monday,February
2023-02-20,Product_5,175.0,3,66.76,Toys,525.0,Monday,February
2023-02-20,Product_4,629.03,37,45.88,Clothing,23274.11,Monday,February
2023-02-20,Product_3,596.87,24,57.5,Food,14324.88,Monday,February
2023-02-20,Product_2,684.23,15,99.79,Toys,10263.45,Monday,February
2023-02-21,Product_3,540.69,22,47.2,Toys,11895.18,Tuesday,February
2023-02-21,Product_4,618.21,36,45.06,Books,22255.56,Tuesday,February
2023-02-21,Product_5,212.78,4,71.9,Toys,851.12,Tuesday,February
2023-02-21,Product_1,597.66,13,75.58,Toys,7769.58,Tuesday,February
2023-02-21,Product_2,620.23,13,25.84,Clothing,8062.99,Tuesday,February
2023-02-22,Product_2,642.32,14,74.48,Clothing,8992.480000000001,Wednesday,February
2023-02-22,Product_1,579.28,12,38.46,Electronics,6951.36,Wednesday,February
2023-02-22,Product_3,575.22,23,76.03,Books,13230.06,Wednesday,February
2023-02-22,Product_4,653.72,38,25.12,Food,24841.36,Wednesday,February
2023-02-23,Product_5,205.13,4,76.28,Electronics,820.52,Thursday,February
2023-02-23,Product_1,586.93,12,76.56,Toys,7043.16,Thursday,February
2023-02-23,Product_3,615.73,25,40.78,Books,15393.25,Thursday,February
2023-02-23,Product_4,695.84,41,94.72,Clothing,28529.44,Thursday,February
2023-02-23,Product_2,713.11,15,64.72,Electronics,10696.65,Thursday,February
2023-02-24,Product_1,582.07,12,71.4,Clothing,6984.84,Friday,February
2023-02-24,Product_3,633.2,25,24.75,Electronics,15830.000000000002,Friday,February
2023-02-24,Product_5,202.59,4,83.48,Electronics,810.36,Friday,February
2023-02-24,Product_2,708.9,15,36.39,Clothing,10633.5,Friday,February
2023-02-24,Product_4,696.0,41,45.55,Food,28536.0,Friday,February
2023-02-25,Product_3,565.84,23,87.16,Toys,13014.320000000002,Saturday,February
2023-02-25,Product_4,689.46,40,96.29,Electronics,27578.4,Saturday,February
2023-02-25,Product_1,633.16,13,48.23,Electronics,8231.08,Saturday,February
2023-02-25,Product_5,182.36,4,23.92,Clothing,729.44,Saturday,February
2023-02-25,Product_2,729.91,16,72.03,Clothing,11678.56,Saturday,February
2023-02-26,Product_3,615.51,25,73.73,Toys,15387.75,Sunday,February
2023-02-26,Product_1,579.9,12,65.36,Electronics,6958.799999999999,Sunday,February
2023-02-26,Product_4,684.85,40,21.77,Electronics,27394.0,Sunday,February
2023-02-26,Product_5,194.65,4,92.59,Food,778.6,Sunday,February
2023-02-26,Product_2,708.0,15,22.39,Electronics,10620.0,Sunday,February
2023-02-27,Product_2,716.78,16,66.17,Food,11468.48,Monday,February
2023-02-27,Product_5,206.38,4,49.64,Food,825.52,Monday,February
2023-02-27,Product_4,649.08,38,49.47,Books,24665.04,Monday,February
2023-02-27,Product_1,538.58,11,96.51,Books,5924.38,Monday,February
2023-02-27,Product_3,574.24,23,84.17,Electronics,13207.52,Monday,February
2023-02-28,Product_3,599.95,24,42.67,Electronics,14398.8,Tuesday,February
2023-02-28,Product_2,643.38,14,38.08,Books,9007.32,Tuesday,February
2023-02-28,Product_1,606.7,13,21.95,Books,7887.1,Tuesday,February
2023-02-28,Product_4,667.52,39,85.05,Clothing,26033.28,Tuesday,February
2023-03-01,Product_2,704.39,15,86.1,Electronics,10565.85,Wednesday,March
2023-03-01,Product_1,618.52,13,25.19,Books,8040.76,Wednesday,March
2023-03-01,Product_4,679.18,40,44.81,Electronics,27167.2,Wednesday,March
2023-03-01,Product_5,235.79,5,21.97,Toys,1178.95,Wednesday,March
2023-03-01,Product_3,608.94,24,64.79,Toys,14614.56,Wednesday,March
2023-03-02,Product_4,684.96,40,88.6,Books,27398.4,Thursday,March
2023-03-02,Product_1,614.13,13,55.48,Clothing,7983.69,Thursday,March
2023-03-02,Product_3,569.7,23,55.04,Clothing,13103.1,Thursday,March
2023-03-02,Product_2,696.41,15,85.91,Toys,10446.15,Thursday,March
2023-03-02,Product_5,219.04,4,70.63,Electronics,876.16,Thursday,March
2023-03-03,Product_4,668.57,39,77.69,Toys,26074.230000000003,Friday,March
2023-03-03,Product_1,639.37,14,83.24,Books,8951.18,Friday,March
2023-03-03,Product_3,603.81,24,53.2,Food,14491.44,Friday,March
2023-03-03,Product_2,740.54,16,93.57,Clothing,11848.64,Friday,March
2023-03-03,Product_5,228.42,5,56.91,Toys,1142.1,Friday,March
2023-03-04,Product_1,663.65,14,94.8,Clothing,9291.1,Saturday,March
2023-03-04,Product_2,702.05,15,53.27,Clothing,10530.75,Saturday,March
2023-03-04,Product_3,602.87,24,25.27,Electronics,14468.88,Saturday,March
2023-03-04,Product_4,623.18,37,99.21,Clothing,23057.66,Saturday,March
2023-03-05,Product_2,701.7,15,65.4,Food,10525.5,Sunday,March
2023-03-05,Product_4,661.64,39,32.76,Books,25803.96,Sunday,March
2023-03-05,Product_3,586.27,23,25.64,Electronics,13484.21,Sunday,March
2023-03-05,Product_1,625.83,13,35.79,Toys,8135.790000000001,Sunday,March
2023-03-05,Product_5,209.96,4,85.45,Food,839.84,Sunday,March
2023-03-06,Product_3,629.56,25,54.77,Toys,15738.999999999998,Monday,March
2023-03-06,Product_1,573.59,12,87.51,Food,6883.08,Monday,March
2023-03-06,Product_4,695.3,41,20.25,Toys,28507.3,Monday,March
2023-03-06,Product_2,688.28,15,61.57,Food,10324.2,Monday,March
2023-03-07,Product_5,191.65,4,21.07,Food,766.6,Tuesday,March
2023-03-07,Product_1,565.83,12,32.61,Toys,6789.960000000001,Tuesday,March
2023-03-07,Product_3,577.31,23,69.47,Toys,13278.13,Tuesday,March
2023-03-07,Product_2,612.48,13,74.82,Toys,7962.24,Tuesday,March
2023-03-07,Product_4,625.97,37,22.11,Food,23160.89,Tuesday,March
2023-03-08,Product_1,605.83,13,96.51,Electronics,7875.790000000001,Wednesday,March
2023-03-08,Product_4,668.99,39,45.65,Food,26090.61,Wednesday,March
2023-03-08,Product_2,709.11,15,58.06,Food,10636.65,Wednesday,March
2023-03-08,Product_3,617.66,25,72.86,Clothing,15441.5,Wednesday,March
2023-03-08,Product_5,181.91,3,47.94,Food,545.73,Wednesday,March
2023-03-09,Product_5,268.87,5,40.84,Electronics,1344.35,Thursday,March
2023-03-09,Product_3,586.67,23,34.58,Clothing,13493.41,Thursday,March
2023-03-09,Product_2,634.93,14,53.52,Food,8889.019999999999,Thursday,March
2023-03-09,Product_1,584.21,12,22.78,Books,7010.52,Thursday,March
2023-03-09,Product_4,725.92,43,48.65,Food,31214.56,Thursday,March
2023-03-10,Product_1,613.76,13,83.8,Books,7978.88,Friday,March
2023-03-10,Product_2,717.08,16,21.81,Toys,11473.28,Friday,March
2023-03-10,Product_4,737.12,43,89.46,Books,31696.16,Friday,March
2023-03-10,Product_5,231.87,5,42.72,Clothing,1159.35,Friday,March
2023-03-10,Product_3,637.79,25,95.34,Clothing,15944.75,Friday,March
2023-03-11,Product_1,612.79,13,91.5,Toys,7966.269999999999,Saturday,March
2023-03-11,Product_3,601.79,24,36.36,Clothing,14442.96,Saturday,March
2023-03-11,Product_2,711.72,15,41.5,Toys,10675.8,Saturday,March
2023-03-11,Product_4,710.26,42,71.09,Electronics,29830.92,Saturday,March
2023-03-11,Product_5,249.42,5,53.82,Books,1247.1,Saturday,March
2023-03-12,Product_2,716.87,16,56.69,Books,11469.92,Sunday,March
2023-03-12,Product_3,552.72,22,39.97,Toys,12159.84,Sunday,March
2023-03-12,Product_4,639.84,38,86.73,Clothing,24313.92,Sunday,March
2023-03-12,Product_1,630.96,13,86.67,Electronics,8202.48,Sunday,March
2023-03-13,Product_1,566.79,12,56.57,Electronics,6801.48,Monday,March
2023-03-13,Product_3,565.81,23,92.2,Clothing,13013.63,Monday,March
2023-03-13,Product_2,686.96,15,64.48,Clothing,10304.4,Monday,March
2023-03-13,Product_4,687.62,40,44.87,Books,27504.8,Monday,March
2023-03-14,Product_1,586.58,12,72.27,Food,7038.960000000001,Tuesday,March
2023-03-14,Product_3,621.26,25,54.73,Food,15531.5,Tuesday,March
2023-03-14,Product_4,639.55,38,34.22,Toys,24302.9,Tuesday,March
2023-03-14,Product_2,694.94,15,85.1,Books,10424.1,Tuesday,March
2023-03-15,Product_3,611.68,24,47.09,Books,14680.32,Wednesday,March
2023-03-15,Product_4,673.51,40,74.99,Toys,26940.4,Wednesday,March
2023-03-15,Product_2,701.11,15,26.71,Books,10516.65,Wednesday,March
2023-03-15,Product_1,589.62,13,46.76,Electronics,7665.06,Wednesday,March
2023-03-15,Product_5,204.12,4,60.46,Books,816.48,Wednesday,March
2023-03-16,Product_2,721.2,16,89.31,Clothing,11539.2,Thursday,March
2023-03-16,Product_1,699.69,15,62.07,Books,10495.35,Thursday,March
2023-03-16,Product_3,599.37,24,78.59,Toys,14384.88,Thursday,March
2023-03-16,Product_4,646.87,38,96.39,Electronics,24581.06,Thursday,March
2023-03-16,Product_5,202.93,4,42.66,Books,811.72,Thursday,March
2023-03-17,Product_1,627.71,13,78.59,Electronics,8160.23,Friday,March
2023-03-17,Product_3,594.05,24,25.96,Electronics,14257.2,Friday,March
2023-03-17,Product_5,207.88,4,61.26,Food,831.52,Friday,March
2023-03-17,Product_4,690.8,41,26.47,Electronics,28322.8,Friday,March
2023-03-17,Product_2,724.48,16,60.36,Toys,11591.68,Friday,March
2023-03-18,Product_3,578.53,23,60.49,Food,13306.19,Saturday,March
2023-03-18,Product_4,730.49,43,75.58,Toys,31411.07,Saturday,March
2023-03-18,Product_2,716.67,16,20.87,Clothing,11466.72,Saturday,March
2023-03-18,Product_1,614.9,13,33.07,Toys,7993.7,Saturday,March
2023-03-18,Product_5,223.26,4,85.72,Toys,893.04,Saturday,March
2023-03-19,Product_4,694.23,41,32.27,Clothing,28463.43,Sunday,March
2023-03-19,Product_5,212.73,4,98.89,Electronics,850.92,Sunday,March
2023-03-19,Product_1,714.78,15,31.08,Books,10721.7,Sunday,March
2023-03-19,Product_3,606.18,24,97.04,Food,14548.32,Sunday,March
2023-03-19,Product_2,681.36,15,67.08,Clothing,10220.4,Sunday,March
2023-03-20,Product_5,181.53,3,41.36,Clothing,544.59,Monday,March
2023-03-20,Product_1,576.83,12,62.86,Electronics,6921.960000000001,Monday,March
2023-03-20,Product_3,649.15,26,31.57,Food,16877.899999999998,Monday,March
2023-03-20,Product_2,744.13,16,52.85,Toys,11906.08,Monday,March
2023-03-20,Product_4,669.87,39,62.83,Clothing,26124.93,Monday,March
2023-03-21,Product_5,173.61,3,49.27,Toys,520.83,Tuesday,March
2023-03-21,Product_4,652.93,38,86.91,Books,24811.34,Tuesday,March
2023-03-21,Product_3,586.13,23,84.09,Toys,13480.99,Tuesday,March
2023-03-21,Product_2,799.83,17,56.6,Food,13597.11,Tuesday,March
2023-03-21,Product_1,562.12,12,72.34,Electronics,6745.4400000000005,Tuesday,March
2023-03-22,Product_1,622.75,13,62.97,Books,8095.75,Wednesday,March
2023-03-22,Product_3,614.76,25,26.82,Food,15369.0,Wednesday,March
2023-03-22,Product_4,698.56,41,37.21,Electronics,28640.96,Wednesday,March
2023-03-22,Product_5,238.91,5,64.24,Food,1194.55,Wednesday,March
2023-03-22,Product_2,692.19,15,80.76,Books,10382.85,Wednesday,March
2023-03-23,Product_2,729.13,16,89.31,Books,11666.08,Thursday,March
2023-03-23,Product_4,672.41,39,39.54,Electronics,26223.99,Thursday,March
2023-03-23,Product_1,638.38,14,90.62,Food,8937.32,Thursday,March
2023-03-23,Product_5,250.47,5,38.38,Food,1252.35,Thursday,March
2023-03-23,Product_3,615.54,25,56.24,Electronics,15388.5,Thursday,March
2023-03-24,Product_3,597.31,24,43.59,Electronics,14335.44,Friday,March
2023-03-24,Product_4,691.27,41,54.06,Food,28342.07,Friday,March
2023-03-24,Product_5,220.15,4,74.58,Clothing,880.6,Friday,March
2023-03-24,Product_1,640.04,14,30.61,Books,8960.56,Friday,March
2023-03-24,Product_2,732.32,16,62.27,Clothing,11717.12,Friday,March
2023-03-25,Product_4,741.08,44,39.16,Electronics,32607.52,Saturday,March
2023-03-25,Product_2,677.83,15,93.21,Electronics,10167.45,Saturday,March
2023-03-25,Product_1,577.33,12,51.26,Books,6927.960000000001,Saturday,March
2023-03-25,Product_5,242.42,5,20.71,Books,1212.1,Saturday,March
2023-03-25,Product_3,637.52,25,24.81,Electronics,15938.0,Saturday,March
2023-03-26,Product_1,590.41,13,73.69,Books,7675.33,Sunday,March
2023-03-26,Product_3,555.17,22,42.61,Clothing,12213.74,Sunday,March
2023-03-26,Product_4,716.52,42,66.45,Clothing,30093.84,Sunday,March
2023-03-26,Product_5,175.13,3,93.82,Electronics,525.39,Sunday,March
2023-03-26,Product_2,700.64,15,99.83,Clothing,10509.6,Sunday,March
2023-03-27,Product_3,609.11,24,63.72,Electronics,14618.64,Monday,March
2023-03-27,Product_2,699.51,15,52.91,Food,10492.65,Monday,March
2023-03-27,Product_4,655.9,38,71.3,Electronics,24924.2,Monday,March
2023-03-27,Product_1,565.53,12,22.6,Toys,6786.36,Monday,March
2023-03-28,Product_1,552.32,12,94.62,Toys,6627.84,Tuesday,March
2023-03-28,Product_3,609.0,24,95.35,Books,14616.0,Tuesday,March
2023-03-28,Product_4,636.87,37,52.3,Books,23564.19,Tuesday,March
2023-03-28,Product_5,185.15,4,52.49,Electronics,740.6,Tuesday,March
2023-03-28,Product_2,688.06,15,37.51,Toys,10320.9,Tuesday,March
2023-03-29,Product_5,234.03,5,38.16,Toys,1170.15,Wednesday,March
2023-03-29,Product_3,622.65,25,82.1,Toys,15566.25,Wednesday,March
2023-03-29,Product_1,636.51,14,61.87,Clothing,8911.14,Wednesday,March
2023-03-29,Product_4,665.51,39,75.37,Toys,25954.89,Wednesday,March
2023-03-29,Product_2,756.74,16,26.36,Clothing,12107.84,Wednesday,March
2023-03-30,Product_1,591.03,13,56.34,Clothing,7683.389999999999,Thursday,March
2023-03-30,Product_5,267.21,5,55.25,Books,1336.05,Thursday,March
2023-03-30,Product_4,724.5,43,69.99,Clothing,31153.5,Thursday,March
2023-03-30,Product_3,652.44,26,50.0,Books,16963.440000000002,Thursday,March
2023-03-30,Product_2,784.36,17,75.04,Books,13334.12,Thursday,March
2023-03-31,Product_2,711.61,15,96.33,Clothing,10674.15,Friday,March
2023-03-31,Product_1,686.8,15,23.61,Books,10302.0,Friday,March
2023-03-31,Product_5,229.78,5,94.78,Books,1148.9,Friday,March
2023-03-31,Product_4,631.77,37,68.61,Electronics,23375.49,Friday,March
2023-03-31,Product_3,660.57,26,57.78,Toys,17174.82,Friday,March
2023-04-01,Product_2,720.64,16,44.91,Food,11530.24,Saturday,April
2023-04-01,Product_4,688.15,40,75.98,Food,27526.0,Saturday,April
2023-04-01,Product_1,602.1,13,40.44,Books,7827.3,Saturday,April
2023-04-01,Product_5,234.52,5,60.26,Clothing,1172.6,Saturday,April
2023-04-01,Product_3,584.4,23,28.61,Books,13441.2,Saturday,April
2023-04-02,Product_5,231.51,5,90.95,Electronics,1157.55,Sunday,April
2023-04-02,Product_3,630.65,25,43.78,Books,15766.25,Sunday,April
2023-04-02,Product_2,697.68,15,35.38,Food,10465.2,Sunday,April
2023-04-02,Product_4,696.91,41,47.11,Clothing,28573.31,Sunday,April
2023-04-02,Product_1,575.67,12,41.54,Food,6908.039999999999,Sunday,April
2023-04-03,Product_5,267.78,5,65.29,Books,1338.9,Monday,April
2023-04-03,Product_4,704.77,41,23.54,Books,28895.57,Monday,April
2023-04-03,Product_2,680.9,15,97.28,Food,10213.5,Monday,April
2023-04-03,Product_3,618.87,25,97.2,Clothing,15471.75,Monday,April
2023-04-03,Product_1,597.88,13,53.3,Toys,7772.44,Monday,April
2023-04-04,Product_3,541.41,22,60.57,Electronics,11911.02,Tuesday,April
2023-04-04,Product_4,717.14,42,96.78,Books,30119.88,Tuesday,April
2023-04-04,Product_5,225.61,4,86.86,Food,902.44,Tuesday,April
2023-04-04,Product_1,625.45,13,52.56,Books,8130.85,Tuesday,April
2023-04-04,Product_2,682.58,15,90.65,Clothing,10238.7,Tuesday,April
2023-04-05,Product_1,644.1,14,96.65,Food,9017.4,Wednesday,April
2023-04-05,Product_2,713.04,15,27.31,Toys,10695.6,Wednesday,April
2023-04-05,Product_3,609.41,24,36.58,Food,14625.84,Wednesday,April
2023-04-05,Product_5,192.35,4,88.62,Toys,769.4,Wednesday,April
2023-04-05,Product_4,679.55,40,79.71,Clothing,27182.0,Wednesday,April
2023-04-06,Product_2,747.57,16,72.0,Books,11961.12,Thursday,April
2023-04-06,Product_3,605.67,24,25.39,Food,14536.079999999998,Thursday,April
2023-04-06,Product_1,661.69,14,45.78,Toys,9263.66,Thursday,April
2023-04-06,Product_5,181.63,3,56.92,Food,544.89,Thursday,April
2023-04-06,Product_4,666.11,39,97.94,Books,25978.29,Thursday,April
2023-04-07,Product_4,682.22,40,74.09,Electronics,27288.800000000003,Friday,April
2023-04-07,Product_2,744.86,16,50.59,Food,11917.76,Friday,April
2023-04-07,Product_3,593.11,24,63.37,Electronics,14234.64,Friday,April
2023-04-07,Product_1,691.99,15,93.69,Toys,10379.85,Friday,April
2023-04-07,Product_5,235.58,5,82.55,Toys,1177.9,Friday,April
2023-04-08,Product_5,197.4,4,79.02,Clothing,789.6,Saturday,April
2023-04-08,Product_1,620.1,13,41.23,Food,8061.3,Saturday,April
2023-04-08,Product_4,737.28,43,77.59,Toys,31703.04,Saturday,April
2023-04-08,Product_3,627.22,25,58.6,Books,15680.5,Saturday,April
2023-04-08,Product_2,760.88,17,61.38,Electronics,12934.96,Saturday,April
2023-04-09,Product_5,186.27,4,28.69,Toys,745.08,Sunday,April
2023-04-09,Product_2,683.39,15,60.65,Electronics,10250.85,Sunday,April
2023-04-09,Product_3,551.99,22,91.22,Electronics,12143.78,Sunday,April
2023-04-09,Product_4,669.77,39,92.97,Electronics,26121.03,Sunday,April
2023-04-09,Product_1,622.02,13,29.83,Food,8086.26,Sunday,April
2023-04-10,Product_1,605.74,13,49.25,Electronics,7874.62,Monday,April
2023-04-10,Product_2,686.13,15,70.37,Food,10291.95,Monday,April
2023-04-10,Product_3,555.15,22,46.04,Electronics,12213.3,Monday,April
2023-04-10,Product_4,638.06,37,35.57,Toys,23608.22,Monday,April
2023-04-11,Product_1,648.54,14,55.95,Electronics,9079.56,Tuesday,April
2023-04-11,Product_5,219.98,4,59.84,Clothing,879.92,Tuesday,April
2023-04-11,Product_4,667.64,39,53.37,Books,26037.96,Tuesday,April
2023-04-11,Product_2,685.05,15,60.16,Books,10275.75,Tuesday,April
2023-04-11,Product_3,606.77,24,70.96,Food,14562.48,Tuesday,April
2023-04-12,Product_5,209.28,4,26.44,Electronics,837.12,Wednesday,April
2023-04-12,Product_2,684.55,15,81.84,Clothing,10268.25,Wednesday,April
2023-04-12,Product_3,605.22,24,34.66,Toys,14525.28,Wednesday,April
2023-04-12,Product_4,671.86,39,78.11,Clothing,26202.54,Wednesday,April
2023-04-12,Product_1,615.07,13,75.41,Food,7995.910000000001,Wednesday,April
2023-04-13,Product_4,680.39,40,51.41,Clothing,27215.6,Thursday,April
2023-04-13,Product_2,742.0,16,44.72,Clothing,11872.0,Thursday,April
2023-04-13,Product_3,596.93,24,66.07,Books,14326.32,Thursday,April
2023-04-13,Product_1,660.74,14,84.5,Food,9250.36,Thursday,April
2023-04-13,Product_5,228.93,5,84.27,Toys,1144.65,Thursday,April
2023-04-14,Product_4,725.61,43,29.97,Electronics,31201.23,Friday,April
2023-04-14,Product_2,742.39,16,83.24,Electronics,11878.24,Friday,April
2023-04-14,Product_3,646.7,26,40.7,Clothing,16814.2,Friday,April
2023-04-14,Product_1,651.65,14,97.02,Food,9123.1,Friday,April
2023-04-14,Product_5,177.94,3,93.65,Electronics,533.8199999999999,Friday,April
2023-04-15,Product_2,713.02,15,85.88,Food,10695.3,Saturday,April
2023-04-15,Product_1,583.1,12,38.35,Electronics,6997.200000000001,Saturday,April
2023-04-15,Product_5,294.2,6,76.95,Food,1765.1999999999998,Saturday,April
2023-04-15,Product_3,576.63,23,55.12,Clothing,13262.49,Saturday,April
2023-04-15,Product_4,723.36,43,94.11,Food,31104.48,Saturday,April
2023-04-16,Product_3,599.45,24,32.28,Food,14386.8,Sunday,April
2023-04-16,Product_4,710.61,42,25.53,Electronics,29845.62,Sunday,April
2023-04-16,Product_2,717.09,16,89.1,Books,11473.44,Sunday,April
2023-04-16,Product_1,654.1,14,61.95,Clothing,9157.4,Sunday,April
2023-04-17,Product_5,197.7,4,23.28,Books,790.8,Monday,April
2023-04-17,Product_1,587.1,12,47.59,Electronics,7045.200000000001,Monday,April
2023-04-17,Product_2,691.48,15,67.24,Electronics,10372.2,Monday,April
2023-04-17,Product_3,648.86,26,32.59,Clothing,16870.36,Monday,April
2023-04-17,Product_4,643.85,38,81.95,Electronics,24466.3,Monday,April
2023-04-18,Product_5,216.91,4,31.45,Food,867.64,Tuesday,April
2023-04-18,Product_4,651.8,38,59.3,Clothing,24768.4,Tuesday,April
2023-04-18,Product_1,565.92,12,96.85,Toys,6791.039999999999,Tuesday,April
2023-04-18,Product_2,661.7,14,89.91,Electronics,9263.8,Tuesday,April
2023-04-18,Product_3,579.59,23,65.51,Clothing,13330.570000000002,Tuesday,April
2023-04-19,Product_5,187.59,4,37.65,Clothing,750.36,Wednesday,April
2023-04-19,Product_1,602.02,13,33.01,Books,7826.26,Wednesday,April
2023-04-19,Product_4,717.48,42,78.71,Food,30134.16,Wednesday,April
2023-04-19,Product_2,676.66,15,41.27,Electronics,10149.9,Wednesday,April
2023-04-19,Product_3,602.38,24,93.78,Toys,14457.12,Wednesday,April
2023-04-20,Product_2,708.59,15,95.9,Books,10628.85,Thursday,April
2023-04-20,Product_5,250.48,5,42.85,Electronics,1252.4,Thursday,April
2023-04-20,Product_1,642.41,14,67.94,Clothing,8993.74,Thursday,April
2023-04-20,Product_3,644.69,26,28.99,Clothing,16761.940000000002,Thursday,April
2023-04-20,Product_4,693.58,41,37.79,Books,28436.78,Thursday,April
2023-04-21,Product_4,696.5,41,74.26,Clothing,28556.5,Friday,April
2023-04-21,Product_2,730.48,16,35.63,Food,11687.68,Friday,April
2023-04-21,Product_5,274.47,6,42.61,Food,1646.8200000000002,Friday,April
2023-04-21,Product_1,648.87,14,99.84,Books,9084.18,Friday,April
2023-04-21,Product_3,576.8,23,73.24,Toys,13266.4,Friday,April
2023-04-22,Product_2,729.44,16,41.03,Food,11671.04,Saturday,April
2023-04-22,Product_1,626.67,13,76.6,Electronics,8146.709999999999,Saturday,April
2023-04-22,Product_3,645.74,26,78.9,Clothing,16789.24,Saturday,April
2023-04-22,Product_4,694.8,41,96.78,Books,28486.8,Saturday,April
2023-04-22,Product_5,305.17,6,39.93,Toys,1831.02,Saturday,April
2023-04-23,Product_2,689.26,15,99.78,Food,10338.9,Sunday,April
2023-04-23,Product_1,567.5,12,27.72,Clothing,6810.0,Sunday,April
2023-04-23,Product_3,577.56,23,79.56,Food,13283.88,Sunday,April
2023-04-23,Product_5,186.12,4,85.19,Books,744.48,Sunday,April
2023-04-23,Product_4,708.39,42,92.45,Electronics,29752.38,Sunday,April
2023-04-24,Product_2,643.71,14,93.55,Clothing,9011.94,Monday,April
2023-04-24,Product_3,634.0,25,95.77,Electronics,15850.0,Monday,April
2023-04-24,Product_4,640.72,38,76.78,Clothing,24347.36,Monday,April
2023-04-24,Product_1,609.91,13,54.81,Food,7928.83,Monday,April
2023-04-24,Product_5,224.25,4,65.34,Toys,897.0,Monday,April
2023-04-25,Product_3,541.98,22,53.83,Electronics,11923.56,Tuesday,April
2023-04-25,Product_1,585.03,12,78.68,Clothing,7020.36,Tuesday,April
2023-04-25,Product_4,669.01,39,44.16,Electronics,26091.39,Tuesday,April
2023-04-25,Product_2,715.49,16,45.08,Books,11447.84,Tuesday,April
2023-04-26,Product_1,603.85,13,54.51,Food,7850.05,Wednesday,April
2023-04-26,Product_3,536.98,21,77.16,Electronics,11276.58,Wednesday,April
2023-04-26,Product_4,709.9,42,20.02,Toys,29815.8,Wednesday,April
2023-04-26,Product_5,233.61,5,22.03,Food,1168.0500000000002,Wednesday,April
2023-04-26,Product_2,740.63,16,65.68,Clothing,11850.08,Wednesday,April
2023-04-27,Product_3,653.92,26,97.33,Food,17001.92,Thursday,April
2023-04-27,Product_1,615.66,13,80.92,Books,8003.58,Thursday,April
2023-04-27,Product_2,761.96,17,70.83,Books,12953.32,Thursday,April
2023-04-27,Product_5,229.14,5,80.59,Clothing,1145.6999999999998,Thursday,April
2023-04-27,Product_4,771.78,45,86.03,Clothing,34730.1,Thursday,April
2023-04-28,Product_5,265.71,5,46.2,Toys,1328.55,Friday,April
2023-04-28,Product_3,643.52,26,86.27,Toys,16731.52,Friday,April
2023-04-28,Product_4,667.75,39,84.95,Clothing,26042.25,Friday,April
2023-04-28,Product_1,660.49,14,59.85,Books,9246.86,Friday,April
2023-04-28,Product_2,719.07,16,70.65,Clothing,11505.12,Friday,April
2023-04-29,Product_5,194.58,4,59.95,Books,778.32,Saturday,April
2023-04-29,Product_4,617.14,36,60.22,Food,22217.04,Saturday,April
2023-04-29,Product_1,575.97,12,41.77,Toys,6911.64,Saturday,April
2023-04-29,Product_2,733.24,16,74.83,Clothing,11731.84,Saturday,April
2023-04-29,Product_3,582.92,23,35.05,Clothing,13407.16,Saturday,April
2023-04-30,Product_4,663.13,39,92.11,Books,25862.07,Sunday,April
2023-04-30,Product_1,643.52,14,98.14,Clothing,9009.28,Sunday,April
2023-04-30,Product_2,677.95,15,52.03,Electronics,10169.25,Sunday,April
2023-04-30,Product_3,611.66,24,89.95,Food,14679.84,Sunday,April
2023-04-30,Product_5,181.95,3,27.63,Electronics,545.8499999999999,Sunday,April
2023-05-01,Product_1,611.53,13,59.97,Food,7949.889999999999,Monday,May
2023-05-01,Product_2,658.03,14,72.88,Clothing,9212.42,Monday,May
2023-05-01,Product_3,558.58,22,50.82,Food,12288.76,Monday,May
2023-05-01,Product_4,659.86,39,78.11,Books,25734.54,Monday,May
2023-05-02,Product_2,719.58,16,86.71,Food,11513.28,Tuesday,May
2023-05-02,Product_4,679.1,40,69.52,Food,27164.0,Tuesday,May
2023-05-02,Product_3,666.09,27,23.46,Toys,17984.43,Tuesday,May
2023-05-02,Product_1,590.58,13,44.78,Clothing,7677.540000000001,Tuesday,May
2023-05-03,Product_2,739.65,16,22.25,Toys,11834.4,Wednesday,May
2023-05-03,Product_1,592.41,13,85.66,Clothing,7701.33,Wednesday,May
2023-05-03,Product_4,702.65,41,59.93,Toys,28808.65,Wednesday,May
2023-05-03,Product_3,571.28,23,75.83,Electronics,13139.44,Wednesday,May
2023-05-03,Product_5,190.97,4,54.39,Food,763.88,Wednesday,May
2023-05-04,Product_2,698.16,15,32.6,Electronics,10472.4,Thursday,May
2023-05-04,Product_1,556.46,12,46.09,Books,6677.52,Thursday,May
2023-05-04,Product_3,632.15,25,41.12,Clothing,15803.75,Thursday,May
2023-05-04,Product_4,736.75,43,62.34,Food,31680.25,Thursday,May
2023-05-04,Product_5,199.99,4,38.35,Toys,799.96,Thursday,May
2023-05-05,Product_4,662.72,39,33.54,Clothing,25846.08,Friday,May
2023-05-05,Product_2,747.64,16,74.76,Toys,11962.24,Friday,May
2023-05-05,Product_5,188.22,4,54.08,Toys,752.88,Friday,May
2023-05-05,Product_1,615.46,13,67.95,Food,8000.98,Friday,May
2023-05-05,Product_3,622.53,25,67.97,Books,15563.25,Friday,May
2023-05-06,Product_2,727.57,16,92.57,Toys,11641.12,Saturday,May
2023-05-06,Product_4,676.13,40,57.94,Books,27045.2,Saturday,May
2023-05-06,Product_5,229.69,5,88.42,Electronics,1148.45,Saturday,May
2023-05-06,Product_1,584.01,12,53.13,Books,7008.12,Saturday,May
2023-05-06,Product_3,609.55,24,95.72,Clothing,14629.2,Saturday,May
2023-05-07,Product_4,657.68,39,41.84,Books,25649.52,Sunday,May
2023-05-07,Product_3,600.7,24,88.97,Food,14416.8,Sunday,May
2023-05-07,Product_2,726.56,16,34.61,Food,11624.96,Sunday,May
2023-05-07,Product_1,578.54,12,31.38,Food,6942.48,Sunday,May
2023-05-08,Product_1,579.76,12,52.85,Clothing,6957.12,Monday,May
2023-05-08,Product_4,706.89,42,50.52,Electronics,29689.38,Monday,May
2023-05-08,Product_5,227.85,5,61.67,Books,1139.25,Monday,May
2023-05-08,Product_2,706.53,15,76.28,Electronics,10597.95,Monday,May
2023-05-08,Product_3,567.54,23,38.12,Electronics,13053.419999999998,Monday,May
2023-05-09,Product_3,543.45,22,73.43,Books,11955.9,Tuesday,May
2023-05-09,Product_4,618.94,36,49.87,Books,22281.840000000004,Tuesday,May
2023-05-09,Product_1,635.65,14,38.73,Books,8899.1,Tuesday,May
2023-05-09,Product_2,728.52,16,79.32,Clothing,11656.32,Tuesday,May
2023-05-09,Product_5,209.44,4,56.25,Clothing,837.76,Tuesday,May
2023-05-10,Product_4,688.35,40,64.69,Electronics,27534.0,Wednesday,May
2023-05-10,Product_1,611.31,13,73.8,Books,7947.029999999999,Wednesday,May
2023-05-10,Product_5,197.76,4,59.64,Electronics,791.04,Wednesday,May
2023-05-10,Product_3,583.45,23,40.32,Electronics,13419.35,Wednesday,May
2023-05-10,Product_2,724.57,16,60.89,Food,11593.12,Wednesday,May
2023-05-11,Product_3,599.29,24,48.92,Electronics,14382.96,Thursday,May
2023-05-11,Product_4,731.34,43,98.91,Food,31447.620000000003,Thursday,May
2023-05-11,Product_2,738.77,16,91.89,Food,11820.32,Thursday,May
2023-05-11,Product_1,637.12,14,94.86,Food,8919.68,Thursday,May
2023-05-11,Product_5,192.36,4,56.57,Toys,769.44,Thursday,May
2023-05-12,Product_5,231.82,5,41.4,Books,1159.1,Friday,May
2023-05-12,Product_3,601.21,24,34.65,Books,14429.04,Friday,May
2023-05-12,Product_4,684.71,40,78.47,Food,27388.4,Friday,May
2023-05-12,Product_1,632.63,13,42.05,Toys,8224.19,Friday,May
2023-05-12,Product_2,703.0,15,34.7,Electronics,10545.0,Friday,May
2023-05-13,Product_1,685.78,15,20.19,Electronics,10286.7,Saturday,May
2023-05-13,Product_4,657.83,39,40.86,Books,25655.370000000003,Saturday,May
2023-05-13,Product_3,628.08,25,24.92,Clothing,15702.000000000002,Saturday,May
2023-05-13,Product_2,711.06,15,89.3,Books,10665.9,Saturday,May
2023-05-14,Product_1,546.85,12,66.04,Toys,6562.200000000001,Sunday,May
2023-05-14,Product_3,592.23,24,97.58,Clothing,14213.52,Sunday,May
2023-05-14,Product_5,180.2,3,59.35,Electronics,540.5999999999999,Sunday,May
2023-05-14,Product_2,709.51,15,72.69,Electronics,10642.65,Sunday,May
2023-05-14,Product_4,627.93,37,74.59,Food,23233.41,Sunday,May
2023-05-15,Product_5,173.86,3,95.5,Clothing,521.58,Monday,May
2023-05-15,Product_1,591.88,13,67.34,Food,7694.44,Monday,May
2023-05-15,Product_4,623.51,37,42.79,Toys,23069.87,Monday,May
2023-05-15,Product_3,607.94,24,34.02,Electronics,14590.56,Monday,May
2023-05-15,Product_2,696.09,15,41.56,Toys,10441.35,Monday,May
2023-05-16,Product_4,653.71,38,89.12,Books,24840.980000000003,Tuesday,May
2023-05-16,Product_3,557.46,22,42.59,Electronics,12264.12,Tuesday,May
2023-05-16,Product_5,188.32,4,74.23,Electronics,753.28,Tuesday,May
2023-05-16,Product_1,589.86,13,60.89,Toys,7668.18,Tuesday,May
2023-05-16,Product_2,648.16,14,83.68,Clothing,9074.24,Tuesday,May
2023-05-17,Product_4,666.65,39,60.72,Clothing,25999.35,Wednesday,May
2023-05-17,Product_1,553.5,12,99.16,Electronics,6642.0,Wednesday,May
2023-05-17,Product_2,646.64,14,98.16,Electronics,9052.96,Wednesday,May
2023-05-17,Product_3,562.76,22,92.0,Books,12380.72,Wednesday,May
2023-05-18,Product_5,173.95,3,54.39,Toys,521.8499999999999,Thursday,May
2023-05-18,Product_2,705.89,15,68.35,Clothing,10588.35,Thursday,May
2023-05-18,Product_4,711.65,42,45.12,Toys,29889.3,Thursday,May
2023-05-18,Product_1,609.68,13,35.85,Food,7925.839999999999,Thursday,May
2023-05-18,Product_3,576.09,23,96.61,Clothing,13250.070000000002,Thursday,May
2023-05-19,Product_4,647.94,38,33.93,Clothing,24621.72,Friday,May
2023-05-19,Product_3,562.88,22,33.26,Books,12383.36,Friday,May
2023-05-19,Product_5,191.81,4,70.77,Clothing,767.24,Friday,May
2023-05-19,Product_1,622.62,13,29.36,Clothing,8094.06,Friday,May
2023-05-19,Product_2,733.21,16,37.16,Clothing,11731.36,Friday,May
2023-05-20,Product_4,700.13,41,58.86,Electronics,28705.33,Saturday,May
2023-05-20,Product_5,173.5,3,69.94,Food,520.5,Saturday,May
2023-05-20,Product_3,563.29,22,91.69,Clothing,12392.38,Saturday,May
2023-05-20,Product_2,639.69,14,62.79,Clothing,8955.66,Saturday,May
2023-05-20,Product_1,629.35,13,35.08,Food,8181.55,Saturday,May
2023-05-21,Product_3,555.11,22,30.99,Toys,12212.42,Sunday,May
2023-05-21,Product_1,569.75,12,24.73,Books,6837.0,Sunday,May
2023-05-21,Product_2,719.7,16,51.25,Clothing,11515.2,Sunday,May
2023-05-21,Product_4,656.53,39,84.26,Books,25604.67,Sunday,May
2023-05-22,Product_2,720.93,16,70.68,Books,11534.88,Monday,May
2023-05-22,Product_3,604.94,24,87.41,Books,14518.56,Monday,May
2023-05-22,Product_4,649.44,38,61.34,Food,24678.72,Monday,May
2023-05-22,Product_1,543.51,12,99.36,Electronics,6522.12,Monday,May
2023-05-23,Product_1,596.04,13,76.75,Toys,7748.519999999999,Tuesday,May
2023-05-23,Product_2,685.36,15,67.52,Food,10280.4,Tuesday,May
2023-05-23,Product_5,192.67,4,33.31,Toys,770.68,Tuesday,May
2023-05-23,Product_4,631.91,37,49.02,Books,23380.67,Tuesday,May
2023-05-23,Product_3,566.05,23,20.06,Electronics,13019.15,Tuesday,May
2023-05-24,Product_1,594.1,13,76.58,Books,7723.3,Wednesday,May
2023-05-24,Product_2,738.71,16,70.39,Toys,11819.36,Wednesday,May
2023-05-24,Product_4,688.74,40,96.52,Food,27549.6,Wednesday,May
2023-05-24,Product_3,606.59,24,68.08,Clothing,14558.16,Wednesday,May
2023-05-25,Product_2,718.78,16,63.08,Toys,11500.48,Thursday,May
2023-05-25,Product_4,648.83,38,46.32,Food,24655.54,Thursday,May
2023-05-25,Product_5,214.36,4,50.55,Clothing,857.44,Thursday,May
2023-05-25,Product_1,629.31,13,59.07,Toys,8181.029999999999,Thursday,May
2023-05-25,Product_3,640.21,26,94.73,Toys,16645.46,Thursday,May
2023-05-26,Product_2,695.93,15,29.9,Clothing,10438.95,Friday,May
2023-05-26,Product_3,611.16,24,92.47,Clothing,14667.84,Friday,May
2023-05-26,Product_4,639.59,38,63.54,Books,24304.42,Friday,May
2023-05-26,Product_1,602.78,13,70.03,Toys,7836.139999999999,Friday,May
2023-05-26,Product_5,245.88,5,27.94,Toys,1229.4,Friday,May
2023-05-27,Product_3,631.27,25,98.02,Clothing,15781.75,Saturday,May
2023-05-27,Product_4,714.99,42,97.52,Toys,30029.58,Saturday,May
2023-05-27,Product_2,701.25,15,66.26,Toys,10518.75,Saturday,May
2023-05-27,Product_5,244.11,5,91.53,Books,1220.5500000000002,Saturday,May
2023-05-27,Product_1,609.64,13,60.04,Toys,7925.32,Saturday,May
2023-05-28,Product_3,609.97,24,76.02,Electronics,14639.28,Sunday,May
2023-05-28,Product_4,629.89,37,83.73,Food,23305.93,Sunday,May
2023-05-28,Product_5,181.97,3,45.58,Food,545.91,Sunday,May
2023-05-28,Product_1,606.73,13,53.29,Food,7887.49,Sunday,May
2023-05-28,Product_2,649.91,14,27.79,Food,9098.74,Sunday,May
2023-05-29,Product_3,605.29,24,52.94,Electronics,14526.96,Monday,May
2023-05-29,Product_2,694.49,15,44.81,Electronics,10417.35,Monday,May
2023-05-29,Product_1,566.37,12,49.18,Clothing,6796.4400000000005,Monday,May
2023-05-29,Product_4,635.91,37,47.8,Clothing,23528.67,Monday,May
2023-05-30,Product_5,193.81,4,30.48,Books,775.24,Tuesday,May
2023-05-30,Product_1,601.48,13,21.39,Clothing,7819.24,Tuesday,May
2023-05-30,Product_2,636.85,14,39.64,Clothing,8915.9,Tuesday,May
2023-05-30,Product_4,616.76,36,38.83,Clothing,22203.36,Tuesday,May
2023-05-30,Product_3,568.92,23,23.87,Toys,13085.16,Tuesday,May
2023-05-31,Product_1,588.31,12,77.36,Toys,7059.719999999999,Wednesday,May
2023-05-31,Product_5,193.0,4,46.4,Books,772.0,Wednesday,May
2023-05-31,Product_2,640.78,14,47.56,Food,8970.92,Wednesday,May
2023-05-31,Product_4,694.96,41,79.82,Toys,28493.36,Wednesday,May
2023-05-31,Product_3,553.93,22,32.08,Clothing,12186.46,Wednesday,May
2023-06-01,Product_1,583.53,12,79.13,Clothing,7002.36,Thursday,June
2023-06-01,Product_2,692.45,15,59.86,Electronics,10386.75,Thursday,June
2023-06-01,Product_3,551.07,22,40.9,Books,12123.54,Thursday,June
2023-06-01,Product_5,187.81,4,39.39,Electronics,751.24,Thursday,June
2023-06-01,Product_4,723.87,43,97.9,Toys,31126.41,Thursday,June
2023-06-02,Product_2,771.47,17,59.62,Toys,13114.99,Friday,June
2023-06-02,Product_3,602.31,24,45.54,Food,14455.44,Friday,June
2023-06-02,Product_4,723.21,42,47.06,Clothing,30374.82,Friday,June
2023-06-02,Product_1,638.13,14,75.02,Food,8933.82,Friday,June
2023-06-03,Product_2,694.39,15,47.9,Books,10415.85,Saturday,June
2023-06-03,Product_1,617.22,13,78.24,Clothing,8023.860000000001,Saturday,June
2023-06-03,Product_5,217.73,4,56.26,Food,870.92,Saturday,June
2023-06-03,Product_4,666.55,39,34.76,Books,25995.45,Saturday,June
2023-06-03,Product_3,602.27,24,36.67,Toys,14454.48,Saturday,June
2023-06-04,Product_1,591.58,13,44.98,Clothing,7690.540000000001,Sunday,June
2023-06-04,Product_4,653.41,38,27.74,Food,24829.58,Sunday,June
2023-06-04,Product_2,677.47,15,20.8,Food,10162.05,Sunday,June
2023-06-04,Product_3,580.47,23,37.05,Books,13350.81,Sunday,June
2023-06-05,Product_5,203.69,4,66.96,Food,814.76,Monday,June
2023-06-05,Product_2,707.62,15,38.41,Electronics,10614.3,Monday,June
2023-06-05,Product_3,567.63,23,70.9,Toys,13055.49,Monday,June
2023-06-05,Product_1,586.61,12,53.15,Clothing,7039.32,Monday,June
2023-06-05,Product_4,621.27,36,72.67,Electronics,22365.72,Monday,June
2023-06-06,Product_1,569.04,12,28.55,Books,6828.48,Tuesday,June
2023-06-06,Product_2,663.65,14,55.62,Food,9291.1,Tuesday,June
2023-06-06,Product_3,574.43,23,54.57,Food,13211.89,Tuesday,June
2023-06-06,Product_4,578.6,34,50.17,Toys,19672.4,Tuesday,June
2023-06-06,Product_5,175.15,3,83.87,Electronics,525.45,Tuesday,June
2023-06-07,Product_4,692.4,41,66.75,Books,28388.4,Wednesday,June
2023-06-07,Product_5,203.04,4,87.44,Books,812.16,Wednesday,June
2023-06-07,Product_1,606.79,13,48.1,Toys,7888.269999999999,Wednesday,June
2023-06-07,Product_2,667.77,14,57.33,Books,9348.78,Wednesday,June
2023-06-07,Product_3,617.92,25,48.3,Food,15447.999999999998,Wednesday,June
2023-06-08,Product_4,687.54,40,40.43,Toys,27501.6,Thursday,June
2023-06-08,Product_1,614.41,13,33.8,Toys,7987.33,Thursday,June
2023-06-08,Product_2,726.37,16,81.61,Toys,11621.92,Thursday,June
2023-06-08,Product_3,528.72,21,41.09,Electronics,11103.12,Thursday,June
2023-06-09,Product_5,226.89,4,66.19,Books,907.56,Friday,June
2023-06-09,Product_2,657.3,14,36.79,Food,9202.2,Friday,June
2023-06-09,Product_1,604.49,13,31.93,Food,7858.37,Friday,June
2023-06-09,Product_3,546.83,22,80.08,Clothing,12030.26,Friday,June
2023-06-09,Product_4,654.84,38,52.05,Electronics,24883.92,Friday,June
2023-06-10,Product_4,644.68,38,40.31,Books,24497.84,Saturday,June
2023-06-10,Product_3,562.07,22,39.57,Food,12365.54,Saturday,June
2023-06-10,Product_5,180.48,3,28.4,Electronics,541.4399999999999,Saturday,June
2023-06-10,Product_1,556.85,12,33.05,Electronics,6682.200000000001,Saturday,June
2023-06-10,Product_2,712.82,15,25.27,Electronics,10692.3,Saturday,June
2023-06-11,Product_5,207.65,4,46.79,Electronics,830.6,Sunday,June
2023-06-11,Product_2,655.63,14,52.98,Electronics,9178.82,Sunday,June
2023-06-11,Product_3,570.16,23,86.65,Electronics,13113.679999999998,Sunday,June
2023-06-11,Product_4,653.99,38,48.24,Clothing,24851.62,Sunday,June
2023-06-11,Product_1,591.32,13,54.33,Clothing,7687.160000000001,Sunday,June
2023-06-12,Product_5,178.13,3,95.22,Books,534.39,Monday,June
2023-06-12,Product_2,679.09,15,45.67,Food,10186.35,Monday,June
2023-06-12,Product_3,535.59,21,22.43,Electronics,11247.39,Monday,June
2023-06-12,Product_4,625.21,37,29.43,Clothing,23132.77,Monday,June
2023-06-12,Product_1,584.1,12,22.18,Toys,7009.200000000001,Monday,June
2023-06-13,Product_3,546.54,22,23.88,Clothing,12023.88,Tuesday,June
2023-06-13,Product_1,577.09,12,63.99,Toys,6925.08,Tuesday,June
2023-06-13,Product_4,667.68,39,40.44,Clothing,26039.52,Tuesday,June
2023-06-13,Product_2,663.72,14,71.37,Clothing,9292.08,Tuesday,June
2023-06-14,Product_4,671.03,39,62.89,Electronics,26170.17,Wednesday,June
2023-06-14,Product_2,655.1,14,69.22,Food,9171.4,Wednesday,June
2023-06-14,Product_1,586.62,12,35.39,Books,7039.4400000000005,Wednesday,June
2023-06-14,Product_3,575.82,23,28.18,Clothing,13243.86,Wednesday,June
2023-06-15,Product_4,658.9,39,62.74,Books,25697.1,Thursday,June
2023-06-15,Product_1,620.63,13,74.25,Food,8068.19,Thursday,June
2023-06-15,Product_3,581.8,23,76.14,Food,13381.4,Thursday,June
2023-06-15,Product_2,698.11,15,97.11,Food,10471.65,Thursday,June
2023-06-16,Product_1,551.87,12,25.23,Food,6622.4400000000005,Friday,June
2023-06-16,Product_2,685.5,15,97.97,Electronics,10282.5,Friday,June
2023-06-16,Product_3,598.61,24,92.33,Toys,14366.64,Friday,June
2023-06-16,Product_5,216.45,4,42.43,Books,865.8,Friday,June
2023-06-16,Product_4,719.91,42,89.99,Clothing,30236.22,Friday,June
2023-06-17,Product_2,724.41,16,22.91,Books,11590.56,Saturday,June
2023-06-17,Product_4,649.19,38,26.39,Books,24669.22,Saturday,June
2023-06-17,Product_1,575.84,12,84.48,Clothing,6910.08,Saturday,June
2023-06-17,Product_3,576.5,23,88.43,Electronics,13259.5,Saturday,June
2023-06-18,Product_4,712.91,42,34.94,Food,29942.22,Sunday,June
2023-06-18,Product_5,193.58,4,73.51,Food,774.32,Sunday,June
2023-06-18,Product_3,523.77,21,28.0,Clothing,10999.17,Sunday,June
2023-06-18,Product_2,710.29,15,53.81,Toys,10654.35,Sunday,June
2023-06-18,Product_1,559.83,12,40.4,Food,6717.960000000001,Sunday,June
2023-06-19,Product_4,590.41,35,53.55,Food,20664.35,Monday,June
2023-06-19,Product_3,572.47,23,22.33,Books,13166.81,Monday,June
2023-06-19,Product_1,583.93,12,40.41,Toys,7007.16,Monday,June
2023-06-19,Product_2,639.18,14,30.8,Food,8948.519999999999,Monday,June
2023-06-20,Product_3,596.44,24,68.12,Toys,14314.56,Tuesday,June
2023-06-20,Product_2,671.04,15,52.69,Clothing,10065.6,Tuesday,June
2023-06-20,Product_4,592.4,35,60.89,Toys,20734.0,Tuesday,June
2023-06-20,Product_1,592.96,13,55.14,Books,7708.48,Tuesday,June
2023-06-21,Product_2,670.79,15,58.81,Clothing,10061.85,Wednesday,June
2023-06-21,Product_3,572.0,23,96.44,Electronics,13156.0,Wednesday,June
2023-06-21,Product_4,590.95,35,41.01,Electronics,20683.25,Wednesday,June
2023-06-21,Product_1,572.41,12,55.25,Electronics,6868.92,Wednesday,June
2023-06-22,Product_3,579.29,23,49.68,Electronics,13323.669999999998,Thursday,June
2023-06-22,Product_4,665.33,39,42.11,Books,25947.870000000003,Thursday,June
2023-06-22,Product_2,669.37,14,80.49,Electronics,9371.18,Thursday,June
2023-06-22,Product_1,659.9,14,56.71,Books,9238.6,Thursday,June
2023-06-23,Product_3,581.09,23,87.87,Electronics,13365.070000000002,Friday,June
2023-06-23,Product_5,183.1,4,52.61,Toys,732.4,Friday,June
2023-06-23,Product_1,590.38,13,88.33,Electronics,7674.94,Friday,June
2023-06-23,Product_4,665.85,39,45.31,Clothing,25968.15,Friday,June
2023-06-23,Product_2,704.2,15,72.39,Toys,10563.0,Friday,June
2023-06-24,Product_1,646.37,14,62.79,Food,9049.18,Saturday,June
2023-06-24,Product_5,225.78,4,62.76,Toys,903.12,Saturday,June
2023-06-24,Product_4,636.19,37,73.14,Food,23539.03,Saturday,June
2023-06-24,Product_2,723.05,16,79.75,Toys,11568.8,Saturday,June
2023-06-24,Product_3,591.0,24,48.55,Electronics,14184.0,Saturday,June
2023-06-25,Product_1,582.49,12,80.8,Electronics,6989.88,Sunday,June
2023-06-25,Product_5,174.69,3,83.96,Toys,524.0699999999999,Sunday,June
2023-06-25,Product_4,637.12,37,66.83,Electronics,23573.44,Sunday,June
2023-06-25,Product_2,675.37,15,55.14,Electronics,10130.55,Sunday,June
2023-06-25,Product_3,576.29,23,55.49,Clothing,13254.669999999998,Sunday,June
2023-06-26,Product_1,576.7,12,69.8,Toys,6920.400000000001,Monday,June
2023-06-26,Product_4,614.95,36,78.01,Electronics,22138.2,Monday,June
2023-06-26,Product_3,553.36,22,21.83,Electronics,12173.92,Monday,June
2023-06-26,Product_2,602.99,13,38.83,Toys,7838.87,Monday,June
2023-06-27,Product_3,588.94,23,31.66,Toys,13545.62,Tuesday,June
2023-06-27,Product_2,688.17,15,74.19,Books,10322.55,Tuesday,June
2023-06-27,Product_4,654.08,38,30.87,Toys,24855.04,Tuesday,June
2023-06-27,Product_1,550.01,12,46.3,Electronics,6600.12,Tuesday,June
2023-06-28,Product_2,680.84,15,49.28,Clothing,10212.6,Wednesday,June
2023-06-28,Product_4,625.24,37,54.31,Electronics,23133.88,Wednesday,June
2023-06-28,Product_3,541.04,22,63.66,Toys,11902.88,Wednesday,June
2023-06-28,Product_5,187.78,4,98.22,Clothing,751.12,Wednesday,June
2023-06-28,Product_1,546.82,12,27.72,Food,6561.84,Wednesday,June
2023-06-29,Product_1,598.17,13,42.02,Books,7776.209999999999,Thursday,June
2023-06-29,Product_4,655.98,39,48.13,Food,25583.22,Thursday,June
2023-06-29,Product_3,595.09,24,60.81,Electronics,14282.16,Thursday,June
2023-06-29,Product_5,193.89,4,29.23,Clothing,775.56,Thursday,June
2023-06-29,Product_2,695.79,15,37.95,Clothing,10436.85,Thursday,June
2023-06-30,Product_4,626.72,37,22.72,Food,23188.64,Friday,June
2023-06-30,Product_3,529.29,21,81.34,Food,11115.09,Friday,June
2023-06-30,Product_5,174.68,3,52.33,Electronics,524.04,Friday,June
2023-06-30,Product_2,709.23,15,40.02,Food,10638.45,Friday,June
2023-06-30,Product_1,563.01,12,71.05,Books,6756.12,Friday,June
2023-07-01,Product_1,592.93,13,76.21,Books,7708.089999999999,Saturday,July
2023-07-01,Product_2,677.5,15,48.54,Clothing,10162.5,Saturday,July
2023-07-01,Product_4,669.25,39,47.67,Clothing,26100.75,Saturday,July
2023-07-01,Product_3,524.79,21,45.28,Books,11020.59,Saturday,July
2023-07-02,Product_2,584.61,13,89.26,Clothing,7599.93,Sunday,July
2023-07-02,Product_3,591.73,24,91.97,Electronics,14201.52,Sunday,July
2023-07-02,Product_1,585.85,12,44.86,Clothing,7030.200000000001,Sunday,July
2023-07-02,Product_5,196.09,4,26.88,Food,784.36,Sunday,July
2023-07-02,Product_4,564.72,33,31.23,Toys,18635.76,Sunday,July
2023-07-03,Product_3,563.09,22,79.89,Electronics,12387.98,Monday,July
2023-07-03,Product_4,647.02,38,74.56,Clothing,24586.76,Monday,July
2023-07-03,Product_2,643.5,14,73.93,Food,9009.0,Monday,July
2023-07-03,Product_1,539.78,11,35.27,Clothing,5937.58,Monday,July
2023-07-04,Product_1,544.36,12,84.63,Food,6532.32,Tuesday,July
2023-07-04,Product_3,500.14,20,39.97,Toys,10002.8,Tuesday,July
2023-07-04,Product_4,641.14,38,95.1,Clothing,24363.32,Tuesday,July
2023-07-04,Product_2,681.33,15,21.06,Electronics,10219.95,Tuesday,July
2023-07-05,Product_3,546.88,22,41.15,Electronics,12031.36,Wednesday,July
2023-07-05,Product_1,625.71,13,82.34,Toys,8134.23,Wednesday,July
2023-07-05,Product_5,186.1,4,43.01,Food,744.4,Wednesday,July
2023-07-05,Product_2,670.18,15,82.27,Electronics,10052.7,Wednesday,July
2023-07-05,Product_4,576.68,34,92.56,Clothing,19607.12,Wednesday,July
2023-07-06,Product_4,642.36,38,49.11,Clothing,24409.68,Thursday,July
2023-07-06,Product_1,516.24,11,31.71,Clothing,5678.64,Thursday,July
2023-07-06,Product_2,629.71,14,26.16,Food,8815.94,Thursday,July
2023-07-06,Product_3,567.2,23,52.22,Toys,13045.6,Thursday,July
2023-07-07,Product_2,710.84,15,78.75,Books,10662.6,Friday,July
2023-07-07,Product_1,564.92,12,57.81,Toys,6779.039999999999,Friday,July
2023-07-07,Product_3,596.7,24,86.87,Food,14320.8,Friday,July
2023-07-07,Product_4,684.65,40,38.18,Books,27386.0,Friday,July
2023-07-08,Product_4,623.7,37,75.0,Food,23076.9,Saturday,July
2023-07-08,Product_3,616.7,25,31.09,Books,15417.500000000002,Saturday,July
2023-07-08,Product_2,642.34,14,42.44,Food,8992.76,Saturday,July
2023-07-08,Product_1,621.1,13,94.93,Books,8074.3,Saturday,July
2023-07-09,Product_4,635.4,37,38.82,Books,23509.8,Sunday,July
2023-07-09,Product_3,584.8,23,53.73,Toys,13450.4,Sunday,July
2023-07-09,Product_1,579.49,12,23.2,Food,6953.88,Sunday,July
2023-07-09,Product_2,640.19,14,76.82,Clothing,8962.66,Sunday,July
2023-07-10,Product_1,482.92,10,28.95,Electronics,4829.2,Monday,July
2023-07-10,Product_2,597.7,13,65.14,Toys,7770.1,Monday,July
2023-07-10,Product_4,579.42,34,64.38,Books,19700.28,Monday,July
2023-07-10,Product_3,534.58,21,76.96,Toys,11226.18,Monday,July
2023-07-11,Product_3,577.17,23,80.65,Electronics,13274.91,Tuesday,July
2023-07-11,Product_2,705.82,15,92.09,Food,10587.3,Tuesday,July
2023-07-11,Product_4,676.05,40,93.53,Electronics,27042.0,Tuesday,July
2023-07-11,Product_1,530.93,11,32.34,Food,5840.23,Tuesday,July
2023-07-12,Product_2,641.28,14,82.37,Toys,8977.92,Wednesday,July
2023-07-12,Product_3,503.14,20,43.88,Clothing,10062.8,Wednesday,July
2023-07-12,Product_1,589.88,13,58.01,Clothing,7668.44,Wednesday,July
2023-07-12,Product_4,636.74,37,54.1,Books,23559.38,Wednesday,July
2023-07-13,Product_4,700.76,41,70.82,Clothing,28731.16,Thursday,July
2023-07-13,Product_3,591.05,24,50.05,Food,14185.2,Thursday,July
2023-07-13,Product_1,570.3,12,91.12,Food,6843.599999999999,Thursday,July
2023-07-13,Product_2,691.53,15,55.43,Toys,10372.95,Thursday,July
2023-07-13,Product_5,197.09,4,29.19,Books,788.36,Thursday,July
2023-07-14,Product_3,559.46,22,92.74,Books,12308.12,Friday,July
2023-07-14,Product_4,668.22,39,73.0,Toys,26060.58,Friday,July
2023-07-14,Product_2,712.48,15,39.26,Toys,10687.2,Friday,July
2023-07-14,Product_1,638.39,14,57.07,Food,8937.46,Friday,July
2023-07-15,Product_2,647.0,14,80.12,Toys,9058.0,Saturday,July
2023-07-15,Product_1,534.26,11,79.41,Toys,5876.86,Saturday,July
2023-07-15,Product_3,595.26,24,29.43,Books,14286.24,Saturday,July
2023-07-15,Product_4,617.22,36,39.08,Food,22219.92,Saturday,July
2023-07-16,Product_2,619.21,13,68.34,Electronics,8049.73,Sunday,July
2023-07-16,Product_3,557.63,22,51.53,Clothing,12267.86,Sunday,July
2023-07-16,Product_1,589.47,13,86.03,Clothing,7663.110000000001,Sunday,July
2023-07-16,Product_4,579.32,34,24.06,Food,19696.88,Sunday,July
2023-07-17,Product_3,499.92,20,80.58,Food,9998.4,Monday,July
2023-07-17,Product_1,497.67,10,47.37,Books,4976.7,Monday,July
2023-07-17,Product_4,626.94,37,43.04,Toys,23196.78,Monday,July
2023-07-17,Product_2,632.29,14,81.66,Toys,8852.06,Monday,July
2023-07-18,Product_3,539.55,21,36.95,Books,11330.55,Tuesday,July
2023-07-18,Product_4,631.69,37,88.35,Toys,23372.53,Tuesday,July
2023-07-18,Product_2,650.33,14,99.42,Books,9104.62,Tuesday,July
2023-07-18,Product_1,551.74,12,42.37,Electronics,6620.88,Tuesday,July
2023-07-19,Product_3,559.34,22,51.59,Books,12305.48,Wednesday,July
2023-07-19,Product_4,601.23,35,60.58,Toys,21043.05,Wednesday,July
2023-07-19,Product_2,646.56,14,54.47,Clothing,9051.84,Wednesday,July
2023-07-19,Product_1,585.98,12,96.47,Food,7031.76,Wednesday,July
2023-07-20,Product_4,674.69,40,82.06,Toys,26987.6,Thursday,July
2023-07-20,Product_5,175.7,3,21.08,Books,527.0999999999999,Thursday,July
2023-07-20,Product_1,558.35,12,94.68,Food,6700.200000000001,Thursday,July
2023-07-20,Product_2,674.91,15,64.64,Food,10123.65,Thursday,July
2023-07-20,Product_3,540.08,21,81.44,Books,11341.68,Thursday,July
2023-07-21,Product_1,583.26,12,69.23,Food,6999.12,Friday,July
2023-07-21,Product_2,708.18,15,23.28,Toys,10622.7,Friday,July
2023-07-21,Product_5,184.11,4,85.02,Food,736.44,Friday,July
2023-07-21,Product_4,640.48,38,27.08,Clothing,24338.24,Friday,July
2023-07-21,Product_3,563.0,22,79.9,Books,12386.0,Friday,July
2023-07-22,Product_2,592.42,13,96.67,Toys,7701.459999999999,Saturday,July
2023-07-22,Product_4,598.54,35,32.77,Electronics,20948.9,Saturday,July
2023-07-22,Product_1,545.33,12,96.16,Electronics,6543.960000000001,Saturday,July
2023-07-22,Product_3,568.0,23,49.5,Toys,13064.0,Saturday,July
2023-07-23,Product_3,529.58,21,74.55,Food,11121.18,Sunday,July
2023-07-23,Product_2,623.44,13,69.77,Books,8104.720000000001,Sunday,July
2023-07-23,Product_1,556.89,12,39.64,Food,6682.68,Sunday,July
2023-07-23,Product_5,182.31,4,70.01,Electronics,729.24,Sunday,July
2023-07-23,Product_4,624.54,37,49.17,Clothing,23107.98,Sunday,July
2023-07-24,Product_1,517.81,11,69.93,Electronics,5695.91,Monday,July
2023-07-24,Product_4,617.16,36,29.54,Electronics,22217.76,Monday,July
2023-07-24,Product_2,608.83,13,99.23,Toys,7914.790000000001,Monday,July
2023-07-24,Product_3,564.34,22,50.7,Electronics,12415.48,Monday,July
2023-07-25,Product_2,644.35,14,63.96,Toys,9020.9,Tuesday,July
2023-07-25,Product_3,521.17,21,63.37,Food,10944.57,Tuesday,July
2023-07-25,Product_4,595.4,35,47.44,Toys,20839.0,Tuesday,July
2023-07-25,Product_1,545.44,12,47.33,Books,6545.280000000001,Tuesday,July
2023-07-26,Product_3,557.46,22,74.7,Electronics,12264.12,Wednesday,July
2023-07-26,Product_4,579.79,34,22.12,Books,19712.86,Wednesday,July
2023-07-26,Product_2,683.65,15,82.59,Toys,10254.75,Wednesday,July
2023-07-26,Product_1,512.67,11,84.13,Clothing,5639.37,Wednesday,July
2023-07-27,Product_3,526.99,21,86.94,Clothing,11066.79,Thursday,July
2023-07-27,Product_5,201.59,4,87.83,Toys,806.36,Thursday,July
2023-07-27,Product_4,636.96,37,57.51,Clothing,23567.52,Thursday,July
2023-07-27,Product_2,735.73,16,43.18,Books,11771.68,Thursday,July
2023-07-27,Product_1,536.5,11,89.54,Electronics,5901.5,Thursday,July
2023-07-28,Product_1,548.78,12,28.23,Food,6585.36,Friday,July
2023-07-28,Product_3,546.14,22,95.58,Food,12015.08,Friday,July
2023-07-28,Product_2,694.32,15,47.97,Food,10414.8,Friday,July
2023-07-28,Product_4,622.85,37,73.88,Clothing,23045.45,Friday,July
2023-07-29,Product_2,651.65,14,87.86,Electronics,9123.1,Saturday,July
2023-07-29,Product_4,668.37,39,88.74,Books,26066.43,Saturday,July
2023-07-29,Product_1,538.19,11,35.85,Clothing,5920.09,Saturday,July
2023-07-29,Product_3,568.88,23,40.74,Toys,13084.24,Saturday,July
2023-07-30,Product_4,583.92,34,61.22,Clothing,19853.28,Sunday,July
2023-07-30,Product_1,504.6,11,43.23,Clothing,5550.6,Sunday,July
2023-07-30,Product_2,564.98,12,20.16,Electronics,6779.76,Sunday,July
2023-07-30,Product_3,536.46,21,80.94,Toys,11265.66,Sunday,July
2023-07-31,Product_4,644.61,38,42.97,Electronics,24495.18,Monday,July
2023-07-31,Product_3,497.39,20,91.43,Toys,9947.8,Monday,July
2023-07-31,Product_2,668.34,14,29.16,Electronics,9356.76,Monday,July
2023-07-31,Product_1,508.81,11,47.59,Clothing,5596.91,Monday,July
2023-08-01,Product_2,699.46,15,85.6,Electronics,10491.9,Tuesday,August
2023-08-01,Product_1,509.78,11,33.3,Electronics,5607.58,Tuesday,August
2023-08-01,Product_3,561.75,22,66.23,Books,12358.5,Tuesday,August
2023-08-01,Product_4,604.28,35,42.02,Books,21149.8,Tuesday,August
2023-08-02,Product_2,645.97,14,92.16,Toys,9043.58,Wednesday,August
2023-08-02,Product_1,538.5,11,52.7,Books,5923.5,Wednesday,August
2023-08-02,Product_3,510.25,20,65.63,Food,10205.0,Wednesday,August
2023-08-02,Product_4,658.02,39,51.37,Toys,25662.78,Wednesday,August
2023-08-03,Product_4,628.02,37,83.81,Electronics,23236.74,Thursday,August
2023-08-03,Product_3,564.61,22,69.77,Clothing,12421.42,Thursday,August
2023-08-03,Product_2,749.49,16,71.98,Toys,11991.84,Thursday,August
2023-08-03,Product_1,637.93,14,62.4,Books,8931.019999999999,Thursday,August
2023-08-04,Product_3,592.79,24,31.22,Food,14226.96,Friday,August
2023-08-04,Product_4,623.5,37,34.3,Toys,23069.5,Friday,August
2023-08-04,Product_2,659.34,14,30.58,Electronics,9230.76,Friday,August
2023-08-04,Product_1,550.48,12,20.77,Food,6605.76,Friday,August
2023-08-04,Product_5,181.19,3,79.38,Food,543.5699999999999,Friday,August
2023-08-05,Product_4,665.08,39,64.31,Toys,25938.120000000003,Saturday,August
2023-08-05,Product_1,554.49,12,32.82,Toys,6653.88,Saturday,August
2023-08-05,Product_3,540.43,22,76.44,Food,11889.46,Saturday,August
2023-08-05,Product_2,692.35,15,96.12,Food,10385.25,Saturday,August
2023-08-06,Product_2,617.63,13,29.84,Books,8029.19,Sunday,August
2023-08-06,Product_4,674.69,40,68.15,Toys,26987.6,Sunday,August
2023-08-06,Product_3,523.53,21,28.2,Books,10994.13,Sunday,August
2023-08-06,Product_1,530.46,11,46.7,Electronics,5835.06,Sunday,August
2023-08-07,Product_4,554.39,32,56.25,Clothing,17740.48,Monday,August
2023-08-07,Product_1,540.9,11,50.09,Books,5949.9,Monday,August
2023-08-07,Product_2,635.05,14,63.76,Food,8890.699999999999,Monday,August
2023-08-07,Product_3,567.89,23,89.83,Electronics,13061.47,Monday,August
2023-08-08,Product_1,511.9,11,35.16,Toys,5630.9,Tuesday,August
2023-08-08,Product_4,587.19,34,91.28,Books,19964.460000000003,Tuesday,August
2023-08-08,Product_2,693.89,15,90.4,Electronics,10408.35,Tuesday,August
2023-08-08,Product_3,531.54,21,55.24,Electronics,11162.34,Tuesday,August
2023-08-09,Product_3,547.14,22,42.58,Toys,12037.08,Wednesday,August
2023-08-09,Product_4,622.09,36,38.49,Books,22395.24,Wednesday,August
2023-08-09,Product_1,582.36,12,23.61,Food,6988.32,Wednesday,August
2023-08-09,Product_2,658.39,14,25.44,Clothing,9217.46,Wednesday,August
2023-08-10,Product_2,707.15,15,72.07,Electronics,10607.25,Thursday,August
2023-08-10,Product_1,484.91,10,28.45,Books,4849.1,Thursday,August
2023-08-10,Product_3,582.19,23,59.77,Electronics,13390.37,Thursday,August
2023-08-10,Product_4,645.02,38,38.11,Toys,24510.76,Thursday,August
2023-08-11,Product_4,638.37,37,62.79,Electronics,23619.69,Friday,August
2023-08-11,Product_3,571.06,23,39.09,Clothing,13134.38,Friday,August
2023-08-11,Product_2,624.44,13,92.29,Clothing,8117.720000000001,Friday,August
2023-08-11,Product_1,598.13,13,43.33,Food,7775.69,Friday,August
2023-08-11,Product_5,296.9,6,60.35,Books,1781.4,Friday,August
2023-08-12,Product_4,611.35,36,24.03,Toys,22008.6,Saturday,August
2023-08-12,Product_2,608.51,13,76.32,Toys,7910.63,Saturday,August
2023-08-12,Product_3,588.82,23,85.33,Books,13542.86,Saturday,August
2023-08-12,Product_1,541.89,11,86.02,Electronics,5960.79,Saturday,August
2023-08-13,Product_1,532.42,11,51.82,Clothing,5856.62,Sunday,August
2023-08-13,Product_2,623.24,13,66.05,Electronics,8102.12,Sunday,August
2023-08-13,Product_4,603.84,35,74.67,Toys,21134.4,Sunday,August
2023-08-13,Product_3,600.2,24,39.87,Food,14404.8,Sunday,August
2023-08-14,Product_3,503.2,20,87.51,Toys,10064.0,Monday,August
2023-08-14,Product_1,551.53,12,65.06,Electronics,6618.36,Monday,August
2023-08-14,Product_2,618.54,13,64.75,Food,8041.019999999999,Monday,August
2023-08-14,Product_4,583.8,34,72.9,Electronics,19849.2,Monday,August
2023-08-15,Product_2,600.61,13,68.7,Books,7807.93,Tuesday,August
2023-08-15,Product_4,555.19,33,95.55,Electronics,18321.27,Tuesday,August
2023-08-15,Product_1,565.58,12,91.51,Clothing,6786.960000000001,Tuesday,August
2023-08-15,Product_3,626.14,25,23.22,Toys,15653.5,Tuesday,August
2023-08-16,Product_4,589.16,35,55.34,Books,20620.6,Wednesday,August
2023-08-16,Product_2,619.93,13,40.67,Electronics,8059.089999999999,Wednesday,August
2023-08-16,Product_1,582.73,12,67.19,Clothing,6992.76,Wednesday,August
2023-08-16,Product_3,539.5,21,96.57,Clothing,11329.5,Wednesday,August
2023-08-17,Product_2,658.91,14,59.19,Clothing,9224.74,Thursday,August
2023-08-17,Product_4,642.4,38,97.91,Food,24411.2,Thursday,August
2023-08-17,Product_1,537.41,11,90.01,Electronics,5911.509999999999,Thursday,August
2023-08-17,Product_3,567.15,23,80.19,Toys,13044.45,Thursday,August
2023-08-18,Product_2,752.51,16,78.04,Electronics,12040.16,Friday,August
2023-08-18,Product_3,517.83,21,38.59,Food,10874.43,Friday,August
2023-08-18,Product_1,551.03,12,34.49,Toys,6612.36,Friday,August
2023-08-18,Product_4,615.66,36,67.84,Food,22163.76,Friday,August
2023-08-19,Product_3,527.41,21,96.06,Food,11075.61,Saturday,August
2023-08-19,Product_4,723.56,43,94.85,Clothing,31113.08,Saturday,August
2023-08-19,Product_2,620.66,13,43.12,Books,8068.58,Saturday,August
2023-08-19,Product_1,513.52,11,89.12,Toys,5648.719999999999,Saturday,August
2023-08-20,Product_2,697.48,15,84.05,Electronics,10462.2,Sunday,August
2023-08-20,Product_1,527.81,11,76.32,Food,5805.91,Sunday,August
2023-08-20,Product_4,658.25,39,28.57,Clothing,25671.75,Sunday,August
2023-08-20,Product_3,542.95,22,53.3,Books,11944.9,Sunday,August
2023-08-21,Product_4,566.77,33,58.33,Electronics,18703.41,Monday,August
2023-08-21,Product_1,577.41,12,50.54,Food,6928.92,Monday,August
2023-08-21,Product_3,483.23,19,24.9,Electronics,9181.37,Monday,August
2023-08-21,Product_2,635.56,14,58.26,Food,8897.84,Monday,August
2023-08-22,Product_1,486.58,10,95.16,Books,4865.8,Tuesday,August
2023-08-22,Product_3,524.49,21,83.88,Toys,11014.29,Tuesday,August
2023-08-22,Product_2,541.35,12,94.13,Electronics,6496.200000000001,Tuesday,August
2023-08-22,Product_4,650.48,38,97.48,Electronics,24718.24,Tuesday,August
2023-08-23,Product_4,587.31,34,22.77,Toys,19968.54,Wednesday,August
2023-08-23,Product_5,227.54,4,50.55,Food,910.16,Wednesday,August
2023-08-23,Product_1,598.85,13,22.2,Toys,7785.05,Wednesday,August
2023-08-23,Product_3,526.77,21,71.78,Electronics,11062.17,Wednesday,August
2023-08-23,Product_2,622.68,13,67.5,Toys,8094.839999999999,Wednesday,August
2023-08-24,Product_2,705.05,15,25.18,Clothing,10575.75,Thursday,August
2023-08-24,Product_4,617.92,36,78.95,Food,22245.12,Thursday,August
2023-08-24,Product_3,530.05,21,50.01,Toys,11131.05,Thursday,August
2023-08-24,Product_1,614.66,13,78.49,Toys,7990.58,Thursday,August
2023-08-25,Product_4,588.93,35,31.52,Clothing,20612.55,Friday,August
2023-08-25,Product_3,503.88,20,22.33,Toys,10077.6,Friday,August
2023-08-25,Product_2,672.81,15,52.4,Books,10092.15,Friday,August
2023-08-25,Product_1,528.34,11,94.06,Books,5811.740000000001,Friday,August
2023-08-26,Product_1,549.62,12,64.28,Toys,6595.4400000000005,Saturday,August
2023-08-26,Product_4,642.77,38,71.71,Toys,24425.26,Saturday,August
2023-08-26,Product_2,641.73,14,77.84,Electronics,8984.220000000001,Saturday,August
2023-08-26,Product_3,601.03,24,61.28,Books,14424.72,Saturday,August
2023-08-27,Product_3,527.98,21,90.89,Toys,11087.58,Sunday,August
2023-08-27,Product_2,670.95,15,38.67,Electronics,10064.25,Sunday,August
2023-08-27,Product_4,576.02,34,51.75,Books,19584.68,Sunday,August
2023-08-27,Product_1,515.49,11,85.97,Clothing,5670.39,Sunday,August
2023-08-28,Product_1,563.92,12,40.08,Electronics,6767.039999999999,Monday,August
2023-08-28,Product_4,613.16,36,68.63,Food,22073.76,Monday,August
2023-08-28,Product_3,491.18,20,84.46,Food,9823.6,Monday,August
2023-08-28,Product_2,606.69,13,21.02,Electronics,7886.970000000001,Monday,August
2023-08-29,Product_2,632.86,14,91.07,Books,8860.04,Tuesday,August
2023-08-29,Product_3,524.14,21,22.45,Toys,11006.94,Tuesday,August
2023-08-29,Product_4,524.31,31,30.79,Food,16253.61,Tuesday,August
2023-08-29,Product_1,485.51,10,41.43,Electronics,4855.1,Tuesday,August
2023-08-30,Product_2,606.94,13,25.79,Electronics,7890.220000000001,Wednesday,August
2023-08-30,Product_3,517.21,21,63.39,Food,10861.41,Wednesday,August
2023-08-30,Product_1,518.97,11,71.5,Books,5708.67,Wednesday,August
2023-08-30,Product_4,648.88,38,52.92,Food,24657.44,Wednesday,August
2023-08-31,Product_2,649.48,14,45.66,Clothing,9092.72,Thursday,August
2023-08-31,Product_3,569.23,23,60.23,Toys,13092.29,Thursday,August
2023-08-31,Product_4,650.06,38,60.55,Books,24702.28,Thursday,August
2023-08-31,Product_5,177.49,3,79.64,Books,532.47,Thursday,August
2023-08-31,Product_1,584.84,12,87.34,Clothing,7018.08,Thursday,August
2023-09-01,Product_3,517.77,21,23.97,Electronics,10873.17,Friday,September
2023-09-01,Product_2,659.42,14,68.75,Food,9231.88,Friday,September
2023-09-01,Product_1,556.4,12,58.72,Books,6676.799999999999,Friday,September
2023-09-01,Product_4,617.88,36,50.55,Food,22243.68,Friday,September
2023-09-02,Product_3,528.44,21,76.64,Books,11097.240000000002,Saturday,September
2023-09-02,Product_2,648.4,14,28.85,Books,9077.6,Saturday,September
2023-09-02,Product_1,517.19,11,32.97,Food,5689.09,Saturday,September
2023-09-02,Product_4,610.03,36,55.26,Clothing,21961.08,Saturday,September
2023-09-03,Product_3,536.87,21,30.42,Electronics,11274.27,Sunday,September
2023-09-03,Product_2,588.06,13,87.27,Food,7644.779999999999,Sunday,September
2023-09-03,Product_4,589.53,35,98.28,Clothing,20633.55,Sunday,September
2023-09-03,Product_1,471.93,10,61.18,Clothing,4719.3,Sunday,September
2023-09-04,Product_3,476.01,19,48.91,Food,9044.19,Monday,September
2023-09-04,Product_4,600.82,35,39.18,Electronics,21028.7,Monday,September
2023-09-04,Product_1,569.7,12,21.0,Food,6836.400000000001,Monday,September
2023-09-04,Product_2,613.28,13,62.71,Toys,7972.639999999999,Monday,September
2023-09-05,Product_2,671.07,15,80.71,Food,10066.05,Tuesday,September
2023-09-05,Product_3,516.95,21,36.43,Food,10855.95,Tuesday,September
2023-09-05,Product_4,588.27,34,45.48,Food,20001.18,Tuesday,September
2023-09-05,Product_1,534.01,11,74.68,Books,5874.11,Tuesday,September
2023-09-06,Product_4,587.29,34,92.29,Toys,19967.86,Wednesday,September
2023-09-06,Product_3,567.44,23,59.9,Clothing,13051.12,Wednesday,September
2023-09-06,Product_1,547.81,12,88.14,Toys,6573.719999999999,Wednesday,September
2023-09-06,Product_2,730.47,16,56.93,Food,11687.52,Wednesday,September
2023-09-07,Product_1,568.91,12,20.93,Electronics,6826.92,Thursday,September
2023-09-07,Product_2,707.25,15,46.61,Clothing,10608.75,Thursday,September
2023-09-07,Product_4,601.26,35,25.95,Books,21044.1,Thursday,September
2023-09-07,Product_3,524.06,21,33.76,Electronics,11005.259999999998,Thursday,September
2023-09-08,Product_2,651.21,14,85.71,Electronics,9116.94,Friday,September
2023-09-08,Product_1,531.74,11,44.16,Clothing,5849.14,Friday,September
2023-09-08,Product_4,649.41,38,58.82,Food,24677.58,Friday,September
2023-09-08,Product_3,565.47,23,48.13,Food,13005.81,Friday,September
2023-09-09,Product_1,551.96,12,89.06,Food,6623.52,Saturday,September
2023-09-09,Product_4,629.28,37,99.76,Food,23283.36,Saturday,September
2023-09-09,Product_3,567.35,23,92.47,Food,13049.05,Saturday,September
2023-09-09,Product_2,675.21,15,62.49,Food,10128.15,Saturday,September
2023-09-10,Product_2,643.4,14,96.85,Books,9007.6,Sunday,September
2023-09-10,Product_1,550.11,12,72.91,Food,6601.32,Sunday,September
2023-09-10,Product_4,594.75,35,70.3,Books,20816.25,Sunday,September
2023-09-10,Product_3,513.21,20,23.82,Food,10264.2,Sunday,September
2023-09-11,Product_2,590.87,13,91.23,Electronics,7681.31,Monday,September
2023-09-11,Product_1,547.32,12,79.14,Clothing,6567.84,Monday,September
2023-09-11,Product_4,590.3,35,65.29,Clothing,20660.5,Monday,September
2023-09-11,Product_3,483.95,19,74.06,Electronics,9195.05,Monday,September
2023-09-12,Product_3,505.32,20,59.83,Food,10106.4,Tuesday,September
2023-09-12,Product_1,549.9,12,91.99,Books,6598.799999999999,Tuesday,September
2023-09-12,Product_2,670.69,15,20.29,Food,10060.35,Tuesday,September
2023-09-12,Product_4,567.73,33,45.14,Books,18735.09,Tuesday,September
2023-09-13,Product_3,549.46,22,54.58,Toys,12088.12,Wednesday,September
2023-09-13,Product_4,618.23,36,55.33,Food,22256.28,Wednesday,September
2023-09-13,Product_2,648.57,14,90.41,Electronics,9079.98,Wednesday,September
2023-09-13,Product_1,550.43,12,40.64,Clothing,6605.16,Wednesday,September
2023-09-14,Product_2,653.39,14,87.88,Clothing,9147.46,Thursday,September
2023-09-14,Product_1,505.05,11,61.66,Food,5555.55,Thursday,September
2023-09-14,Product_3,525.87,21,87.48,Electronics,11043.27,Thursday,September
2023-09-14,Product_4,637.58,37,54.44,Toys,23590.460000000003,Thursday,September
2023-09-15,Product_1,587.96,12,94.44,Food,7055.52,Friday,September
2023-09-15,Product_3,584.63,23,66.2,Electronics,13446.49,Friday,September
2023-09-15,Product_2,646.21,14,92.77,Books,9046.94,Friday,September
2023-09-15,Product_4,626.11,37,82.86,Food,23166.07,Friday,September
2023-09-16,Product_1,557.23,12,36.42,Food,6686.76,Saturday,September
2023-09-16,Product_2,668.22,14,28.73,Clothing,9355.08,Saturday,September
2023-09-16,Product_3,559.52,22,68.45,Clothing,12309.44,Saturday,September
2023-09-16,Product_4,618.73,36,46.55,Food,22274.28,Saturday,September
2023-09-17,Product_3,507.55,20,90.29,Electronics,10151.0,Sunday,September
2023-09-17,Product_2,627.49,14,48.92,Clothing,8784.86,Sunday,September
2023-09-17,Product_4,569.95,33,45.88,Clothing,18808.35,Sunday,September
2023-09-17,Product_1,550.02,12,27.14,Clothing,6600.24,Sunday,September
2023-09-18,Product_2,609.78,13,83.56,Clothing,7927.139999999999,Monday,September
2023-09-18,Product_4,582.08,34,65.13,Electronics,19790.72,Monday,September
2023-09-18,Product_3,480.8,19,45.31,Food,9135.2,Monday,September
2023-09-18,Product_1,497.3,10,21.57,Clothing,4973.0,Monday,September
2023-09-19,Product_2,622.88,13,91.63,Toys,8097.44,Tuesday,September
2023-09-19,Product_4,569.15,33,73.88,Toys,18781.95,Tuesday,September
2023-09-19,Product_1,506.97,11,58.69,Food,5576.67,Tuesday,September
2023-09-19,Product_3,515.17,20,41.81,Food,10303.4,Tuesday,September
2023-09-20,Product_1,507.6,11,76.4,Books,5583.6,Wednesday,September
2023-09-20,Product_3,608.84,24,82.24,Toys,14612.16,Wednesday,September
2023-09-20,Product_4,629.04,37,21.46,Electronics,23274.48,Wednesday,September
2023-09-20,Product_2,628.32,14,98.84,Food,8796.480000000001,Wednesday,September
2023-09-21,Product_3,509.41,20,48.84,Electronics,10188.2,Thursday,September
2023-09-21,Product_1,536.79,11,79.08,Books,5904.69,Thursday,September
2023-09-21,Product_2,669.12,14,83.52,Electronics,9367.68,Thursday,September
2023-09-21,Product_4,588.43,34,43.85,Food,20006.62,Thursday,September
2023-09-22,Product_2,740.85,16,79.65,Books,11853.6,Friday,September
2023-09-22,Product_4,635.0,37,26.37,Toys,23495.0,Friday,September
2023-09-22,Product_3,583.63,23,38.16,Books,13423.49,Friday,September
2023-09-22,Product_1,553.74,12,83.39,Food,6644.88,Friday,September
2023-09-23,Product_2,594.03,13,87.69,Toys,7722.389999999999,Saturday,September
2023-09-23,Product_1,549.11,12,40.27,Clothing,6589.32,Saturday,September
2023-09-23,Product_3,517.58,21,27.6,Clothing,10869.18,Saturday,September
2023-09-23,Product_4,565.82,33,72.4,Toys,18672.06,Saturday,September
2023-09-24,Product_3,550.63,22,22.95,Toys,12113.86,Sunday,September
2023-09-24,Product_2,624.02,13,50.71,Food,8112.26,Sunday,September
2023-09-24,Product_4,637.49,37,45.55,Food,23587.13,Sunday,September
2023-09-24,Product_1,511.78,11,30.34,Electronics,5629.58,Sunday,September
2023-09-25,Product_2,606.23,13,26.9,Food,7880.99,Monday,September
2023-09-25,Product_4,546.14,32,62.35,Books,17476.48,Monday,September
2023-09-25,Product_1,560.61,12,35.0,Food,6727.32,Monday,September
2023-09-25,Product_3,512.74,20,34.2,Toys,10254.8,Monday,September
2023-09-26,Product_2,654.55,14,53.27,Electronics,9163.7,Tuesday,September
2023-09-26,Product_4,617.19,36,24.32,Clothing,22218.840000000004,Tuesday,September
2023-09-26,Product_1,560.85,12,75.37,Food,6730.200000000001,Tuesday,September
2023-09-26,Product_3,542.58,22,54.49,Toys,11936.76,Tuesday,September
2023-09-27,Product_4,584.07,34,67.78,Books,19858.38,Wednesday,September
2023-09-27,Product_3,566.55,23,68.7,Books,13030.65,Wednesday,September
2023-09-27,Product_1,517.39,11,47.66,Food,5691.29,Wednesday,September
2023-09-27,Product_2,589.59,13,85.5,Electronics,7664.67,Wednesday,September
2023-09-28,Product_3,551.25,22,97.12,Electronics,12127.5,Thursday,September
2023-09-28,Product_4,596.09,35,87.84,Clothing,20863.15,Thursday,September
2023-09-28,Product_1,588.99,13,62.83,Electronics,7656.87,Thursday,September
2023-09-28,Product_2,681.88,15,73.33,Electronics,10228.2,Thursday,September
2023-09-29,Product_3,561.09,22,79.7,Electronics,12343.98,Friday,September
2023-09-29,Product_4,587.29,34,92.77,Food,19967.86,Friday,September
2023-09-29,Product_1,540.62,11,74.09,Electronics,5946.82,Friday,September
2023-09-29,Product_2,681.95,15,44.3,Food,10229.25,Friday,September
2023-09-30,Product_3,562.67,22,81.96,Books,12378.74,Saturday,September
2023-09-30,Product_2,626.97,14,31.64,Books,8777.58,Saturday,September
2023-09-30,Product_1,532.36,11,70.2,Food,5855.96,Saturday,September
2023-09-30,Product_4,612.28,36,48.12,Toys,22042.08,Saturday,September
2023-10-01,Product_2,645.62,14,82.27,Books,9038.68,Sunday,October
2023-10-01,Product_1,496.5,10,26.51,Toys,4965.0,Sunday,October
2023-10-01,Product_3,481.11,19,52.0,Clothing,9141.09,Sunday,October
2023-10-01,Product_4,606.76,36,86.02,Electronics,21843.36,Sunday,October
2023-10-02,Product_1,448.61,9,46.58,Books,4037.49,Monday,October
2023-10-02,Product_4,568.87,33,62.35,Electronics,18772.71,Monday,October
2023-10-02,Product_3,466.77,19,73.25,Books,8868.63,Monday,October
2023-10-02,Product_2,567.7,12,74.35,Toys,6812.400000000001,Monday,October
2023-10-03,Product_4,631.5,37,96.49,Toys,23365.5,Tuesday,October
2023-10-03,Product_3,486.17,19,67.75,Electronics,9237.23,Tuesday,October
2023-10-03,Product_1,555.31,12,31.02,Books,6663.719999999999,Tuesday,October
2023-10-03,Product_2,583.26,13,57.8,Clothing,7582.38,Tuesday,October
2023-10-04,Product_3,556.78,22,24.44,Books,12249.16,Wednesday,October
2023-10-04,Product_5,185.15,4,61.79,Toys,740.6,Wednesday,October
2023-10-04,Product_1,480.59,10,71.99,Toys,4805.9,Wednesday,October
2023-10-04,Product_2,636.39,14,63.17,Electronics,8909.46,Wednesday,October
2023-10-04,Product_4,547.58,32,61.39,Books,17522.56,Wednesday,October
2023-10-05,Product_2,606.62,13,77.25,Electronics,7886.06,Thursday,October
2023-10-05,Product_3,562.01,22,45.62,Electronics,12364.22,Thursday,October
2023-10-05,Product_4,590.38,35,76.39,Electronics,20663.3,Thursday,October
2023-10-05,Product_1,695.13,15,46.4,Toys,10426.95,Thursday,October
2023-10-06,Product_2,672.37,15,64.34,Clothing,10085.55,Friday,October
2023-10-06,Product_5,175.62,3,55.77,Clothing,526.86,Friday,October
2023-10-06,Product_3,556.06,22,83.35,Electronics,12233.32,Friday,October
2023-10-06,Product_4,560.63,33,66.15,Clothing,18500.79,Friday,October
2023-10-06,Product_1,537.54,11,84.32,Electronics,5912.94,Friday,October
2023-10-07,Product_4,633.31,37,75.98,Electronics,23432.47,Saturday,October
2023-10-07,Product_3,557.88,22,55.43,Toys,12273.36,Saturday,October
2023-10-07,Product_1,498.82,11,34.53,Food,5487.02,Saturday,October
2023-10-07,Product_2,646.09,14,88.51,Electronics,9045.26,Saturday,October
2023-10-08,Product_1,520.12,11,80.46,Electronics,5721.32,Sunday,October
2023-10-08,Product_4,567.62,33,71.29,Food,18731.46,Sunday,October
2023-10-08,Product_3,546.99,22,56.49,Electronics,12033.78,Sunday,October
2023-10-08,Product_2,578.04,12,34.72,Food,6936.48,Sunday,October
2023-10-09,Product_4,569.06,33,41.01,Food,18778.98,Monday,October
2023-10-09,Product_2,610.15,13,58.61,Clothing,7931.95,Monday,October
2023-10-09,Product_3,443.36,18,75.22,Toys,7980.48,Monday,October
2023-10-09,Product_1,490.37,10,29.6,Toys,4903.7,Monday,October
2023-10-10,Product_2,633.11,14,54.17,Food,8863.54,Tuesday,October
2023-10-10,Product_3,558.69,22,53.28,Food,12291.18,Tuesday,October
2023-10-10,Product_4,612.23,36,44.61,Food,22040.28,Tuesday,October
2023-10-10,Product_1,547.41,12,73.42,Clothing,6568.92,Tuesday,October
2023-10-11,Product_2,619.87,13,85.47,Food,8058.31,Wednesday,October
2023-10-11,Product_3,513.19,20,79.2,Books,10263.8,Wednesday,October
2023-10-11,Product_4,562.23,33,32.61,Books,18553.59,Wednesday,October
2023-10-11,Product_1,574.38,12,29.31,Books,6892.56,Wednesday,October
2023-10-12,Product_1,492.96,10,77.73,Books,4929.599999999999,Thursday,October
2023-10-12,Product_3,511.28,20,63.69,Electronics,10225.6,Thursday,October
2023-10-12,Product_4,612.1,36,99.73,Electronics,22035.6,Thursday,October
2023-10-12,Product_2,611.8,13,60.86,Books,7953.4,Thursday,October
2023-10-13,Product_4,644.61,38,68.16,Toys,24495.18,Friday,October
2023-10-13,Product_3,513.62,20,62.37,Food,10272.4,Friday,October
2023-10-13,Product_1,505.85,11,48.68,Toys,5564.35,Friday,October
2023-10-13,Product_2,654.07,14,99.3,Books,9156.98,Friday,October
2023-10-14,Product_2,624.86,13,76.68,Clothing,8123.18,Saturday,October
2023-10-14,Product_4,551.92,32,69.97,Electronics,17661.44,Saturday,October
2023-10-14,Product_1,503.11,11,60.03,Clothing,5534.21,Saturday,October
2023-10-14,Product_3,492.81,20,32.65,Books,9856.2,Saturday,October
2023-10-15,Product_3,505.96,20,61.86,Electronics,10119.2,Sunday,October
2023-10-15,Product_2,588.32,13,21.54,Books,7648.160000000001,Sunday,October
2023-10-15,Product_1,536.61,11,98.56,Books,5902.71,Sunday,October
2023-10-15,Product_4,628.96,37,21.67,Food,23271.52,Sunday,October
2023-10-16,Product_2,623.53,13,36.53,Clothing,8105.889999999999,Monday,October
2023-10-16,Product_1,509.53,11,28.04,Food,5604.83,Monday,October
2023-10-16,Product_3,486.63,19,26.12,Books,9245.97,Monday,October
2023-10-16,Product_4,595.95,35,51.38,Food,20858.25,Monday,October
2023-10-17,Product_4,562.18,33,75.05,Electronics,18551.94,Tuesday,October
2023-10-17,Product_3,563.38,22,75.16,Clothing,12394.36,Tuesday,October
2023-10-17,Product_1,466.6,10,33.45,Food,4666.0,Tuesday,October
2023-10-17,Product_2,665.45,14,70.98,Books,9316.3,Tuesday,October
2023-10-18,Product_4,628.61,37,32.36,Books,23258.57,Wednesday,October
2023-10-18,Product_2,696.4,15,98.97,Books,10446.0,Wednesday,October
2023-10-18,Product_3,552.97,22,37.41,Books,12165.34,Wednesday,October
2023-10-18,Product_1,525.43,11,21.04,Electronics,5779.73,Wednesday,October
2023-10-19,Product_1,525.7,11,33.82,Food,5782.700000000001,Thursday,October
2023-10-19,Product_3,547.69,22,67.64,Clothing,12049.18,Thursday,October
2023-10-19,Product_4,626.1,37,89.51,Clothing,23165.7,Thursday,October
2023-10-19,Product_2,701.92,15,37.66,Toys,10528.8,Thursday,October
2023-10-20,Product_3,576.36,23,76.47,Books,13256.28,Friday,October
2023-10-20,Product_4,635.08,37,69.78,Food,23497.960000000003,Friday,October
2023-10-20,Product_2,638.55,14,65.1,Electronics,8939.699999999999,Friday,October
2023-10-20,Product_5,199.99,4,47.56,Clothing,799.96,Friday,October
2023-10-20,Product_1,584.49,12,94.43,Electronics,7013.88,Friday,October
2023-10-21,Product_4,619.85,36,68.43,Toys,22314.6,Saturday,October
2023-10-21,Product_1,546.38,12,74.94,Food,6556.56,Saturday,October
2023-10-21,Product_3,552.07,22,81.46,Food,12145.54,Saturday,October
2023-10-21,Product_2,617.16,13,83.4,Books,8023.08,Saturday,October
2023-10-22,Product_1,568.67,12,58.01,Books,6824.039999999999,Sunday,October
2023-10-22,Product_2,686.66,15,80.02,Toys,10299.9,Sunday,October
2023-10-22,Product_4,582.61,34,35.18,Toys,19808.74,Sunday,October
2023-10-22,Product_3,498.72,20,23.62,Electronics,9974.4,Sunday,October
2023-10-23,Product_1,538.9,11,29.57,Food,5927.9,Monday,October
2023-10-23,Product_4,619.05,36,30.22,Books,22285.8,Monday,October
2023-10-23,Product_3,559.41,22,45.24,Books,12307.02,Monday,October
2023-10-23,Product_2,620.32,13,33.26,Electronics,8064.160000000001,Monday,October
2023-10-24,Product_1,524.61,11,82.95,Food,5770.71,Tuesday,October
2023-10-24,Product_2,640.05,14,92.18,Books,8960.699999999999,Tuesday,October
2023-10-24,Product_4,636.74,37,36.46,Books,23559.38,Tuesday,October
2023-10-24,Product_3,539.91,21,29.78,Electronics,11338.11,Tuesday,October
2023-10-25,Product_3,616.22,25,49.46,Food,15405.5,Wednesday,October
2023-10-25,Product_1,570.34,12,36.52,Food,6844.08,Wednesday,October
2023-10-25,Product_4,620.0,36,30.7,Books,22320.0,Wednesday,October
2023-10-25,Product_2,643.73,14,69.1,Electronics,9012.22,Wednesday,October
2023-10-26,Product_1,578.82,12,48.98,Clothing,6945.84,Thursday,October
2023-10-26,Product_4,600.7,35,97.48,Food,21024.5,Thursday,October
2023-10-26,Product_3,559.67,22,52.46,Books,12312.74,Thursday,October
2023-10-26,Product_2,658.17,14,67.62,Clothing,9214.38,Thursday,October
2023-10-27,Product_2,680.49,15,94.39,Electronics,10207.35,Friday,October
2023-10-27,Product_4,664.46,39,21.94,Books,25913.94,Friday,October
2023-10-27,Product_3,525.23,21,96.69,Clothing,11029.83,Friday,October
2023-10-27,Product_1,588.29,12,38.95,Books,7059.48,Friday,October
2023-10-28,Product_4,648.07,38,87.81,Food,24626.660000000003,Saturday,October
2023-10-28,Product_2,640.65,14,35.2,Clothing,8969.1,Saturday,October
2023-10-28,Product_3,633.51,25,72.04,Books,15837.75,Saturday,October
2023-10-28,Product_1,546.4,12,22.65,Books,6556.799999999999,Saturday,October
2023-10-29,Product_4,576.97,34,99.52,Food,19616.98,Sunday,October
2023-10-29,Product_3,566.5,23,83.91,Electronics,13029.5,Sunday,October
2023-10-29,Product_1,557.12,12,99.73,Toys,6685.4400000000005,Sunday,October
2023-10-29,Product_2,655.37,14,41.77,Books,9175.18,Sunday,October
2023-10-30,Product_2,636.45,14,52.0,Food,8910.300000000001,Monday,October
2023-10-30,Product_1,546.65,12,90.75,Electronics,6559.799999999999,Monday,October
2023-10-30,Product_3,584.62,23,80.47,Toys,13446.26,Monday,October
2023-10-30,Product_4,595.87,35,22.96,Toys,20855.45,Monday,October
2023-10-31,Product_4,643.12,38,97.68,Toys,24438.56,Tuesday,October
2023-10-31,Product_1,577.97,12,30.85,Electronics,6935.64,Tuesday,October
2023-10-31,Product_3,497.49,20,58.41,Electronics,9949.8,Tuesday,October
2023-10-31,Product_2,583.8,13,53.9,Food,7589.4,Tuesday,October
2023-11-01,Product_2,642.02,14,62.67,Electronics,8988.279999999999,Wednesday,November
2023-11-01,Product_3,554.1,22,46.09,Food,12190.2,Wednesday,November
2023-11-01,Product_4,587.6,34,36.88,Toys,19978.4,Wednesday,November
2023-11-01,Product_5,183.29,4,82.3,Food,733.16,Wednesday,November
2023-11-01,Product_1,580.72,12,25.63,Clothing,6968.64,Wednesday,November
2023-11-02,Product_3,504.39,20,49.29,Food,10087.8,Thursday,November
2023-11-02,Product_4,675.59,40,99.85,Toys,27023.6,Thursday,November
2023-11-02,Product_2,658.73,14,99.75,Toys,9222.22,Thursday,November
2023-11-02,Product_1,605.63,13,20.61,Clothing,7873.19,Thursday,November
2023-11-03,Product_1,529.57,11,98.31,Books,5825.27,Friday,November
2023-11-03,Product_2,685.93,15,98.7,Books,10288.95,Friday,November
2023-11-03,Product_4,627.28,37,93.38,Books,23209.36,Friday,November
2023-11-03,Product_5,183.28,4,94.35,Food,733.12,Friday,November
2023-11-03,Product_3,560.02,22,43.32,Electronics,12320.44,Friday,November
2023-11-04,Product_1,492.73,10,80.9,Toys,4927.3,Saturday,November
2023-11-04,Product_3,509.4,20,78.74,Electronics,10188.0,Saturday,November
2023-11-04,Product_4,635.62,37,37.46,Clothing,23517.94,Saturday,November
2023-11-04,Product_2,642.62,14,87.63,Toys,8996.68,Saturday,November
2023-11-05,Product_4,594.71,35,80.99,Toys,20814.85,Sunday,November
2023-11-05,Product_1,537.91,11,96.45,Electronics,5917.009999999999,Sunday,November
2023-11-05,Product_3,507.45,20,43.56,Books,10149.0,Sunday,November
2023-11-05,Product_2,681.86,15,71.33,Clothing,10227.9,Sunday,November
2023-11-06,Product_3,534.41,21,93.46,Books,11222.61,Monday,November
2023-11-06,Product_4,585.33,34,67.41,Clothing,19901.22,Monday,November
2023-11-06,Product_2,661.29,14,82.37,Electronics,9258.06,Monday,November
2023-11-06,Product_1,486.81,10,82.87,Food,4868.1,Monday,November
2023-11-07,Product_2,632.33,14,92.44,Electronics,8852.62,Tuesday,November
2023-11-07,Product_3,514.7,20,24.04,Toys,10294.0,Tuesday,November
2023-11-07,Product_4,595.31,35,30.71,Clothing,20835.85,Tuesday,November
2023-11-07,Product_1,505.66,11,36.46,Clothing,5562.26,Tuesday,November
2023-11-08,Product_2,683.97,15,68.16,Electronics,10259.55,Wednesday,November
2023-11-08,Product_1,570.95,12,24.6,Toys,6851.400000000001,Wednesday,November
2023-11-08,Product_3,482.04,19,63.95,Food,9158.76,Wednesday,November
2023-11-08,Product_4,593.53,35,44.14,Food,20773.55,Wednesday,November
2023-11-09,Product_3,594.46,24,64.1,Electronics,14267.04,Thursday,November
2023-11-09,Product_2,646.27,14,22.22,Toys,9047.78,Thursday,November
2023-11-09,Product_1,538.97,11,37.79,Toys,5928.67,Thursday,November
2023-11-09,Product_5,179.27,3,28.88,Clothing,537.8100000000001,Thursday,November
2023-11-09,Product_4,614.2,36,73.62,Food,22111.2,Thursday,November
2023-11-10,Product_1,506.62,11,52.78,Books,5572.82,Friday,November
2023-11-10,Product_3,507.0,20,40.02,Food,10140.0,Friday,November
2023-11-10,Product_4,630.95,37,80.95,Clothing,23345.15,Friday,November
2023-11-10,Product_2,654.31,14,68.39,Clothing,9160.34,Friday,November
2023-11-11,Product_3,550.08,22,77.13,Food,12101.76,Saturday,November
2023-11-11,Product_2,672.25,15,85.33,Clothing,10083.75,Saturday,November
2023-11-11,Product_1,529.6,11,99.44,Toys,5825.6,Saturday,November
2023-11-11,Product_4,644.17,38,92.8,Toys,24478.46,Saturday,November
2023-11-12,Product_1,554.49,12,83.08,Books,6653.88,Sunday,November
2023-11-12,Product_4,668.44,39,85.64,Toys,26069.160000000003,Sunday,November
2023-11-12,Product_2,700.42,15,28.46,Books,10506.3,Sunday,November
2023-11-12,Product_3,562.56,22,32.71,Food,12376.32,Sunday,November
2023-11-13,Product_1,525.22,11,53.31,Toys,5777.42,Monday,November
2023-11-13,Product_4,612.55,36,31.39,Food,22051.8,Monday,November
2023-11-13,Product_3,555.1,22,75.26,Food,12212.2,Monday,November
2023-11-13,Product_2,656.15,14,60.65,Books,9186.1,Monday,November
2023-11-14,Product_2,639.73,14,24.1,Toys,8956.220000000001,Tuesday,November
2023-11-14,Product_1,521.07,11,63.04,Electronics,5731.77,Tuesday,November
2023-11-14,Product_3,501.23,20,96.61,Toys,10024.6,Tuesday,November
2023-11-14,Product_4,619.03,36,35.8,Toys,22285.08,Tuesday,November
2023-11-15,Product_2,646.73,14,62.59,Food,9054.22,Wednesday,November
2023-11-15,Product_4,625.86,37,84.04,Books,23156.82,Wednesday,November
2023-11-15,Product_1,547.03,12,45.69,Electronics,6564.36,Wednesday,November
2023-11-15,Product_3,525.66,21,72.33,Electronics,11038.86,Wednesday,November
2023-11-16,Product_5,200.72,4,82.64,Electronics,802.88,Thursday,November
2023-11-16,Product_4,624.7,37,79.37,Books,23113.9,Thursday,November
2023-11-16,Product_2,670.4,15,28.95,Clothing,10056.0,Thursday,November
2023-11-16,Product_3,558.69,22,76.37,Electronics,12291.18,Thursday,November
2023-11-16,Product_1,621.01,13,48.36,Books,8073.13,Thursday,November
2023-11-17,Product_2,681.96,15,49.34,Clothing,10229.4,Friday,November
2023-11-17,Product_4,670.84,39,29.26,Toys,26162.76,Friday,November
2023-11-17,Product_1,569.03,12,22.32,Electronics,6828.36,Friday,November
2023-11-17,Product_3,515.46,20,83.12,Electronics,10309.2,Friday,November
2023-11-18,Product_3,487.69,19,95.12,Clothing,9266.11,Saturday,November
2023-11-18,Product_2,719.33,16,51.84,Food,11509.28,Saturday,November
2023-11-18,Product_4,641.8,38,51.97,Food,24388.4,Saturday,November
2023-11-18,Product_1,561.42,12,61.82,Electronics,6737.039999999999,Saturday,November
2023-11-19,Product_4,623.44,37,24.84,Clothing,23067.28,Sunday,November
2023-11-19,Product_1,570.44,12,39.64,Toys,6845.280000000001,Sunday,November
2023-11-19,Product_3,551.66,22,82.91,Electronics,12136.52,Sunday,November
2023-11-19,Product_2,645.44,14,64.36,Toys,9036.16,Sunday,November
2023-11-20,Product_1,555.63,12,91.77,Clothing,6667.56,Monday,November
2023-11-20,Product_4,603.08,35,79.91,Electronics,21107.800000000003,Monday,November
2023-11-20,Product_2,619.18,13,90.07,Electronics,8049.339999999999,Monday,November
2023-11-20,Product_3,547.8,22,46.74,Food,12051.6,Monday,November
2023-11-21,Product_3,546.72,22,46.46,Books,12027.84,Tuesday,November
2023-11-21,Product_1,572.45,12,37.3,Toys,6869.400000000001,Tuesday,November
2023-11-21,Product_4,629.5,37,41.01,Books,23291.5,Tuesday,November
2023-11-21,Product_2,638.99,14,43.37,Toys,8945.86,Tuesday,November
2023-11-22,Product_1,571.51,12,26.19,Books,6858.12,Wednesday,November
2023-11-22,Product_2,638.34,14,29.08,Food,8936.76,Wednesday,November
2023-11-22,Product_3,546.94,22,38.02,Food,12032.68,Wednesday,November
2023-11-22,Product_4,646.45,38,35.63,Electronics,24565.1,Wednesday,November
2023-11-23,Product_1,630.49,13,88.88,Clothing,8196.37,Thursday,November
2023-11-23,Product_3,579.33,23,68.76,Books,13324.59,Thursday,November
2023-11-23,Product_5,201.92,4,79.65,Electronics,807.68,Thursday,November
2023-11-23,Product_4,654.21,38,35.06,Toys,24859.980000000003,Thursday,November
2023-11-23,Product_2,708.21,15,72.97,Food,10623.15,Thursday,November
2023-11-24,Product_2,633.04,14,59.19,Food,8862.56,Friday,November
2023-11-24,Product_1,547.38,12,27.26,Clothing,6568.56,Friday,November
2023-11-24,Product_3,580.88,23,88.37,Books,13360.24,Friday,November
2023-11-24,Product_5,188.96,4,68.04,Toys,755.84,Friday,November
2023-11-24,Product_4,621.33,36,39.33,Toys,22367.88,Friday,November
2023-11-25,Product_1,576.23,12,36.99,Toys,6914.76,Saturday,November
2023-11-25,Product_2,632.07,14,20.08,Electronics,8848.980000000001,Saturday,November
2023-11-25,Product_4,646.7,38,46.83,Books,24574.6,Saturday,November
2023-11-25,Product_3,624.65,25,71.09,Clothing,15616.25,Saturday,November
2023-11-26,Product_2,716.29,16,89.41,Books,11460.64,Sunday,November
2023-11-26,Product_1,549.08,12,31.43,Toys,6588.960000000001,Sunday,November
2023-11-26,Product_3,474.76,19,71.96,Toys,9020.44,Sunday,November
2023-11-26,Product_4,609.56,36,35.57,Books,21944.16,Sunday,November
2023-11-27,Product_1,554.99,12,29.51,Toys,6659.88,Monday,November
2023-11-27,Product_3,519.52,21,65.07,Books,10909.92,Monday,November
2023-11-27,Product_4,603.25,35,89.0,Electronics,21113.75,Monday,November
2023-11-27,Product_2,610.44,13,67.12,Clothing,7935.720000000001,Monday,November
2023-11-28,Product_2,671.38,15,40.25,Toys,10070.7,Tuesday,November
2023-11-28,Product_3,500.41,20,98.24,Books,10008.2,Tuesday,November
2023-11-28,Product_4,663.37,39,92.77,Food,25871.43,Tuesday,November
2023-11-28,Product_1,565.05,12,62.64,Books,6780.599999999999,Tuesday,November
2023-11-29,Product_3,544.98,22,60.18,Clothing,11989.56,Wednesday,November
2023-11-29,Product_1,554.28,12,39.65,Electronics,6651.36,Wednesday,November
2023-11-29,Product_2,635.22,14,81.25,Books,8893.08,Wednesday,November
2023-11-29,Product_4,642.14,38,23.67,Electronics,24401.32,Wednesday,November
2023-11-30,Product_3,568.84,23,85.87,Electronics,13083.320000000002,Thursday,November
2023-11-30,Product_1,585.2,12,48.53,Clothing,7022.400000000001,Thursday,November
2023-11-30,Product_2,687.33,15,86.37,Food,10309.95,Thursday,November
2023-11-30,Product_4,665.53,39,48.15,Toys,25955.67,Thursday,November
2023-12-01,Product_4,694.62,41,93.61,Food,28479.42,Friday,December
2023-12-01,Product_3,602.89,24,46.55,Books,14469.36,Friday,December
2023-12-01,Product_2,658.04,14,34.1,Food,9212.56,Friday,December
2023-12-01,Product_1,536.07,11,34.67,Books,5896.77,Friday,December
2023-12-02,Product_3,548.07,22,92.45,Clothing,12057.54,Saturday,December
2023-12-02,Product_4,637.85,37,79.85,Electronics,23600.45,Saturday,December
2023-12-02,Product_2,713.25,15,21.78,Toys,10698.75,Saturday,December
2023-12-02,Product_1,577.56,12,49.99,Toys,6930.719999999999,Saturday,December
2023-12-03,Product_2,691.08,15,85.71,Clothing,10366.2,Sunday,December
2023-12-03,Product_1,594.42,13,50.94,Books,7727.459999999999,Sunday,December
2023-12-03,Product_3,585.0,23,46.57,Clothing,13455.0,Sunday,December
2023-12-03,Product_4,606.02,36,51.89,Food,21816.72,Sunday,December
2023-12-04,Product_4,650.63,38,71.51,Clothing,24723.94,Monday,December
2023-12-04,Product_3,564.38,22,69.93,Electronics,12416.36,Monday,December
2023-12-04,Product_1,528.48,11,91.76,Electronics,5813.280000000001,Monday,December
2023-12-04,Product_2,666.01,14,92.13,Clothing,9324.14,Monday,December
2023-12-05,Product_4,590.45,35,63.77,Clothing,20665.75,Tuesday,December
2023-12-05,Product_3,527.1,21,99.59,Toys,11069.1,Tuesday,December
2023-12-05,Product_2,691.09,15,80.55,Food,10366.35,Tuesday,December
2023-12-05,Product_1,716.02,15,38.7,Food,10740.3,Tuesday,December
2023-12-06,Product_2,666.85,14,29.04,Books,9335.9,Wednesday,December
2023-12-06,Product_1,546.74,12,74.58,Clothing,6560.88,Wednesday,December
2023-12-06,Product_3,580.94,23,68.66,Food,13361.62,Wednesday,December
2023-12-06,Product_4,613.76,36,37.36,Clothing,22095.36,Wednesday,December
2023-12-07,Product_2,658.99,14,95.98,Clothing,9225.86,Thursday,December
2023-12-07,Product_1,563.63,12,94.32,Books,6763.56,Thursday,December
2023-12-07,Product_3,566.33,23,60.72,Toys,13025.59,Thursday,December
2023-12-07,Product_4,682.99,40,66.49,Food,27319.6,Thursday,December
2023-12-08,Product_2,729.1,16,39.06,Clothing,11665.6,Friday,December
2023-12-08,Product_3,581.89,23,49.44,Electronics,13383.47,Friday,December
2023-12-08,Product_1,568.68,12,82.66,Clothing,6824.16,Friday,December
2023-12-08,Product_4,684.27,40,93.54,Food,27370.8,Friday,December
2023-12-09,Product_2,665.0,14,38.68,Toys,9310.0,Saturday,December
2023-12-09,Product_1,530.69,11,64.4,Food,5837.59,Saturday,December
2023-12-09,Product_4,640.9,38,85.26,Toys,24354.2,Saturday,December
2023-12-09,Product_3,606.83,24,24.87,Food,14563.920000000002,Saturday,December
2023-12-10,Product_2,682.57,15,64.55,Clothing,10238.55,Sunday,December
2023-12-10,Product_1,592.28,13,85.94,Clothing,7699.639999999999,Sunday,December
2023-12-10,Product_4,611.16,36,49.66,Books,22001.76,Sunday,December
2023-12-10,Product_3,525.8,21,99.39,Clothing,11041.8,Sunday,December
2023-12-11,Product_2,635.25,14,93.51,Clothing,8893.5,Monday,December
2023-12-11,Product_4,627.75,37,72.33,Electronics,23226.75,Monday,December
2023-12-11,Product_1,556.9,12,39.5,Clothing,6682.799999999999,Monday,December
2023-12-11,Product_3,539.87,21,79.58,Toys,11337.27,Monday,December
2023-12-12,Product_3,515.55,20,88.66,Books,10311.0,Tuesday,December
2023-12-12,Product_4,626.69,37,78.88,Electronics,23187.53,Tuesday,December
2023-12-12,Product_2,669.64,15,20.75,Clothing,10044.6,Tuesday,December
2023-12-12,Product_1,563.61,12,65.39,Toys,6763.32,Tuesday,December
2023-12-13,Product_3,559.47,22,28.18,Clothing,12308.34,Wednesday,December
2023-12-13,Product_4,643.76,38,77.53,Toys,24462.88,Wednesday,December
2023-12-13,Product_1,564.17,12,32.77,Clothing,6770.039999999999,Wednesday,December
2023-12-13,Product_2,699.41,15,21.5,Clothing,10491.15,Wednesday,December
2023-12-14,Product_1,603.17,13,30.91,Food,7841.209999999999,Thursday,December
2023-12-14,Product_4,673.82,40,98.28,Books,26952.800000000003,Thursday,December
2023-12-14,Product_2,678.16,15,28.53,Electronics,10172.4,Thursday,December
2023-12-14,Product_5,222.44,4,25.3,Books,889.76,Thursday,December
2023-12-14,Product_3,605.36,24,24.98,Electronics,14528.64,Thursday,December
2023-12-15,Product_3,595.57,24,97.08,Food,14293.68,Friday,December
2023-12-15,Product_1,606.56,13,45.92,Food,7885.279999999999,Friday,December
2023-12-15,Product_2,756.43,16,62.16,Clothing,12102.88,Friday,December
2023-12-15,Product_5,176.65,3,40.29,Electronics,529.95,Friday,December
2023-12-15,Product_4,661.93,39,63.95,Clothing,25815.27,Friday,December
2023-12-16,Product_1,589.36,13,51.78,Food,7661.68,Saturday,December
2023-12-16,Product_3,580.3,23,28.7,Clothing,13346.9,Saturday,December
2023-12-16,Product_2,700.83,15,63.08,Clothing,10512.45,Saturday,December
2023-12-16,Product_4,695.09,41,28.63,Clothing,28498.69,Saturday,December
2023-12-17,Product_1,548.93,12,29.22,Books,6587.16,Sunday,December
2023-12-17,Product_3,615.42,25,71.81,Toys,15385.499999999998,Sunday,December
2023-12-17,Product_4,624.5,37,69.48,Electronics,23106.5,Sunday,December
2023-12-17,Product_2,627.68,14,71.77,Clothing,8787.519999999999,Sunday,December
2023-12-18,Product_1,660.23,14,28.85,Electronics,9243.22,Monday,December
2023-12-18,Product_2,644.39,14,21.05,Food,9021.46,Monday,December
2023-12-18,Product_4,598.32,35,67.39,Electronics,20941.2,Monday,December
2023-12-18,Product_3,538.2,21,73.88,Electronics,11302.2,Monday,December
2023-12-19,Product_1,608.27,13,56.89,Food,7907.51,Tuesday,December
2023-12-19,Product_2,695.64,15,30.09,Electronics,10434.6,Tuesday,December
2023-12-19,Product_4,714.62,42,36.01,Clothing,30014.04,Tuesday,December
2023-12-19,Product_3,530.8,21,25.1,Clothing,11146.8,Tuesday,December
2023-12-20,Product_1,557.83,12,80.93,Books,6693.960000000001,Wednesday,December
2023-12-20,Product_3,567.46,23,67.29,Electronics,13051.580000000002,Wednesday,December
2023-12-20,Product_2,640.19,14,90.25,Clothing,8962.66,Wednesday,December
2023-12-20,Product_4,673.53,40,55.19,Clothing,26941.2,Wednesday,December
2023-12-21,Product_3,542.82,22,88.84,Electronics,11942.04,Thursday,December
2023-12-21,Product_1,632.25,13,85.29,Books,8219.25,Thursday,December
2023-12-21,Product_2,725.19,16,65.52,Clothing,11603.04,Thursday,December
2023-12-21,Product_4,656.32,39,80.8,Toys,25596.480000000003,Thursday,December
2023-12-22,Product_2,711.39,15,69.29,Clothing,10670.85,Friday,December
2023-12-22,Product_3,659.62,26,86.68,Toys,17150.12,Friday,December
2023-12-22,Product_4,704.22,41,73.57,Books,28873.02,Friday,December
2023-12-22,Product_1,629.32,13,22.64,Clothing,8181.160000000001,Friday,December
2023-12-22,Product_5,255.65,5,26.37,Toys,1278.25,Friday,December
2023-12-23,Product_2,672.03,15,84.32,Electronics,10080.45,Saturday,December
2023-12-23,Product_3,554.06,22,27.99,Food,12189.32,Saturday,December
2023-12-23,Product_4,657.62,39,37.49,Food,25647.18,Saturday,December
2023-12-23,Product_1,622.92,13,44.46,Clothing,8097.959999999999,Saturday,December
2023-12-24,Product_1,571.84,12,31.31,Electronics,6862.08,Sunday,December
2023-12-24,Product_2,645.61,14,59.38,Clothing,9038.54,Sunday,December
2023-12-24,Product_3,606.32,24,87.86,Books,14551.68,Sunday,December
2023-12-24,Product_4,662.8,39,77.86,Books,25849.2,Sunday,December
2023-12-25,Product_3,578.66,23,25.12,Food,13309.179999999998,Monday,December
2023-12-25,Product_2,686.69,15,95.03,Toys,10300.35,Monday,December
2023-12-25,Product_4,575.09,34,78.51,Books,19553.06,Monday,December
2023-12-25,Product_1,539.99,11,97.15,Books,5939.89,Monday,December
2023-12-26,Product_1,554.36,12,98.0,Electronics,6652.32,Tuesday,December
2023-12-26,Product_4,673.22,40,75.71,Electronics,26928.800000000003,Tuesday,December
2023-12-26,Product_3,592.75,24,42.88,Books,14226.0,Tuesday,December
2023-12-26,Product_2,740.43,16,65.66,Electronics,11846.88,Tuesday,December
2023-12-27,Product_3,514.65,20,41.1,Electronics,10293.0,Wednesday,December
2023-12-27,Product_1,594.63,13,63.93,Books,7730.19,Wednesday,December
2023-12-27,Product_5,198.97,4,71.34,Toys,795.88,Wednesday,December
2023-12-27,Product_4,631.29,37,39.9,Books,23357.73,Wednesday,December
2023-12-27,Product_2,687.28,15,77.15,Toys,10309.2,Wednesday,December
2023-12-28,Product_5,175.5,3,96.64,Toys,526.5,Thursday,December
2023-12-28,Product_3,669.16,27,70.18,Food,18067.32,Thursday,December
2023-12-28,Product_4,669.99,39,47.64,Books,26129.61,Thursday,December
2023-12-28,Product_1,578.53,12,35.28,Toys,6942.36,Thursday,December
2023-12-28,Product_2,729.52,16,85.65,Books,11672.32,Thursday,December
2023-12-29,Product_2,661.74,14,23.01,Toys,9264.36,Friday,December
2023-12-29,Product_5,192.73,4,52.76,Clothing,770.92,Friday,December
2023-12-29,Product_1,549.86,12,64.67,Food,6598.32,Friday,December
2023-12-29,Product_4,698.59,41,64.07,Food,28642.19,Friday,December
2023-12-29,Product_3,583.86,23,68.66,Food,13428.78,Friday,December
2023-12-30,Product_4,642.69,38,33.19,Books,24422.22,Saturday,December
2023-12-30,Product_3,566.12,23,49.64,Clothing,13020.76,Saturday,December
2023-12-30,Product_1,635.32,14,92.1,Books,8894.480000000001,Saturday,December
2023-12-30,Product_2,653.09,14,28.92,Clothing,9143.26,Saturday,December
2023-12-31,Product_2,726.83,16,85.59,Toys,11629.28,Sunday,December
2023-12-31,Product_3,552.79,22,74.03,Toys,12161.38,Sunday,December
2023-12-31,Product_1,606.28,13,57.08,Books,7881.639999999999,Sunday,December
2023-12-31,Product_4,653.69,38,22.07,Toys,24840.22,Sunday,December
2024-01-01,Product_4,585.71,34,52.7,Electronics,19914.14,Monday,January
2024-01-01,Product_2,711.11,15,90.67,Clothing,10666.65,Monday,January
2024-01-01,Product_1,581.0,12,33.16,Electronics,6972.0,Monday,January
2024-01-01,Product_3,602.56,24,34.23,Food,14461.44,Monday,January
2024-01-02,Product_2,829.85,18,69.59,Books,14937.3,Tuesday,January
2024-01-02,Product_1,559.22,12,49.69,Food,6710.64,Tuesday,January
2024-01-02,Product_3,576.58,23,96.05,Books,13261.34,Tuesday,January
2024-01-02,Product_4,701.39,41,61.15,Electronics,28756.99,Tuesday,January
2024-01-03,Product_2,664.72,14,42.23,Electronics,9306.08,Wednesday,January
2024-01-03,Product_4,637.16,37,71.05,Electronics,23574.92,Wednesday,January
2024-01-03,Product_3,590.49,24,47.9,Electronics,14171.76,Wednesday,January
2024-01-03,Product_1,641.91,14,50.15,Food,8986.74,Wednesday,January
2024-01-04,Product_3,592.95,24,39.65,Books,14230.8,Thursday,January
2024-01-04,Product_4,714.92,42,32.29,Electronics,30026.64,Thursday,January
2024-01-04,Product_1,625.8,13,82.99,Electronics,8135.4,Thursday,January
2024-01-04,Product_2,749.4,16,80.5,Books,11990.4,Thursday,January
2024-01-05,Product_2,699.06,15,73.43,Books,10485.9,Friday,January
2024-01-05,Product_4,700.31,41,32.93,Clothing,28712.71,Friday,January
2024-01-05,Product_1,587.57,12,57.09,Clothing,7050.84,Friday,January
2024-01-05,Product_3,586.94,23,77.08,Clothing,13499.62,Friday,January
2024-01-05,Product_5,209.84,4,85.16,Electronics,839.36,Friday,January
2024-01-06,Product_2,765.54,17,67.1,Food,13014.18,Saturday,January
2024-01-06,Product_4,708.27,42,73.84,Food,29747.34,Saturday,January
2024-01-06,Product_1,569.45,12,21.29,Books,6833.400000000001,Saturday,January
2024-01-06,Product_3,646.61,26,46.3,Toys,16811.86,Saturday,January
2024-01-07,Product_2,693.73,15,88.6,Books,10405.95,Sunday,January
2024-01-07,Product_1,580.61,12,21.79,Books,6967.32,Sunday,January
2024-01-07,Product_3,601.17,24,42.59,Electronics,14428.079999999998,Sunday,January
2024-01-07,Product_5,185.67,4,20.67,Food,742.68,Sunday,January
2024-01-07,Product_4,656.29,39,36.93,Food,25595.31,Sunday,January
2024-01-08,Product_2,672.5,15,51.71,Clothing,10087.5,Monday,January
2024-01-08,Product_1,614.69,13,60.9,Books,7990.970000000001,Monday,January
2024-01-08,Product_4,641.56,38,44.8,Clothing,24379.28,Monday,January
2024-01-08,Product_3,577.27,23,21.42,Clothing,13277.21,Monday,January
2024-01-09,Product_2,694.66,15,89.87,Toys,10419.9,Tuesday,January
2024-01-09,Product_1,620.15,13,33.89,Clothing,8061.95,Tuesday,January
2024-01-09,Product_4,684.98,40,37.83,Electronics,27399.2,Tuesday,January
2024-01-09,Product_3,528.48,21,66.69,Books,11098.08,Tuesday,January
2024-01-10,Product_4,685.32,40,89.66,Clothing,27412.800000000003,Wednesday,January
2024-01-10,Product_1,564.04,12,72.14,Toys,6768.48,Wednesday,January
2024-01-10,Product_3,588.85,23,97.77,Toys,13543.55,Wednesday,January
2024-01-10,Product_5,184.0,4,42.44,Clothing,736.0,Wednesday,January
2024-01-10,Product_2,720.13,16,49.3,Books,11522.08,Wednesday,January
2024-01-11,Product_1,579.98,12,99.3,Toys,6959.76,Thursday,January
2024-01-11,Product_4,710.92,42,39.24,Toys,29858.64,Thursday,January
2024-01-11,Product_3,607.58,24,66.42,Clothing,14581.920000000002,Thursday,January
2024-01-11,Product_2,732.97,16,89.0,Toys,11727.52,Thursday,January
2024-01-11,Product_5,197.82,4,72.2,Books,791.28,Thursday,January
2024-01-12,Product_2,723.75,16,49.94,Electronics,11580.0,Friday,January
2024-01-12,Product_1,656.32,14,53.19,Books,9188.48,Friday,January
2024-01-12,Product_5,203.73,4,75.83,Toys,814.92,Friday,January
2024-01-12,Product_3,585.51,23,31.71,Food,13466.73,Friday,January
2024-01-12,Product_4,709.83,42,62.69,Clothing,29812.86,Friday,January
2024-01-13,Product_2,715.8,16,41.89,Electronics,11452.8,Saturday,January
2024-01-13,Product_5,209.9,4,63.89,Electronics,839.6,Saturday,January
2024-01-13,Product_1,598.72,13,94.81,Food,7783.360000000001,Saturday,January
2024-01-13,Product_3,659.02,26,24.07,Books,17134.52,Saturday,January
2024-01-13,Product_4,700.78,41,88.08,Toys,28731.98,Saturday,January
2024-01-14,Product_1,625.16,13,89.87,Electronics,8127.08,Sunday,January
2024-01-14,Product_3,604.02,24,33.73,Electronics,14496.48,Sunday,January
2024-01-14,Product_2,698.8,15,69.05,Clothing,10482.0,Sunday,January
2024-01-14,Product_4,658.27,39,77.23,Clothing,25672.53,Sunday,January
2024-01-15,Product_2,694.3,15,70.24,Books,10414.5,Monday,January
2024-01-15,Product_3,569.98,23,84.56,Food,13109.54,Monday,January
2024-01-15,Product_4,698.66,41,96.27,Food,28645.06,Monday,January
2024-01-15,Product_1,612.0,13,87.42,Food,7956.0,Monday,January
2024-01-16,Product_5,211.14,4,56.21,Clothing,844.56,Tuesday,January
2024-01-16,Product_3,598.88,24,37.3,Food,14373.12,Tuesday,January
2024-01-16,Product_4,653.37,38,29.7,Food,24828.06,Tuesday,January
2024-01-16,Product_2,702.91,15,95.41,Electronics,10543.65,Tuesday,January
2024-01-16,Product_1,506.28,11,53.83,Toys,5569.08,Tuesday,January
2024-01-17,Product_3,604.62,24,84.96,Books,14510.88,Wednesday,January
2024-01-17,Product_4,653.55,38,79.51,Clothing,24834.9,Wednesday,January
2024-01-17,Product_1,595.51,13,65.66,Food,7741.63,Wednesday,January
2024-01-17,Product_2,713.65,15,64.19,Books,10704.75,Wednesday,January
2024-01-17,Product_5,178.4,3,52.48,Food,535.2,Wednesday,January
2024-01-18,Product_4,678.87,40,78.14,Clothing,27154.8,Thursday,January
2024-01-18,Product_3,601.47,24,30.96,Toys,14435.28,Thursday,January
2024-01-18,Product_2,744.3,16,94.64,Electronics,11908.8,Thursday,January
2024-01-18,Product_5,240.76,5,65.11,Clothing,1203.8,Thursday,January
2024-01-18,Product_1,644.89,14,82.61,Food,9028.46,Thursday,January
2024-01-19,Product_3,622.45,25,34.97,Toys,15561.250000000002,Friday,January
2024-01-19,Product_5,208.01,4,73.49,Books,832.04,Friday,January
2024-01-19,Product_4,662.59,39,83.67,Toys,25841.01,Friday,January
2024-01-19,Product_1,622.14,13,91.9,Food,8087.82,Friday,January
2024-01-19,Product_2,689.81,15,47.26,Toys,10347.15,Friday,January
2024-01-20,Product_2,709.22,15,73.5,Electronics,10638.3,Saturday,January
2024-01-20,Product_3,581.4,23,60.78,Books,13372.2,Saturday,January
2024-01-20,Product_1,603.3,13,78.12,Electronics,7842.9,Saturday,January
2024-01-20,Product_4,664.53,39,42.71,Food,25916.67,Saturday,January
2024-01-20,Product_5,208.58,4,39.41,Electronics,834.32,Saturday,January
2024-01-21,Product_3,612.65,24,55.76,Toys,14703.6,Sunday,January
2024-01-21,Product_1,605.28,13,41.08,Books,7868.639999999999,Sunday,January
2024-01-21,Product_4,653.83,38,66.74,Clothing,24845.54,Sunday,January
2024-01-21,Product_2,726.48,16,20.94,Electronics,11623.68,Sunday,January
2024-01-21,Product_5,188.63,4,99.37,Electronics,754.52,Sunday,January
2024-01-22,Product_1,624.54,13,30.96,Toys,8119.019999999999,Monday,January
2024-01-22,Product_5,250.01,5,47.09,Books,1250.05,Monday,January
2024-01-22,Product_2,641.98,14,60.43,Food,8987.720000000001,Monday,January
2024-01-22,Product_4,643.25,38,56.32,Food,24443.5,Monday,January
2024-01-22,Product_3,556.74,22,97.73,Toys,12248.28,Monday,January
2024-01-23,Product_2,721.13,16,41.82,Electronics,11538.08,Tuesday,January
2024-01-23,Product_5,204.13,4,90.56,Books,816.52,Tuesday,January
2024-01-23,Product_4,683.89,40,68.92,Toys,27355.6,Tuesday,January
2024-01-23,Product_1,611.61,13,48.04,Books,7950.93,Tuesday,January
2024-01-23,Product_3,545.0,22,71.15,Electronics,11990.0,Tuesday,January
2024-01-24,Product_1,672.67,14,78.17,Toys,9417.38,Wednesday,January
2024-01-24,Product_2,748.69,16,22.93,Clothing,11979.04,Wednesday,January
2024-01-24,Product_5,196.28,4,81.38,Electronics,785.12,Wednesday,January
2024-01-24,Product_4,743.3,44,40.6,Toys,32705.2,Wednesday,January
2024-01-24,Product_3,615.22,25,61.49,Electronics,15380.5,Wednesday,January
2024-01-25,Product_2,795.46,17,82.59,Books,13522.82,Thursday,January
2024-01-25,Product_1,644.74,14,69.98,Food,9026.36,Thursday,January
2024-01-25,Product_3,578.86,23,70.81,Clothing,13313.78,Thursday,January
2024-01-25,Product_5,219.52,4,97.59,Food,878.08,Thursday,January
2024-01-25,Product_4,649.63,38,95.49,Food,24685.94,Thursday,January
2024-01-26,Product_3,621.14,25,55.91,Clothing,15528.5,Friday,January
2024-01-26,Product_5,182.94,4,43.62,Toys,731.76,Friday,January
2024-01-26,Product_1,599.15,13,72.92,Food,7788.95,Friday,January
2024-01-26,Product_4,750.25,44,35.38,Books,33011.0,Friday,January
2024-01-26,Product_2,739.46,16,58.4,Toys,11831.36,Friday,January
2024-01-27,Product_5,203.6,4,93.55,Clothing,814.4,Saturday,January
2024-01-27,Product_1,636.76,14,92.64,Clothing,8914.64,Saturday,January
2024-01-27,Product_3,597.61,24,41.37,Food,14342.64,Saturday,January
2024-01-27,Product_2,714.8,16,87.89,Electronics,11436.8,Saturday,January
2024-01-27,Product_4,720.71,42,40.57,Books,30269.82,Saturday,January
2024-01-28,Product_2,721.28,16,20.98,Electronics,11540.48,Sunday,January
2024-01-28,Product_5,212.26,4,99.64,Toys,849.04,Sunday,January
2024-01-28,Product_4,728.27,43,62.26,Electronics,31315.61,Sunday,January
2024-01-28,Product_1,662.11,14,68.42,Books,9269.54,Sunday,January
2024-01-28,Product_3,594.59,24,63.33,Food,14270.16,Sunday,January
2024-01-29,Product_2,696.92,15,25.51,Clothing,10453.8,Monday,January
2024-01-29,Product_4,669.31,39,46.27,Food,26103.09,Monday,January
2024-01-29,Product_1,620.95,13,88.57,Books,8072.35,Monday,January
2024-01-29,Product_3,600.76,24,77.06,Clothing,14418.24,Monday,January
2024-01-30,Product_3,576.88,23,74.97,Clothing,13268.24,Tuesday,January
2024-01-30,Product_4,691.15,41,85.34,Clothing,28337.15,Tuesday,January
2024-01-30,Product_1,622.45,13,50.21,Food,8091.85,Tuesday,January
2024-01-30,Product_2,708.12,15,80.11,Electronics,10621.8,Tuesday,January
2024-01-31,Product_1,631.78,13,61.58,Food,8213.14,Wednesday,January
2024-01-31,Product_4,680.51,40,99.58,Books,27220.4,Wednesday,January
2024-01-31,Product_2,712.59,15,20.88,Electronics,10688.85,Wednesday,January
2024-01-31,Product_3,621.26,25,69.11,Clothing,15531.5,Wednesday,January
2024-02-01,Product_1,677.43,14,82.42,Books,9484.02,Thursday,February
2024-02-01,Product_2,748.99,16,23.59,Food,11983.84,Thursday,February
2024-02-01,Product_5,215.02,4,23.75,Toys,860.08,Thursday,February
2024-02-01,Product_4,714.2,42,61.52,Food,29996.4,Thursday,February
2024-02-01,Product_3,631.82,25,41.48,Electronics,15795.500000000002,Thursday,February
2024-02-02,Product_5,202.54,4,99.74,Electronics,810.16,Friday,February
2024-02-02,Product_4,694.8,41,54.74,Books,28486.8,Friday,February
2024-02-02,Product_1,658.04,14,46.01,Toys,9212.56,Friday,February
2024-02-02,Product_3,685.23,27,85.43,Books,18501.21,Friday,February
2024-02-02,Product_2,702.34,15,74.31,Food,10535.1,Friday,February
2024-02-03,Product_1,630.9,13,22.8,Electronics,8201.699999999999,Saturday,February
2024-02-03,Product_3,643.25,26,91.09,Electronics,16724.5,Saturday,February
2024-02-03,Product_5,202.98,4,20.33,Clothing,811.92,Saturday,February
2024-02-03,Product_2,674.35,15,39.61,Electronics,10115.25,Saturday,February
2024-02-03,Product_4,731.75,43,94.78,Toys,31465.25,Saturday,February
2024-02-04,Product_4,702.31,41,58.88,Food,28794.71,Sunday,February
2024-02-04,Product_3,608.19,24,53.93,Books,14596.56,Sunday,February
2024-02-04,Product_2,721.73,16,28.12,Electronics,11547.68,Sunday,February
2024-02-04,Product_1,607.92,13,65.53,Toys,7902.959999999999,Sunday,February
2024-02-05,Product_1,612.33,13,27.63,Books,7960.290000000001,Monday,February
2024-02-05,Product_3,631.78,25,67.03,Books,15794.5,Monday,February
2024-02-05,Product_4,655.24,38,85.6,Electronics,24899.12,Monday,February
2024-02-05,Product_2,704.48,15,55.36,Clothing,10567.2,Monday,February
2024-02-06,Product_4,728.0,43,57.13,Books,31304.0,Tuesday,February
2024-02-06,Product_2,745.85,16,65.18,Electronics,11933.6,Tuesday,February
2024-02-06,Product_3,613.86,24,53.97,Food,14732.64,Tuesday,February
2024-02-06,Product_1,579.41,12,36.22,Electronics,6952.92,Tuesday,February
2024-02-06,Product_5,180.51,3,50.75,Electronics,541.53,Tuesday,February
2024-02-07,Product_4,761.21,45,87.45,Clothing,34254.450000000004,Wednesday,February
2024-02-07,Product_3,617.73,25,78.62,Books,15443.25,Wednesday,February
2024-02-07,Product_5,181.97,3,68.89,Electronics,545.91,Wednesday,February
2024-02-07,Product_2,735.34,16,57.57,Food,11765.44,Wednesday,February
2024-02-07,Product_1,568.77,12,38.66,Books,6825.24,Wednesday,February
2024-02-08,Product_3,602.67,24,67.89,Toys,14464.079999999998,Thursday,February
2024-02-08,Product_5,175.16,3,71.35,Clothing,525.48,Thursday,February
2024-02-08,Product_2,727.96,16,24.0,Toys,11647.36,Thursday,February
2024-02-08,Product_4,768.92,45,92.53,Food,34601.4,Thursday,February
2024-02-08,Product_1,609.09,13,44.1,Clothing,7918.17,Thursday,February
2024-02-09,Product_2,760.77,17,84.95,Food,12933.09,Friday,February
2024-02-09,Product_1,650.23,14,78.79,Books,9103.22,Friday,February
2024-02-09,Product_3,683.5,27,61.12,Electronics,18454.5,Friday,February
2024-02-09,Product_4,704.08,41,31.95,Clothing,28867.28,Friday,February
2024-02-09,Product_5,204.26,4,57.49,Food,817.04,Friday,February
2024-02-10,Product_5,221.92,4,57.3,Toys,887.68,Saturday,February
2024-02-10,Product_4,694.36,41,56.58,Toys,28468.76,Saturday,February
2024-02-10,Product_1,620.34,13,42.09,Clothing,8064.42,Saturday,February
2024-02-10,Product_3,632.29,25,32.32,Toys,15807.25,Saturday,February
2024-02-10,Product_2,851.82,19,35.66,Food,16184.580000000002,Saturday,February
2024-02-11,Product_5,201.87,4,75.45,Books,807.48,Sunday,February
2024-02-11,Product_4,722.35,42,80.19,Books,30338.7,Sunday,February
2024-02-11,Product_3,612.52,24,72.95,Toys,14700.48,Sunday,February
2024-02-11,Product_1,643.05,14,59.46,Toys,9002.699999999999,Sunday,February
2024-02-11,Product_2,780.53,17,42.26,Toys,13269.01,Sunday,February
2024-02-12,Product_5,191.74,4,86.92,Electronics,766.96,Monday,February
2024-02-12,Product_4,660.72,39,63.31,Toys,25768.08,Monday,February
2024-02-12,Product_3,575.05,23,42.93,Clothing,13226.15,Monday,February
2024-02-12,Product_1,621.0,13,70.15,Books,8073.0,Monday,February
2024-02-12,Product_2,725.98,16,68.11,Clothing,11615.68,Monday,February
2024-02-13,Product_2,721.2,16,53.67,Clothing,11539.2,Tuesday,February
2024-02-13,Product_1,590.24,13,26.96,Toys,7673.12,Tuesday,February
2024-02-13,Product_4,692.19,41,31.91,Electronics,28379.79,Tuesday,February
2024-02-13,Product_3,641.52,26,71.92,Clothing,16679.52,Tuesday,February
2024-02-14,Product_1,641.2,14,40.51,Books,8976.800000000001,Wednesday,February
2024-02-14,Product_2,714.59,16,63.03,Clothing,11433.44,Wednesday,February
2024-02-14,Product_3,592.42,24,44.34,Toys,14218.079999999998,Wednesday,February
2024-02-14,Product_4,703.35,41,51.53,Clothing,28837.35,Wednesday,February
2024-02-14,Product_5,209.38,4,93.69,Electronics,837.52,Wednesday,February
2024-02-15,Product_4,702.14,41,99.43,Food,28787.74,Thursday,February
2024-02-15,Product_2,740.21,16,79.38,Toys,11843.36,Thursday,February
2024-02-15,Product_5,195.98,4,42.83,Books,783.92,Thursday,February
2024-02-15,Product_1,656.46,14,94.51,Books,9190.44,Thursday,February
2024-02-15,Product_3,658.07,26,52.2,Books,17109.82,Thursday,February
2024-02-16,Product_2,768.49,17,72.07,Toys,13064.33,Friday,February
2024-02-16,Product_5,245.99,5,76.02,Food,1229.95,Friday,February
2024-02-16,Product_1,650.45,14,25.49,Toys,9106.3,Friday,February
2024-02-16,Product_3,686.31,27,79.59,Electronics,18530.37,Friday,February
2024-02-16,Product_4,747.11,44,67.79,Food,32872.840000000004,Friday,February
2024-02-17,Product_5,200.56,4,26.03,Clothing,802.24,Saturday,February
2024-02-17,Product_1,615.04,13,63.5,Electronics,7995.519999999999,Saturday,February
2024-02-17,Product_4,744.0,44,84.53,Electronics,32736.0,Saturday,February
2024-02-17,Product_3,584.69,23,36.78,Food,13447.87,Saturday,February
2024-02-17,Product_2,720.66,16,77.86,Food,11530.56,Saturday,February
2024-02-18,Product_4,686.49,40,40.95,Food,27459.6,Sunday,February
2024-02-18,Product_1,632.18,13,56.33,Books,8218.34,Sunday,February
2024-02-18,Product_2,719.53,16,94.7,Clothing,11512.48,Sunday,February
2024-02-18,Product_5,175.22,3,31.84,Electronics,525.66,Sunday,February
2024-02-18,Product_3,624.17,25,81.47,Food,15604.249999999998,Sunday,February
2024-02-19,Product_4,696.36,41,99.85,Books,28550.76,Monday,February
2024-02-19,Product_1,596.02,13,86.61,Electronics,7748.26,Monday,February
2024-02-19,Product_2,778.56,17,81.35,Food,13235.52,Monday,February
2024-02-19,Product_3,556.87,22,95.93,Food,12251.14,Monday,February
2024-02-20,Product_4,740.94,44,49.28,Food,32601.36,Tuesday,February
2024-02-20,Product_1,619.0,13,71.13,Books,8047.0,Tuesday,February
2024-02-20,Product_5,223.2,4,83.08,Toys,892.8,Tuesday,February
2024-02-20,Product_2,729.58,16,43.12,Books,11673.28,Tuesday,February
2024-02-20,Product_3,611.9,24,68.91,Food,14685.6,Tuesday,February
2024-02-21,Product_1,584.28,12,50.57,Electronics,7011.36,Wednesday,February
2024-02-21,Product_5,201.04,4,48.75,Books,804.16,Wednesday,February
2024-02-21,Product_3,683.49,27,55.02,Toys,18454.23,Wednesday,February
2024-02-21,Product_2,747.79,16,91.49,Toys,11964.64,Wednesday,February
2024-02-21,Product_4,702.92,41,54.25,Clothing,28819.72,Wednesday,February
2024-02-22,Product_1,623.64,13,56.87,Toys,8107.32,Thursday,February
2024-02-22,Product_5,211.9,4,24.5,Food,847.6,Thursday,February
2024-02-22,Product_4,729.28,43,26.85,Books,31359.04,Thursday,February
2024-02-22,Product_3,617.1,25,80.76,Food,15427.5,Thursday,February
2024-02-22,Product_2,812.6,18,93.27,Toys,14626.8,Thursday,February
2024-02-23,Product_4,720.1,42,68.19,Food,30244.2,Friday,February
2024-02-23,Product_1,657.14,14,32.52,Toys,9199.96,Friday,February
2024-02-23,Product_5,211.16,4,73.02,Books,844.64,Friday,February
2024-02-23,Product_3,650.77,26,29.51,Electronics,16920.02,Friday,February
2024-02-23,Product_2,711.52,15,43.07,Electronics,10672.8,Friday,February
2024-02-24,Product_5,229.79,5,63.8,Electronics,1148.95,Saturday,February
2024-02-24,Product_2,735.37,16,90.55,Books,11765.92,Saturday,February
2024-02-24,Product_4,683.52,40,22.3,Toys,27340.8,Saturday,February
2024-02-24,Product_1,656.98,14,37.37,Toys,9197.72,Saturday,February
2024-02-24,Product_3,597.43,24,32.98,Clothing,14338.32,Saturday,February
2024-02-25,Product_3,637.08,25,85.62,Electronics,15927.000000000002,Sunday,February
2024-02-25,Product_5,202.0,4,36.56,Food,808.0,Sunday,February
2024-02-25,Product_2,732.92,16,65.61,Clothing,11726.72,Sunday,February
2024-02-25,Product_4,728.07,43,30.67,Electronics,31307.01,Sunday,February
2024-02-25,Product_1,609.46,13,29.77,Electronics,7922.98,Sunday,February
2024-02-26,Product_1,607.5,13,39.81,Books,7897.5,Monday,February
2024-02-26,Product_5,206.51,4,53.58,Clothing,826.04,Monday,February
2024-02-26,Product_4,677.73,40,45.03,Clothing,27109.2,Monday,February
2024-02-26,Product_3,675.0,27,96.25,Books,18225.0,Monday,February
2024-02-26,Product_2,735.26,16,88.09,Books,11764.16,Monday,February
2024-02-27,Product_5,174.37,3,78.54,Books,523.11,Tuesday,February
2024-02-27,Product_3,668.15,27,50.07,Food,18040.05,Tuesday,February
2024-02-27,Product_1,702.55,15,98.0,Clothing,10538.25,Tuesday,February
2024-02-27,Product_4,686.18,40,57.21,Toys,27447.2,Tuesday,February
2024-02-27,Product_2,681.55,15,80.53,Books,10223.25,Tuesday,February
2024-02-28,Product_2,769.33,17,70.85,Electronics,13078.61,Wednesday,February
2024-02-28,Product_5,234.68,5,24.26,Electronics,1173.4,Wednesday,February
2024-02-28,Product_3,628.39,25,92.83,Books,15709.75,Wednesday,February
2024-02-28,Product_1,666.54,14,54.76,Food,9331.56,Wednesday,February
2024-02-28,Product_4,712.81,42,54.1,Toys,29938.02,Wednesday,February
2024-02-29,Product_4,705.36,41,88.85,Books,28919.76,Thursday,February
2024-02-29,Product_5,217.49,4,52.81,Toys,869.96,Thursday,February
2024-02-29,Product_2,720.97,16,79.39,Toys,11535.52,Thursday,February
2024-02-29,Product_3,657.8,26,47.47,Food,17102.8,Thursday,February
2024-02-29,Product_1,684.03,15,88.3,Electronics,10260.45,Thursday,February
2024-03-01,Product_2,798.14,17,86.27,Electronics,13568.38,Friday,March
2024-03-01,Product_4,753.8,44,97.7,Food,33167.2,Friday,March
2024-03-01,Product_3,715.09,29,44.8,Toys,20737.61,Friday,March
2024-03-01,Product_1,638.26,14,68.11,Books,8935.64,Friday,March
2024-03-01,Product_5,311.09,6,63.48,Clothing,1866.54,Friday,March
2024-03-02,Product_2,749.29,16,87.8,Books,11988.64,Saturday,March
2024-03-02,Product_1,677.99,14,29.31,Toys,9491.86,Saturday,March
2024-03-02,Product_4,773.69,46,90.51,Electronics,35589.740000000005,Saturday,March
2024-03-02,Product_3,607.16,24,68.93,Books,14571.84,Saturday,March
2024-03-02,Product_5,206.21,4,49.07,Books,824.84,Saturday,March
2024-03-03,Product_1,673.87,14,62.54,Electronics,9434.18,Sunday,March
2024-03-03,Product_3,668.56,27,70.48,Books,18051.12,Sunday,March
2024-03-03,Product_4,692.75,41,58.57,Toys,28402.75,Sunday,March
2024-03-03,Product_2,679.5,15,30.54,Toys,10192.5,Sunday,March
2024-03-03,Product_5,209.54,4,34.55,Toys,838.16,Sunday,March
2024-03-04,Product_2,689.74,15,86.65,Toys,10346.1,Monday,March
2024-03-04,Product_4,721.74,42,94.58,Electronics,30313.08,Monday,March
2024-03-04,Product_1,697.06,15,64.73,Books,10455.9,Monday,March
2024-03-04,Product_3,601.67,24,73.8,Books,14440.079999999998,Monday,March
2024-03-05,Product_4,712.79,42,42.25,Books,29937.18,Tuesday,March
2024-03-05,Product_3,621.57,25,86.24,Food,15539.250000000002,Tuesday,March
2024-03-05,Product_5,216.6,4,92.23,Clothing,866.4,Tuesday,March
2024-03-05,Product_2,659.38,14,31.51,Books,9231.32,Tuesday,March
2024-03-05,Product_1,633.88,14,99.29,Electronics,8874.32,Tuesday,March
2024-03-06,Product_5,210.76,4,98.88,Food,843.04,Wednesday,March
2024-03-06,Product_3,674.24,27,60.02,Books,18204.48,Wednesday,March
2024-03-06,Product_4,720.14,42,91.73,Toys,30245.88,Wednesday,March
2024-03-06,Product_1,628.75,13,93.6,Electronics,8173.75,Wednesday,March
2024-03-06,Product_2,826.47,18,22.85,Toys,14876.46,Wednesday,March
2024-03-07,Product_2,748.56,16,85.08,Electronics,11976.96,Thursday,March
2024-03-07,Product_3,607.01,24,61.51,Books,14568.24,Thursday,March
2024-03-07,Product_5,193.64,4,45.4,Food,774.56,Thursday,March
2024-03-07,Product_1,678.79,14,69.4,Food,9503.06,Thursday,March
2024-03-07,Product_4,779.89,46,90.38,Books,35874.94,Thursday,March
2024-03-08,Product_3,661.07,26,68.41,Clothing,17187.82,Friday,March
2024-03-08,Product_5,281.88,6,80.09,Food,1691.28,Friday,March
2024-03-08,Product_2,776.35,17,30.12,Books,13197.95,Friday,March
2024-03-08,Product_4,670.85,39,41.48,Clothing,26163.15,Friday,March
2024-03-08,Product_1,690.06,15,37.47,Books,10350.9,Friday,March
2024-03-09,Product_1,713.09,15,56.14,Clothing,10696.35,Saturday,March
2024-03-09,Product_3,616.07,25,20.64,Clothing,15401.750000000002,Saturday,March
2024-03-09,Product_2,782.37,17,80.93,Electronics,13300.29,Saturday,March
2024-03-09,Product_4,730.49,43,92.68,Toys,31411.07,Saturday,March
2024-03-09,Product_5,244.28,5,66.42,Books,1221.4,Saturday,March
2024-03-10,Product_3,629.26,25,65.61,Books,15731.5,Sunday,March
2024-03-10,Product_5,204.27,4,51.37,Electronics,817.08,Sunday,March
2024-03-10,Product_4,688.66,40,31.3,Toys,27546.4,Sunday,March
2024-03-10,Product_1,659.91,14,61.37,Clothing,9238.74,Sunday,March
2024-03-10,Product_2,776.61,17,48.45,Books,13202.37,Sunday,March
2024-03-11,Product_4,719.82,42,99.11,Food,30232.44,Monday,March
2024-03-11,Product_1,616.59,13,36.86,Electronics,8015.67,Monday,March
2024-03-11,Product_2,712.99,15,52.41,Food,10694.85,Monday,March
2024-03-11,Product_3,668.21,27,27.02,Books,18041.67,Monday,March
2024-03-12,Product_1,685.93,15,67.62,Electronics,10288.95,Tuesday,March
2024-03-12,Product_2,711.32,15,35.39,Food,10669.8,Tuesday,March
2024-03-12,Product_3,586.64,23,27.1,Clothing,13492.72,Tuesday,March
2024-03-12,Product_5,246.31,5,22.98,Electronics,1231.55,Tuesday,March
2024-03-12,Product_4,653.1,38,97.09,Electronics,24817.8,Tuesday,March
2024-03-13,Product_5,206.63,4,97.27,Clothing,826.52,Wednesday,March
2024-03-13,Product_2,758.41,16,91.3,Clothing,12134.56,Wednesday,March
2024-03-13,Product_4,733.56,43,91.25,Food,31543.08,Wednesday,March
2024-03-13,Product_3,616.57,25,26.85,Clothing,15414.250000000002,Wednesday,March
2024-03-13,Product_1,665.79,14,50.64,Toys,9321.06,Wednesday,March
2024-03-14,Product_4,753.96,44,99.45,Electronics,33174.240000000005,Thursday,March
2024-03-14,Product_1,651.45,14,76.93,Electronics,9120.3,Thursday,March
2024-03-14,Product_3,670.78,27,52.19,Clothing,18111.06,Thursday,March
2024-03-14,Product_5,244.12,5,51.35,Toys,1220.6,Thursday,March
2024-03-14,Product_2,752.07,16,40.71,Food,12033.12,Thursday,March
2024-03-15,Product_1,654.15,14,64.23,Food,9158.1,Friday,March
2024-03-15,Product_3,677.54,27,72.66,Food,18293.58,Friday,March
2024-03-15,Product_5,266.13,5,35.57,Electronics,1330.65,Friday,March
2024-03-15,Product_4,682.54,40,37.96,Toys,27301.6,Friday,March
2024-03-15,Product_2,776.92,17,68.76,Electronics,13207.64,Friday,March
2024-03-16,Product_4,742.03,44,38.15,Electronics,32649.32,Saturday,March
2024-03-16,Product_5,297.94,6,38.63,Food,1787.64,Saturday,March
2024-03-16,Product_3,651.15,26,39.83,Clothing,16929.899999999998,Saturday,March
2024-03-16,Product_2,732.57,16,30.7,Electronics,11721.12,Saturday,March
2024-03-16,Product_1,717.09,15,72.07,Clothing,10756.35,Saturday,March
2024-03-17,Product_2,723.55,16,73.61,Toys,11576.8,Sunday,March
2024-03-17,Product_5,207.93,4,56.38,Food,831.72,Sunday,March
2024-03-17,Product_4,679.9,40,55.73,Food,27196.0,Sunday,March
2024-03-17,Product_3,667.43,27,34.85,Books,18020.61,Sunday,March
2024-03-17,Product_1,648.27,14,86.56,Books,9075.78,Sunday,March
2024-03-18,Product_4,753.43,44,29.24,Toys,33150.92,Monday,March
2024-03-18,Product_2,783.49,17,74.6,Electronics,13319.33,Monday,March
2024-03-18,Product_1,575.26,12,48.1,Books,6903.12,Monday,March
2024-03-18,Product_3,662.56,26,79.97,Books,17226.559999999998,Monday,March
2024-03-18,Product_5,196.36,4,28.41,Electronics,785.44,Monday,March
2024-03-19,Product_3,618.98,25,90.17,Toys,15474.5,Tuesday,March
2024-03-19,Product_2,767.28,17,68.72,Food,13043.76,Tuesday,March
2024-03-19,Product_1,638.48,14,87.62,Toys,8938.720000000001,Tuesday,March
2024-03-19,Product_4,687.14,40,40.71,Toys,27485.6,Tuesday,March
2024-03-20,Product_3,639.22,26,46.36,Clothing,16619.72,Wednesday,March
2024-03-20,Product_2,753.74,16,72.05,Food,12059.84,Wednesday,March
2024-03-20,Product_1,644.06,14,20.24,Food,9016.84,Wednesday,March
2024-03-20,Product_5,253.31,5,68.03,Books,1266.55,Wednesday,March
2024-03-20,Product_4,771.2,45,40.37,Clothing,34704.0,Wednesday,March
2024-03-21,Product_2,791.77,17,56.39,Books,13460.09,Thursday,March
2024-03-21,Product_4,790.29,46,81.42,Food,36353.34,Thursday,March
2024-03-21,Product_5,253.97,5,35.76,Electronics,1269.85,Thursday,March
2024-03-21,Product_1,657.85,14,52.05,Food,9209.9,Thursday,March
2024-03-21,Product_3,658.81,26,62.18,Books,17129.059999999998,Thursday,March
2024-03-22,Product_1,642.3,14,29.47,Toys,8992.199999999999,Friday,March
2024-03-22,Product_5,219.52,4,67.37,Toys,878.08,Friday,March
2024-03-22,Product_2,801.83,17,92.9,Toys,13631.11,Friday,March
2024-03-22,Product_3,692.42,28,77.37,Books,19387.76,Friday,March
2024-03-22,Product_4,721.96,42,69.43,Books,30322.32,Friday,March
2024-03-23,Product_3,630.06,25,26.43,Electronics,15751.499999999998,Saturday,March
2024-03-23,Product_4,764.43,45,23.54,Clothing,34399.35,Saturday,March
2024-03-23,Product_1,624.65,13,63.01,Toys,8120.45,Saturday,March
2024-03-23,Product_2,787.5,17,48.22,Food,13387.5,Saturday,March
2024-03-23,Product_5,201.74,4,33.85,Toys,806.96,Saturday,March
2024-03-24,Product_5,274.9,6,50.58,Electronics,1649.4,Sunday,March
2024-03-24,Product_2,718.54,16,28.25,Toys,11496.64,Sunday,March
2024-03-24,Product_1,611.57,13,97.32,Clothing,7950.410000000001,Sunday,March
2024-03-24,Product_3,633.89,25,62.88,Books,15847.25,Sunday,March
2024-03-24,Product_4,742.61,44,43.3,Electronics,32674.84,Sunday,March
2024-03-25,Product_2,710.62,15,43.89,Toys,10659.3,Monday,March
2024-03-25,Product_5,217.24,4,95.38,Clothing,868.96,Monday,March
2024-03-25,Product_3,656.53,26,27.53,Food,17069.78,Monday,March
2024-03-25,Product_1,662.05,14,65.99,Electronics,9268.7,Monday,March
2024-03-25,Product_4,673.33,40,92.47,Books,26933.2,Monday,March
2024-03-26,Product_4,726.38,43,80.09,Clothing,31234.34,Tuesday,March
2024-03-26,Product_3,605.14,24,88.76,Electronics,14523.36,Tuesday,March
2024-03-26,Product_1,648.18,14,52.26,Clothing,9074.52,Tuesday,March
2024-03-26,Product_2,691.4,15,88.22,Books,10371.0,Tuesday,March
2024-03-27,Product_2,778.18,17,60.73,Toys,13229.06,Wednesday,March
2024-03-27,Product_4,739.07,43,30.03,Clothing,31780.01,Wednesday,March
2024-03-27,Product_1,655.79,14,92.92,Toys,9181.06,Wednesday,March
2024-03-27,Product_3,595.22,24,64.31,Electronics,14285.28,Wednesday,March
2024-03-27,Product_5,229.34,5,52.04,Electronics,1146.7,Wednesday,March
2024-03-28,Product_3,651.68,26,30.21,Books,16943.68,Thursday,March
2024-03-28,Product_4,756.57,44,55.13,Electronics,33289.08,Thursday,March
2024-03-28,Product_5,279.46,6,84.99,Toys,1676.7599999999998,Thursday,March
2024-03-28,Product_1,618.84,13,34.44,Clothing,8044.92,Thursday,March
2024-03-28,Product_2,728.95,16,95.3,Food,11663.2,Thursday,March
2024-03-29,Product_3,628.58,25,78.46,Clothing,15714.500000000002,Friday,March
2024-03-29,Product_4,770.31,45,61.26,Electronics,34663.95,Friday,March
2024-03-29,Product_2,775.23,17,78.41,Food,13178.91,Friday,March
2024-03-29,Product_5,263.8,5,35.21,Food,1319.0,Friday,March
2024-03-29,Product_1,678.3,14,35.48,Electronics,9496.2,Friday,March
2024-03-30,Product_3,697.93,28,43.6,Electronics,19542.04,Saturday,March
2024-03-30,Product_5,212.09,4,93.01,Books,848.36,Saturday,March
2024-03-30,Product_4,657.24,39,88.81,Food,25632.36,Saturday,March
2024-03-30,Product_1,656.61,14,23.55,Clothing,9192.54,Saturday,March
2024-03-30,Product_2,755.69,16,44.64,Food,12091.04,Saturday,March
2024-03-31,Product_5,219.23,4,49.59,Books,876.92,Sunday,March
2024-03-31,Product_3,661.56,26,28.34,Toys,17200.559999999998,Sunday,March
2024-03-31,Product_4,673.3,40,73.01,Toys,26932.0,Sunday,March
2024-03-31,Product_1,674.1,14,45.64,Books,9437.4,Sunday,March
2024-03-31,Product_2,772.27,17,20.98,Electronics,13128.59,Sunday,March
2024-04-01,Product_1,590.91,13,28.31,Clothing,7681.83,Monday,April
2024-04-01,Product_4,722.24,42,47.48,Food,30334.08,Monday,April
2024-04-01,Product_3,643.33,26,36.5,Toys,16726.58,Monday,April
2024-04-01,Product_2,711.15,15,26.48,Electronics,10667.25,Monday,April
2024-04-01,Product_5,241.65,5,79.73,Food,1208.25,Monday,April
2024-04-02,Product_4,691.26,41,52.75,Toys,28341.66,Tuesday,April
2024-04-02,Product_5,218.57,4,42.2,Electronics,874.28,Tuesday,April
2024-04-02,Product_1,579.32,12,27.52,Books,6951.84,Tuesday,April
2024-04-02,Product_3,615.74,25,58.65,Clothing,15393.5,Tuesday,April
2024-04-02,Product_2,743.97,16,86.78,Books,11903.52,Tuesday,April
2024-04-03,Product_1,633.28,13,61.19,Books,8232.64,Wednesday,April
2024-04-03,Product_4,758.2,45,85.41,Toys,34119.0,Wednesday,April
2024-04-03,Product_2,804.01,18,98.15,Electronics,14472.18,Wednesday,April
2024-04-03,Product_5,243.04,5,21.09,Toys,1215.2,Wednesday,April
2024-04-03,Product_3,665.8,27,61.14,Books,17976.6,Wednesday,April
2024-04-04,Product_4,755.03,44,52.69,Toys,33221.32,Thursday,April
2024-04-04,Product_5,233.55,5,98.5,Clothing,1167.75,Thursday,April
2024-04-04,Product_2,779.42,17,57.57,Clothing,13250.14,Thursday,April
2024-04-04,Product_1,676.77,14,59.83,Food,9474.78,Thursday,April
2024-04-04,Product_3,626.42,25,87.37,Books,15660.499999999998,Thursday,April
2024-04-05,Product_3,685.46,27,35.36,Electronics,18507.42,Friday,April
2024-04-05,Product_4,768.78,45,63.17,Electronics,34595.1,Friday,April
2024-04-05,Product_1,645.77,14,20.59,Food,9040.78,Friday,April
2024-04-05,Product_2,743.29,16,57.39,Books,11892.64,Friday,April
2024-04-05,Product_5,280.51,6,83.37,Books,1683.06,Friday,April
2024-04-06,Product_4,722.77,42,95.49,Food,30356.34,Saturday,April
2024-04-06,Product_1,634.33,14,21.87,Books,8880.62,Saturday,April
2024-04-06,Product_5,253.75,5,51.77,Electronics,1268.75,Saturday,April
2024-04-06,Product_2,777.55,17,42.85,Electronics,13218.35,Saturday,April
2024-04-06,Product_3,637.94,25,61.48,Toys,15948.500000000002,Saturday,April
2024-04-07,Product_2,722.48,16,61.61,Books,11559.68,Sunday,April
2024-04-07,Product_5,204.78,4,80.43,Food,819.12,Sunday,April
2024-04-07,Product_3,615.02,25,79.82,Toys,15375.5,Sunday,April
2024-04-07,Product_4,623.39,37,27.15,Toys,23065.43,Sunday,April
2024-04-07,Product_1,687.46,15,84.64,Toys,10311.9,Sunday,April
2024-04-08,Product_2,778.91,17,91.69,Clothing,13241.47,Monday,April
2024-04-08,Product_5,187.54,4,71.84,Electronics,750.16,Monday,April
2024-04-08,Product_3,626.62,25,47.51,Toys,15665.5,Monday,April
2024-04-08,Product_4,749.6,44,81.32,Electronics,32982.4,Monday,April
2024-04-08,Product_1,649.86,14,93.15,Books,9098.04,Monday,April
2024-04-09,Product_5,200.95,4,76.23,Electronics,803.8,Tuesday,April
2024-04-09,Product_4,698.63,41,58.87,Toys,28643.83,Tuesday,April
2024-04-09,Product_1,603.78,13,79.93,Books,7849.139999999999,Tuesday,April
2024-04-09,Product_2,707.21,15,73.29,Toys,10608.15,Tuesday,April
2024-04-09,Product_3,654.09,26,59.64,Books,17006.34,Tuesday,April
2024-04-10,Product_4,710.34,42,57.31,Books,29834.28,Wednesday,April
2024-04-10,Product_2,787.49,17,78.6,Electronics,13387.33,Wednesday,April
2024-04-10,Product_1,686.66,15,53.67,Toys,10299.9,Wednesday,April
2024-04-10,Product_3,621.04,25,99.72,Food,15526.0,Wednesday,April
2024-04-10,Product_5,182.39,4,63.42,Books,729.56,Wednesday,April
2024-04-11,Product_4,693.38,41,23.91,Toys,28428.58,Thursday,April
2024-04-11,Product_2,835.04,18,69.14,Books,15030.72,Thursday,April
2024-04-11,Product_1,622.96,13,56.14,Electronics,8098.48,Thursday,April
2024-04-11,Product_3,619.84,25,53.48,Clothing,15496.0,Thursday,April
2024-04-11,Product_5,219.48,4,34.76,Clothing,877.92,Thursday,April
2024-04-12,Product_2,769.64,17,78.52,Food,13083.88,Friday,April
2024-04-12,Product_3,644.92,26,55.1,Clothing,16767.92,Friday,April
2024-04-12,Product_5,231.14,5,20.18,Books,1155.6999999999998,Friday,April
2024-04-12,Product_4,780.5,46,67.14,Clothing,35903.0,Friday,April
2024-04-12,Product_1,649.41,14,92.02,Books,9091.74,Friday,April
2024-04-13,Product_5,195.49,4,48.99,Clothing,781.96,Saturday,April
2024-04-13,Product_4,749.71,44,23.25,Toys,32987.240000000005,Saturday,April
2024-04-13,Product_1,678.48,14,85.58,Food,9498.72,Saturday,April
2024-04-13,Product_2,745.37,16,28.88,Electronics,11925.92,Saturday,April
2024-04-13,Product_3,720.55,29,61.99,Clothing,20895.95,Saturday,April
2024-04-14,Product_4,811.9,48,94.65,Clothing,38971.2,Sunday,April
2024-04-14,Product_5,213.79,4,80.8,Toys,855.16,Sunday,April
2024-04-14,Product_1,672.59,14,39.82,Clothing,9416.26,Sunday,April
2024-04-14,Product_2,787.64,17,65.67,Clothing,13389.88,Sunday,April
2024-04-14,Product_3,652.94,26,30.73,Electronics,16976.440000000002,Sunday,April
2024-04-15,Product_4,681.1,40,81.61,Books,27244.0,Monday,April
2024-04-15,Product_3,641.62,26,78.73,Toys,16682.12,Monday,April
2024-04-15,Product_1,729.76,16,45.11,Clothing,11676.16,Monday,April
2024-04-15,Product_2,726.06,16,85.32,Food,11616.96,Monday,April
2024-04-16,Product_3,614.72,25,70.25,Toys,15368.0,Tuesday,April
2024-04-16,Product_1,679.01,14,22.25,Books,9506.14,Tuesday,April
2024-04-16,Product_4,746.53,44,82.0,Clothing,32847.32,Tuesday,April
2024-04-16,Product_2,725.4,16,33.32,Clothing,11606.4,Tuesday,April
2024-04-16,Product_5,211.96,4,86.73,Clothing,847.84,Tuesday,April
2024-04-17,Product_3,645.22,26,72.52,Food,16775.72,Wednesday,April
2024-04-17,Product_2,754.1,16,52.98,Toys,12065.6,Wednesday,April
2024-04-17,Product_1,633.02,13,66.68,Electronics,8229.26,Wednesday,April
2024-04-17,Product_4,750.72,44,49.44,Books,33031.68,Wednesday,April
2024-04-17,Product_5,215.57,4,34.06,Clothing,862.28,Wednesday,April
2024-04-18,Product_4,722.52,42,95.69,Electronics,30345.84,Thursday,April
2024-04-18,Product_3,586.22,23,89.82,Electronics,13483.06,Thursday,April
2024-04-18,Product_2,873.97,19,44.34,Toys,16605.43,Thursday,April
2024-04-18,Product_1,662.32,14,26.83,Toys,9272.48,Thursday,April
2024-04-18,Product_5,196.11,4,34.92,Books,784.44,Thursday,April
2024-04-19,Product_1,661.75,14,78.4,Clothing,9264.5,Friday,April
2024-04-19,Product_4,740.14,44,44.26,Electronics,32566.16,Friday,April
2024-04-19,Product_3,733.86,29,77.38,Electronics,21281.94,Friday,April
2024-04-19,Product_5,259.87,5,44.33,Toys,1299.35,Friday,April
2024-04-19,Product_2,768.72,17,95.8,Clothing,13068.24,Friday,April
2024-04-20,Product_1,673.01,14,73.29,Books,9422.14,Saturday,April
2024-04-20,Product_5,226.24,4,89.42,Toys,904.96,Saturday,April
2024-04-20,Product_2,772.46,17,81.75,Books,13131.82,Saturday,April
2024-04-20,Product_3,672.49,27,98.86,Food,18157.23,Saturday,April
2024-04-20,Product_4,750.35,44,33.61,Clothing,33015.4,Saturday,April
2024-04-21,Product_3,662.81,26,92.13,Books,17233.059999999998,Sunday,April
2024-04-21,Product_5,180.68,3,27.5,Clothing,542.04,Sunday,April
2024-04-21,Product_4,709.71,42,26.1,Books,29807.82,Sunday,April
2024-04-21,Product_2,782.35,17,43.57,Toys,13299.95,Sunday,April
2024-04-21,Product_1,637.89,14,55.47,Toys,8930.46,Sunday,April
2024-04-22,Product_4,677.45,40,82.66,Electronics,27098.0,Monday,April
2024-04-22,Product_5,197.68,4,53.73,Food,790.72,Monday,April
2024-04-22,Product_2,686.66,15,76.23,Electronics,10299.9,Monday,April
2024-04-22,Product_3,632.08,25,98.47,Books,15802.000000000002,Monday,April
2024-04-22,Product_1,636.85,14,96.87,Toys,8915.9,Monday,April
2024-04-23,Product_5,200.42,4,53.11,Clothing,801.68,Tuesday,April
2024-04-23,Product_3,662.84,26,63.34,Electronics,17233.84,Tuesday,April
2024-04-23,Product_4,702.25,41,80.0,Electronics,28792.25,Tuesday,April
2024-04-23,Product_2,746.58,16,74.11,Clothing,11945.28,Tuesday,April
2024-04-23,Product_1,655.31,14,42.7,Food,9174.34,Tuesday,April
2024-04-24,Product_2,768.52,17,26.13,Clothing,13064.84,Wednesday,April
2024-04-24,Product_3,662.8,26,93.58,Books,17232.8,Wednesday,April
2024-04-24,Product_1,641.47,14,51.86,Toys,8980.58,Wednesday,April
2024-04-24,Product_5,220.13,4,76.01,Clothing,880.52,Wednesday,April
2024-04-24,Product_4,748.73,44,21.49,Electronics,32944.12,Wednesday,April
2024-04-25,Product_3,690.03,28,81.39,Books,19320.84,Thursday,April
2024-04-25,Product_1,662.62,14,20.48,Electronics,9276.68,Thursday,April
2024-04-25,Product_5,261.36,5,34.42,Toys,1306.8000000000002,Thursday,April
2024-04-25,Product_2,710.6,15,33.0,Food,10659.0,Thursday,April
2024-04-25,Product_4,689.66,41,32.31,Food,28276.06,Thursday,April
2024-04-26,Product_4,776.74,46,81.23,Clothing,35730.04,Friday,April
2024-04-26,Product_2,803.75,18,52.17,Books,14467.5,Friday,April
2024-04-26,Product_1,679.13,14,71.76,Electronics,9507.82,Friday,April
2024-04-26,Product_3,629.11,25,97.07,Toys,15727.75,Friday,April
2024-04-26,Product_5,216.38,4,75.37,Toys,865.52,Friday,April
2024-04-27,Product_3,632.26,25,58.59,Electronics,15806.5,Saturday,April
2024-04-27,Product_1,693.45,15,88.44,Books,10401.75,Saturday,April
2024-04-27,Product_2,814.48,18,76.8,Toys,14660.64,Saturday,April
2024-04-27,Product_4,703.55,41,65.97,Toys,28845.55,Saturday,April
2024-04-27,Product_5,219.59,4,33.09,Electronics,878.36,Saturday,April
2024-04-28,Product_1,598.41,13,81.22,Clothing,7779.33,Sunday,April
2024-04-28,Product_4,715.64,42,46.32,Books,30056.88,Sunday,April
2024-04-28,Product_3,698.03,28,26.64,Electronics,19544.84,Sunday,April
2024-04-28,Product_2,745.01,16,50.17,Books,11920.16,Sunday,April
2024-04-29,Product_4,710.09,42,75.33,Toys,29823.78,Monday,April
2024-04-29,Product_1,640.36,14,68.95,Electronics,8965.04,Monday,April
2024-04-29,Product_5,212.96,4,50.4,Books,851.84,Monday,April
2024-04-29,Product_2,730.24,16,62.8,Toys,11683.84,Monday,April
2024-04-29,Product_3,634.26,25,22.42,Toys,15856.5,Monday,April
2024-04-30,Product_3,608.16,24,96.63,Electronics,14595.84,Tuesday,April
2024-04-30,Product_5,182.11,4,97.46,Toys,728.44,Tuesday,April
2024-04-30,Product_1,611.07,13,69.65,Toys,7943.910000000001,Tuesday,April
2024-04-30,Product_2,728.02,16,27.41,Books,11648.32,Tuesday,April
2024-04-30,Product_4,706.82,42,88.42,Clothing,29686.44,Tuesday,April
2024-05-01,Product_3,638.14,25,66.22,Toys,15953.5,Wednesday,May
2024-05-01,Product_5,228.12,5,77.87,Food,1140.6,Wednesday,May
2024-05-01,Product_1,667.49,14,40.17,Clothing,9344.86,Wednesday,May
2024-05-01,Product_2,797.1,17,86.77,Books,13550.7,Wednesday,May
2024-05-01,Product_4,717.85,42,88.97,Clothing,30149.7,Wednesday,May
2024-05-02,Product_5,209.98,4,27.52,Clothing,839.92,Thursday,May
2024-05-02,Product_2,784.72,17,51.22,Toys,13340.24,Thursday,May
2024-05-02,Product_4,770.84,45,59.38,Toys,34687.8,Thursday,May
2024-05-02,Product_3,685.08,27,82.62,Food,18497.16,Thursday,May
2024-05-02,Product_1,658.73,14,50.9,Toys,9222.22,Thursday,May
2024-05-03,Product_4,792.46,47,61.69,Food,37245.62,Friday,May
2024-05-03,Product_3,700.83,28,46.23,Books,19623.24,Friday,May
2024-05-03,Product_5,279.22,6,23.96,Toys,1675.3200000000002,Friday,May
2024-05-03,Product_1,669.97,14,69.1,Food,9379.58,Friday,May
2024-05-03,Product_2,810.79,18,73.83,Electronics,14594.22,Friday,May
2024-05-04,Product_4,799.16,47,75.67,Electronics,37560.52,Saturday,May
2024-05-04,Product_3,674.91,27,92.56,Electronics,18222.57,Saturday,May
2024-05-04,Product_5,197.96,4,99.2,Food,791.84,Saturday,May
2024-05-04,Product_1,730.24,16,70.14,Toys,11683.84,Saturday,May
2024-05-04,Product_2,761.25,17,42.77,Books,12941.25,Saturday,May
2024-05-05,Product_5,177.05,3,28.28,Clothing,531.1500000000001,Sunday,May
2024-05-05,Product_3,627.99,25,58.11,Food,15699.75,Sunday,May
2024-05-05,Product_1,648.23,14,41.94,Food,9075.22,Sunday,May
2024-05-05,Product_4,731.38,43,99.69,Books,31449.34,Sunday,May
2024-05-05,Product_2,699.03,15,74.63,Books,10485.45,Sunday,May
2024-05-06,Product_2,739.68,16,67.28,Toys,11834.88,Monday,May
2024-05-06,Product_4,725.48,43,32.98,Toys,31195.64,Monday,May
2024-05-06,Product_5,209.16,4,94.68,Food,836.64,Monday,May
2024-05-06,Product_3,586.08,23,72.55,Food,13479.84,Monday,May
2024-05-06,Product_1,742.31,16,78.12,Toys,11876.96,Monday,May
2024-05-07,Product_3,623.68,25,74.71,Clothing,15591.999999999998,Tuesday,May
2024-05-07,Product_5,219.01,4,32.8,Toys,876.04,Tuesday,May
2024-05-07,Product_1,626.52,13,23.38,Clothing,8144.76,Tuesday,May
2024-05-07,Product_4,708.79,42,34.38,Electronics,29769.18,Tuesday,May
2024-05-07,Product_2,755.85,16,84.03,Electronics,12093.6,Tuesday,May
2024-05-08,Product_2,773.8,17,71.78,Toys,13154.6,Wednesday,May
2024-05-08,Product_3,613.02,24,63.59,Food,14712.48,Wednesday,May
2024-05-08,Product_1,620.64,13,99.39,Food,8068.32,Wednesday,May
2024-05-08,Product_4,738.93,43,58.32,Electronics,31773.99,Wednesday,May
2024-05-08,Product_5,225.94,4,58.8,Toys,903.76,Wednesday,May
2024-05-09,Product_2,732.29,16,86.36,Electronics,11716.64,Thursday,May
2024-05-09,Product_1,693.55,15,56.22,Food,10403.25,Thursday,May
2024-05-09,Product_3,693.55,28,53.84,Clothing,19419.4,Thursday,May
2024-05-09,Product_5,199.95,4,45.69,Books,799.8,Thursday,May
2024-05-09,Product_4,757.9,45,98.23,Clothing,34105.5,Thursday,May
2024-05-10,Product_5,228.4,5,44.59,Food,1142.0,Friday,May
2024-05-10,Product_1,657.58,14,31.66,Clothing,9206.12,Friday,May
2024-05-10,Product_2,741.66,16,58.38,Clothing,11866.56,Friday,May
2024-05-10,Product_4,736.59,43,88.21,Electronics,31673.370000000003,Friday,May
2024-05-10,Product_3,629.42,25,82.0,Toys,15735.499999999998,Friday,May
2024-05-11,Product_2,801.49,17,35.59,Clothing,13625.33,Saturday,May
2024-05-11,Product_3,622.52,25,72.25,Food,15563.0,Saturday,May
2024-05-11,Product_4,779.13,46,54.43,Food,35839.98,Saturday,May
2024-05-11,Product_5,269.54,5,27.74,Toys,1347.7,Saturday,May
2024-05-11,Product_1,611.5,13,22.73,Clothing,7949.5,Saturday,May
2024-05-12,Product_1,680.96,15,76.98,Books,10214.4,Sunday,May
2024-05-12,Product_2,750.82,16,36.93,Clothing,12013.12,Sunday,May
2024-05-12,Product_3,649.39,26,83.42,Books,16884.14,Sunday,May
2024-05-12,Product_4,671.55,39,59.15,Clothing,26190.45,Sunday,May
2024-05-13,Product_4,685.01,40,78.78,Clothing,27400.4,Monday,May
2024-05-13,Product_2,743.05,16,25.19,Books,11888.8,Monday,May
2024-05-13,Product_3,653.13,26,28.25,Toys,16981.38,Monday,May
2024-05-13,Product_1,640.63,14,26.47,Toys,8968.82,Monday,May
2024-05-13,Product_5,222.79,4,62.34,Books,891.16,Monday,May
2024-05-14,Product_4,698.83,41,57.4,Clothing,28652.03,Tuesday,May
2024-05-14,Product_2,725.53,16,97.36,Toys,11608.48,Tuesday,May
2024-05-14,Product_5,183.33,4,67.15,Food,733.32,Tuesday,May
2024-05-14,Product_1,644.45,14,35.7,Books,9022.3,Tuesday,May
2024-05-14,Product_3,634.76,25,71.98,Toys,15869.0,Tuesday,May
2024-05-15,Product_4,681.54,40,63.39,Clothing,27261.6,Wednesday,May
2024-05-15,Product_5,239.42,5,84.56,Clothing,1197.1,Wednesday,May
2024-05-15,Product_1,677.27,14,75.6,Clothing,9481.78,Wednesday,May
2024-05-15,Product_3,660.68,26,73.15,Electronics,17177.68,Wednesday,May
2024-05-15,Product_2,732.98,16,30.24,Clothing,11727.68,Wednesday,May
2024-05-16,Product_5,225.52,4,90.71,Books,902.08,Thursday,May
2024-05-16,Product_2,719.38,16,21.58,Electronics,11510.08,Thursday,May
2024-05-16,Product_1,604.17,13,64.97,Electronics,7854.209999999999,Thursday,May
2024-05-16,Product_3,669.99,27,74.7,Clothing,18089.73,Thursday,May
2024-05-16,Product_4,720.86,42,87.78,Clothing,30276.12,Thursday,May
2024-05-17,Product_3,583.03,23,21.35,Food,13409.69,Friday,May
2024-05-17,Product_2,792.32,17,53.48,Electronics,13469.44,Friday,May
2024-05-17,Product_1,657.36,14,34.45,Books,9203.04,Friday,May
2024-05-17,Product_4,786.64,46,89.78,Books,36185.44,Friday,May
2024-05-18,Product_2,757.75,16,91.77,Books,12124.0,Saturday,May
2024-05-18,Product_1,664.68,14,50.85,Toys,9305.52,Saturday,May
2024-05-18,Product_3,601.55,24,81.34,Electronics,14437.2,Saturday,May
2024-05-18,Product_5,226.95,4,59.85,Toys,907.8,Saturday,May
2024-05-18,Product_4,705.2,41,55.33,Books,28913.2,Saturday,May
2024-05-19,Product_2,705.72,15,68.86,Food,10585.8,Sunday,May
2024-05-19,Product_3,607.74,24,67.52,Books,14585.76,Sunday,May
2024-05-19,Product_1,673.75,14,57.43,Books,9432.5,Sunday,May
2024-05-19,Product_4,742.86,44,49.91,Clothing,32685.84,Sunday,May
2024-05-19,Product_5,241.63,5,72.95,Electronics,1208.15,Sunday,May
2024-05-20,Product_3,630.97,25,65.19,Food,15774.25,Monday,May
2024-05-20,Product_4,712.02,42,95.59,Clothing,29904.84,Monday,May
2024-05-20,Product_2,753.89,16,68.13,Books,12062.24,Monday,May
2024-05-20,Product_1,587.84,12,83.86,Clothing,7054.08,Monday,May
2024-05-21,Product_5,195.72,4,70.5,Books,782.88,Tuesday,May
2024-05-21,Product_4,702.34,41,24.16,Toys,28795.94,Tuesday,May
2024-05-21,Product_1,639.68,14,58.99,Food,8955.519999999999,Tuesday,May
2024-05-21,Product_3,660.99,26,98.54,Electronics,17185.74,Tuesday,May
2024-05-21,Product_2,731.98,16,94.53,Books,11711.68,Tuesday,May
2024-05-22,Product_4,721.03,42,34.16,Electronics,30283.26,Wednesday,May
2024-05-22,Product_1,584.52,12,79.81,Food,7014.24,Wednesday,May
2024-05-22,Product_3,637.64,25,35.07,Food,15941.0,Wednesday,May
2024-05-22,Product_5,237.34,5,39.93,Clothing,1186.7,Wednesday,May
2024-05-22,Product_2,725.31,16,66.84,Books,11604.96,Wednesday,May
2024-05-23,Product_4,740.64,44,22.29,Electronics,32588.16,Thursday,May
2024-05-23,Product_5,251.73,5,22.91,Clothing,1258.65,Thursday,May
2024-05-23,Product_1,616.81,13,83.38,Toys,8018.529999999999,Thursday,May
2024-05-23,Product_2,793.64,17,81.93,Electronics,13491.88,Thursday,May
2024-05-23,Product_3,653.79,26,61.25,Food,16998.54,Thursday,May
2024-05-24,Product_3,642.75,26,58.9,Books,16711.5,Friday,May
2024-05-24,Product_2,753.74,16,80.12,Books,12059.84,Friday,May
2024-05-24,Product_4,731.05,43,45.93,Books,31435.15,Friday,May
2024-05-24,Product_5,212.38,4,42.94,Clothing,849.52,Friday,May
2024-05-24,Product_1,706.31,15,25.56,Clothing,10594.65,Friday,May
2024-05-25,Product_1,655.09,14,28.68,Clothing,9171.26,Saturday,May
2024-05-25,Product_3,691.69,28,24.6,Toys,19367.32,Saturday,May
2024-05-25,Product_2,808.65,18,29.11,Electronics,14555.7,Saturday,May
2024-05-25,Product_5,215.69,4,55.22,Food,862.76,Saturday,May
2024-05-25,Product_4,829.24,49,64.48,Toys,40632.76,Saturday,May
2024-05-26,Product_2,744.31,16,73.61,Toys,11908.96,Sunday,May
2024-05-26,Product_3,623.27,25,95.21,Food,15581.75,Sunday,May
2024-05-26,Product_1,622.2,13,35.7,Clothing,8088.6,Sunday,May
2024-05-26,Product_4,706.19,41,83.77,Books,28953.79,Sunday,May
2024-05-27,Product_2,755.62,16,53.41,Food,12089.92,Monday,May
2024-05-27,Product_3,624.15,25,66.66,Toys,15603.75,Monday,May
2024-05-27,Product_4,688.82,40,21.1,Toys,27552.800000000003,Monday,May
2024-05-27,Product_5,214.8,4,93.17,Food,859.2,Monday,May
2024-05-27,Product_1,624.56,13,79.96,Clothing,8119.279999999999,Monday,May
2024-05-28,Product_4,724.8,43,57.5,Toys,31166.4,Tuesday,May
2024-05-28,Product_3,609.65,24,55.89,Electronics,14631.6,Tuesday,May
2024-05-28,Product_2,707.19,15,77.96,Toys,10607.85,Tuesday,May
2024-05-28,Product_5,173.7,3,85.48,Clothing,521.0999999999999,Tuesday,May
2024-05-28,Product_1,609.22,13,55.13,Electronics,7919.860000000001,Tuesday,May
2024-05-29,Product_4,682.71,40,85.78,Toys,27308.4,Wednesday,May
2024-05-29,Product_3,626.72,25,48.61,Toys,15668.0,Wednesday,May
2024-05-29,Product_2,819.34,18,37.64,Toys,14748.12,Wednesday,May
2024-05-29,Product_1,654.25,14,69.77,Toys,9159.5,Wednesday,May
2024-05-30,Product_3,683.07,27,55.83,Toys,18442.890000000003,Thursday,May
2024-05-30,Product_1,637.06,14,32.62,Food,8918.84,Thursday,May
2024-05-30,Product_5,192.33,4,84.71,Food,769.32,Thursday,May
2024-05-30,Product_4,717.79,42,73.98,Clothing,30147.18,Thursday,May
2024-05-30,Product_2,784.87,17,23.14,Clothing,13342.79,Thursday,May
2024-05-31,Product_4,663.93,39,23.1,Food,25893.27,Friday,May
2024-05-31,Product_2,751.81,16,73.17,Clothing,12028.96,Friday,May
2024-05-31,Product_5,215.89,4,89.39,Toys,863.56,Friday,May
2024-05-31,Product_3,645.19,26,20.71,Food,16774.940000000002,Friday,May
2024-05-31,Product_1,620.47,13,65.3,Books,8066.110000000001,Friday,May
2024-06-01,Product_4,678.44,40,94.92,Food,27137.6,Saturday,June
2024-06-01,Product_1,669.58,14,45.67,Food,9374.12,Saturday,June
2024-06-01,Product_3,627.15,25,60.25,Books,15678.75,Saturday,June
2024-06-01,Product_5,213.42,4,81.94,Clothing,853.68,Saturday,June
2024-06-01,Product_2,777.58,17,51.48,Clothing,13218.86,Saturday,June
2024-06-02,Product_1,622.91,13,80.17,Food,8097.83,Sunday,June
2024-06-02,Product_3,614.99,25,50.0,Electronics,15374.75,Sunday,June
2024-06-02,Product_4,685.8,40,75.91,Books,27432.0,Sunday,June
2024-06-02,Product_2,731.38,16,97.25,Clothing,11702.08,Sunday,June
2024-06-03,Product_3,554.91,22,48.86,Clothing,12208.02,Monday,June
2024-06-03,Product_1,629.03,13,49.92,Toys,8177.389999999999,Monday,June
2024-06-03,Product_4,727.5,43,93.97,Toys,31282.5,Monday,June
2024-06-03,Product_2,753.33,16,75.09,Books,12053.28,Monday,June
2024-06-04,Product_1,615.07,13,32.71,Books,7995.910000000001,Tuesday,June
2024-06-04,Product_4,666.92,39,43.15,Toys,26009.88,Tuesday,June
2024-06-04,Product_2,801.86,17,51.42,Toys,13631.62,Tuesday,June
2024-06-04,Product_3,649.45,26,75.19,Books,16885.7,Tuesday,June
2024-06-05,Product_2,803.49,17,76.65,Food,13659.33,Wednesday,June
2024-06-05,Product_4,692.82,41,31.66,Electronics,28405.620000000003,Wednesday,June
2024-06-05,Product_1,635.52,14,21.6,Electronics,8897.279999999999,Wednesday,June
2024-06-05,Product_3,628.63,25,57.9,Toys,15715.75,Wednesday,June
2024-06-06,Product_3,832.29,33,21.79,Toys,27465.57,Thursday,June
2024-06-06,Product_2,773.54,17,59.01,Food,13150.18,Thursday,June
2024-06-06,Product_4,742.77,44,59.8,Electronics,32681.88,Thursday,June
2024-06-06,Product_5,224.9,4,22.67,Toys,899.6,Thursday,June
2024-06-06,Product_1,608.57,13,78.67,Books,7911.410000000001,Thursday,June
2024-06-07,Product_2,786.3,17,52.72,Electronics,13367.1,Friday,June
2024-06-07,Product_5,176.18,3,73.04,Food,528.54,Friday,June
2024-06-07,Product_3,677.71,27,67.48,Books,18298.17,Friday,June
2024-06-07,Product_1,683.29,15,29.65,Books,10249.35,Friday,June
2024-06-07,Product_4,732.33,43,86.62,Toys,31490.19,Friday,June
2024-06-08,Product_3,620.3,25,81.1,Books,15507.499999999998,Saturday,June
2024-06-08,Product_4,738.15,43,71.53,Books,31740.45,Saturday,June
2024-06-08,Product_2,776.97,17,41.61,Toys,13208.49,Saturday,June
2024-06-08,Product_1,651.24,14,29.98,Toys,9117.36,Saturday,June
2024-06-08,Product_5,181.2,3,92.31,Toys,543.5999999999999,Saturday,June
2024-06-09,Product_2,671.52,15,50.2,Toys,10072.8,Sunday,June
2024-06-09,Product_3,595.0,24,44.91,Food,14280.0,Sunday,June
2024-06-09,Product_4,741.45,44,88.67,Food,32623.800000000003,Sunday,June
2024-06-09,Product_1,632.36,13,67.99,Toys,8220.68,Sunday,June
2024-06-09,Product_5,204.49,4,60.22,Books,817.96,Sunday,June
2024-06-10,Product_3,566.76,23,63.08,Clothing,13035.48,Monday,June
2024-06-10,Product_2,754.85,16,74.64,Electronics,12077.6,Monday,June
2024-06-10,Product_4,673.34,40,27.33,Clothing,26933.6,Monday,June
2024-06-10,Product_1,619.01,13,41.46,Food,8047.13,Monday,June
2024-06-11,Product_3,569.82,23,65.05,Electronics,13105.86,Tuesday,June
2024-06-11,Product_5,184.17,4,75.55,Clothing,736.68,Tuesday,June
2024-06-11,Product_1,595.96,13,92.09,Food,7747.48,Tuesday,June
2024-06-11,Product_2,740.97,16,66.42,Toys,11855.52,Tuesday,June
2024-06-11,Product_4,700.18,41,21.14,Clothing,28707.38,Tuesday,June
2024-06-12,Product_1,604.16,13,51.06,Clothing,7854.08,Wednesday,June
2024-06-12,Product_2,721.42,16,52.76,Toys,11542.72,Wednesday,June
2024-06-12,Product_3,663.71,27,39.74,Food,17920.170000000002,Wednesday,June
2024-06-12,Product_4,688.9,40,38.65,Food,27556.0,Wednesday,June
2024-06-13,Product_1,665.78,14,94.59,Electronics,9320.92,Thursday,June
2024-06-13,Product_2,820.72,18,75.29,Toys,14772.96,Thursday,June
2024-06-13,Product_4,745.14,44,95.54,Electronics,32786.16,Thursday,June
2024-06-13,Product_3,631.18,25,78.67,Books,15779.499999999998,Thursday,June
2024-06-14,Product_5,185.0,4,82.18,Toys,740.0,Friday,June
2024-06-14,Product_4,718.85,42,73.92,Electronics,30191.7,Friday,June
2024-06-14,Product_3,639.66,26,84.21,Toys,16631.16,Friday,June
2024-06-14,Product_2,786.27,17,43.37,Toys,13366.59,Friday,June
2024-06-14,Product_1,632.01,13,46.52,Electronics,8216.13,Friday,June
2024-06-15,Product_3,649.37,26,36.53,Clothing,16883.62,Saturday,June
2024-06-15,Product_2,727.61,16,21.52,Food,11641.76,Saturday,June
2024-06-15,Product_4,684.38,40,29.95,Toys,27375.2,Saturday,June
2024-06-15,Product_1,613.37,13,24.08,Books,7973.81,Saturday,June
2024-06-15,Product_5,199.62,4,90.51,Toys,798.48,Saturday,June
2024-06-16,Product_2,740.38,16,24.57,Clothing,11846.08,Sunday,June
2024-06-16,Product_4,747.01,44,88.71,Food,32868.44,Sunday,June
2024-06-16,Product_1,594.8,13,49.11,Food,7732.4,Sunday,June
2024-06-16,Product_3,648.81,26,82.55,Books,16869.059999999998,Sunday,June
2024-06-16,Product_5,199.0,4,76.37,Toys,796.0,Sunday,June
2024-06-17,Product_1,612.84,13,88.34,Clothing,7966.92,Monday,June
2024-06-17,Product_4,678.07,40,32.83,Electronics,27122.800000000003,Monday,June
2024-06-17,Product_3,583.94,23,55.01,Clothing,13430.62,Monday,June
2024-06-17,Product_2,771.09,17,67.86,Clothing,13108.53,Monday,June
2024-06-18,Product_1,585.74,12,41.55,Food,7028.88,Tuesday,June
2024-06-18,Product_4,672.5,39,45.75,Clothing,26227.5,Tuesday,June
2024-06-18,Product_5,174.57,3,27.96,Toys,523.71,Tuesday,June
2024-06-18,Product_3,639.43,26,92.48,Toys,16625.18,Tuesday,June
2024-06-18,Product_2,744.87,16,98.96,Toys,11917.92,Tuesday,June
2024-06-19,Product_5,186.43,4,76.35,Food,745.72,Wednesday,June
2024-06-19,Product_1,650.75,14,89.77,Electronics,9110.5,Wednesday,June
2024-06-19,Product_2,738.06,16,89.53,Food,11808.96,Wednesday,June
2024-06-19,Product_3,613.66,24,43.3,Electronics,14727.84,Wednesday,June
2024-06-19,Product_4,656.17,39,86.65,Electronics,25590.63,Wednesday,June
2024-06-20,Product_5,202.89,4,67.25,Clothing,811.56,Thursday,June
2024-06-20,Product_1,621.31,13,86.73,Electronics,8077.029999999999,Thursday,June
2024-06-20,Product_2,738.46,16,75.24,Clothing,11815.36,Thursday,June
2024-06-20,Product_4,694.21,41,84.55,Electronics,28462.61,Thursday,June
2024-06-20,Product_3,641.75,26,98.86,Clothing,16685.5,Thursday,June
2024-06-21,Product_4,706.25,41,96.36,Clothing,28956.25,Friday,June
2024-06-21,Product_5,217.25,4,80.42,Food,869.0,Friday,June
2024-06-21,Product_1,650.26,14,46.67,Clothing,9103.64,Friday,June
2024-06-21,Product_2,770.39,17,73.98,Electronics,13096.63,Friday,June
2024-06-21,Product_3,708.59,28,33.95,Toys,19840.52,Friday,June
2024-06-22,Product_2,735.63,16,43.8,Toys,11770.08,Saturday,June
2024-06-22,Product_4,705.36,41,37.09,Electronics,28919.76,Saturday,June
2024-06-22,Product_5,214.37,4,96.85,Toys,857.48,Saturday,June
2024-06-22,Product_1,640.77,14,28.74,Food,8970.779999999999,Saturday,June
2024-06-22,Product_3,648.43,26,53.98,Books,16859.18,Saturday,June
2024-06-23,Product_4,684.32,40,82.94,Books,27372.800000000003,Sunday,June
2024-06-23,Product_2,770.12,17,45.83,Toys,13092.04,Sunday,June
2024-06-23,Product_1,571.81,12,75.86,Books,6861.719999999999,Sunday,June
2024-06-23,Product_3,617.71,25,21.2,Clothing,15442.75,Sunday,June
2024-06-24,Product_3,551.79,22,49.75,Food,12139.38,Monday,June
2024-06-24,Product_1,583.49,12,97.24,Toys,7001.88,Monday,June
2024-06-24,Product_2,774.75,17,92.77,Toys,13170.75,Monday,June
2024-06-24,Product_4,650.82,38,44.97,Electronics,24731.160000000003,Monday,June
2024-06-25,Product_2,687.08,15,48.75,Clothing,10306.2,Tuesday,June
2024-06-25,Product_3,618.15,25,60.09,Food,15453.75,Tuesday,June
2024-06-25,Product_4,642.55,38,28.47,Electronics,24416.9,Tuesday,June
2024-06-25,Product_1,621.06,13,45.43,Electronics,8073.779999999999,Tuesday,June
2024-06-26,Product_4,692.33,41,99.09,Toys,28385.53,Wednesday,June
2024-06-26,Product_3,636.1,25,77.57,Electronics,15902.5,Wednesday,June
2024-06-26,Product_5,190.62,4,42.46,Books,762.48,Wednesday,June
2024-06-26,Product_2,727.69,16,77.73,Electronics,11643.04,Wednesday,June
2024-06-26,Product_1,679.42,15,57.82,Books,10191.3,Wednesday,June
2024-06-27,Product_3,629.72,25,59.83,Food,15743.0,Thursday,June
2024-06-27,Product_2,692.8,15,97.75,Electronics,10392.0,Thursday,June
2024-06-27,Product_5,230.02,5,68.8,Electronics,1150.1,Thursday,June
2024-06-27,Product_4,757.78,45,52.62,Toys,34100.1,Thursday,June
2024-06-27,Product_1,641.94,14,67.1,Clothing,8987.16,Thursday,June
2024-06-28,Product_1,628.59,13,27.89,Electronics,8171.67,Friday,June
2024-06-28,Product_5,181.5,3,39.2,Food,544.5,Friday,June
2024-06-28,Product_3,610.67,24,75.6,Books,14656.079999999998,Friday,June
2024-06-28,Product_2,777.3,17,92.88,Electronics,13214.1,Friday,June
2024-06-28,Product_4,717.71,42,64.31,Electronics,30143.82,Friday,June
2024-06-29,Product_3,604.3,24,84.78,Food,14503.2,Saturday,June
2024-06-29,Product_2,723.38,16,79.33,Electronics,11574.08,Saturday,June
2024-06-29,Product_1,605.08,13,44.37,Toys,7866.040000000001,Saturday,June
2024-06-29,Product_4,653.25,38,66.85,Toys,24823.5,Saturday,June
2024-06-30,Product_3,608.45,24,58.98,Books,14602.8,Sunday,June
2024-06-30,Product_2,647.44,14,54.37,Toys,9064.16,Sunday,June
2024-06-30,Product_1,610.72,13,91.81,Clothing,7939.360000000001,Sunday,June
2024-06-30,Product_4,687.57,40,71.66,Clothing,27502.800000000003,Sunday,June
2024-07-01,Product_3,603.42,24,89.08,Toys,14482.079999999998,Monday,July
2024-07-01,Product_2,707.3,15,61.0,Clothing,10609.5,Monday,July
2024-07-01,Product_1,610.21,13,37.71,Clothing,7932.73,Monday,July
2024-07-01,Product_4,695.34,41,79.43,Clothing,28508.94,Monday,July
2024-07-02,Product_3,625.69,25,31.54,Clothing,15642.250000000002,Tuesday,July
2024-07-02,Product_2,749.05,16,44.48,Food,11984.8,Tuesday,July
2024-07-02,Product_4,663.95,39,64.89,Electronics,25894.050000000003,Tuesday,July
2024-07-02,Product_1,597.44,13,63.85,Electronics,7766.720000000001,Tuesday,July
2024-07-03,Product_4,711.28,42,57.71,Electronics,29873.76,Wednesday,July
2024-07-03,Product_3,623.65,25,55.34,Books,15591.25,Wednesday,July
2024-07-03,Product_1,610.7,13,96.9,Clothing,7939.1,Wednesday,July
2024-07-03,Product_5,173.69,3,79.14,Toys,521.0699999999999,Wednesday,July
2024-07-03,Product_2,726.7,16,22.9,Clothing,11627.2,Wednesday,July
2024-07-04,Product_1,632.01,13,45.02,Books,8216.13,Thursday,July
2024-07-04,Product_3,590.22,24,33.86,Electronics,14165.28,Thursday,July
2024-07-04,Product_4,681.65,40,46.92,Electronics,27266.0,Thursday,July
2024-07-04,Product_2,672.49,15,43.43,Electronics,10087.35,Thursday,July
2024-07-05,Product_5,176.11,3,98.03,Books,528.33,Friday,July
2024-07-05,Product_2,738.73,16,52.03,Clothing,11819.68,Friday,July
2024-07-05,Product_3,656.47,26,71.78,Toys,17068.22,Friday,July
2024-07-05,Product_4,708.92,42,33.08,Books,29774.64,Friday,July
2024-07-05,Product_1,595.89,13,31.9,Clothing,7746.57,Friday,July
2024-07-06,Product_3,649.27,26,73.76,Books,16881.02,Saturday,July
2024-07-06,Product_4,719.47,42,29.41,Food,30217.74,Saturday,July
2024-07-06,Product_2,724.03,16,55.13,Books,11584.48,Saturday,July
2024-07-06,Product_1,592.42,13,60.86,Electronics,7701.459999999999,Saturday,July
2024-07-07,Product_1,600.72,13,74.49,Clothing,7809.360000000001,Sunday,July
2024-07-07,Product_3,578.91,23,81.63,Toys,13314.929999999998,Sunday,July
2024-07-07,Product_5,230.44,5,90.61,Books,1152.2,Sunday,July
2024-07-07,Product_2,720.08,16,87.61,Food,11521.28,Sunday,July
2024-07-07,Product_4,625.5,37,94.26,Clothing,23143.5,Sunday,July
2024-07-08,Product_4,692.79,41,90.99,Electronics,28404.39,Monday,July
2024-07-08,Product_1,612.67,13,99.26,Food,7964.709999999999,Monday,July
2024-07-08,Product_2,737.52,16,75.2,Food,11800.32,Monday,July
2024-07-08,Product_3,586.77,23,50.76,Electronics,13495.71,Monday,July
2024-07-09,Product_1,606.53,13,76.34,Electronics,7884.889999999999,Tuesday,July
2024-07-09,Product_2,713.25,15,99.96,Food,10698.75,Tuesday,July
2024-07-09,Product_4,693.11,41,38.56,Electronics,28417.51,Tuesday,July
2024-07-09,Product_3,579.68,23,53.74,Toys,13332.64,Tuesday,July
2024-07-10,Product_4,682.38,40,55.03,Electronics,27295.2,Wednesday,July
2024-07-10,Product_1,604.94,13,71.39,Food,7864.220000000001,Wednesday,July
2024-07-10,Product_2,744.97,16,77.23,Electronics,11919.52,Wednesday,July
2024-07-10,Product_3,660.98,26,29.81,Books,17185.48,Wednesday,July
2024-07-11,Product_5,193.04,4,98.05,Books,772.16,Thursday,July
2024-07-11,Product_3,602.09,24,26.34,Toys,14450.16,Thursday,July
2024-07-11,Product_1,578.68,12,22.0,Electronics,6944.16,Thursday,July
2024-07-11,Product_4,688.39,40,89.21,Clothing,27535.6,Thursday,July
2024-07-11,Product_2,717.54,16,42.03,Electronics,11480.64,Thursday,July
2024-07-12,Product_3,630.3,25,37.87,Books,15757.499999999998,Friday,July
2024-07-12,Product_1,587.52,12,94.46,Toys,7050.24,Friday,July
2024-07-12,Product_4,702.54,41,45.18,Clothing,28804.14,Friday,July
2024-07-12,Product_5,190.76,4,92.42,Food,763.04,Friday,July
2024-07-12,Product_2,702.23,15,87.24,Books,10533.45,Friday,July
2024-07-13,Product_3,637.71,25,22.85,Electronics,15942.75,Saturday,July
2024-07-13,Product_2,704.95,15,80.97,Electronics,10574.25,Saturday,July
2024-07-13,Product_4,712.66,42,37.27,Electronics,29931.72,Saturday,July
2024-07-13,Product_1,643.96,14,57.98,Electronics,9015.44,Saturday,July
2024-07-14,Product_3,598.13,24,64.25,Clothing,14355.12,Sunday,July
2024-07-14,Product_1,604.58,13,91.1,Food,7859.540000000001,Sunday,July
2024-07-14,Product_4,711.98,42,44.78,Books,29903.16,Sunday,July
2024-07-14,Product_2,681.73,15,35.24,Books,10225.95,Sunday,July
2024-07-15,Product_1,520.07,11,71.89,Clothing,5720.77,Monday,July
2024-07-15,Product_2,625.76,14,67.35,Electronics,8760.64,Monday,July
2024-07-15,Product_3,615.21,25,62.16,Toys,15380.25,Monday,July
2024-07-15,Product_4,683.91,40,20.45,Books,27356.4,Monday,July
2024-07-16,Product_2,679.88,15,56.72,Toys,10198.2,Tuesday,July
2024-07-16,Product_3,572.93,23,87.77,Food,13177.39,Tuesday,July
2024-07-16,Product_1,573.41,12,30.29,Clothing,6880.92,Tuesday,July
2024-07-16,Product_4,687.84,40,29.33,Clothing,27513.6,Tuesday,July
2024-07-17,Product_5,174.49,3,51.04,Clothing,523.47,Wednesday,July
2024-07-17,Product_3,559.48,22,51.1,Toys,12308.56,Wednesday,July
2024-07-17,Product_4,681.52,40,30.41,Electronics,27260.8,Wednesday,July
2024-07-17,Product_2,681.28,15,67.3,Toys,10219.2,Wednesday,July
2024-07-17,Product_1,580.87,12,33.72,Food,6970.4400000000005,Wednesday,July
2024-07-18,Product_1,606.85,13,53.75,Toys,7889.05,Thursday,July
2024-07-18,Product_2,683.8,15,61.14,Food,10257.0,Thursday,July
2024-07-18,Product_3,606.83,24,85.96,Food,14563.920000000002,Thursday,July
2024-07-18,Product_4,664.87,39,40.6,Electronics,25929.93,Thursday,July
2024-07-19,Product_2,747.86,16,33.94,Books,11965.76,Friday,July
2024-07-19,Product_1,609.13,13,45.61,Books,7918.69,Friday,July
2024-07-19,Product_3,631.04,25,70.48,Books,15776.0,Friday,July
2024-07-19,Product_4,699.72,41,43.59,Clothing,28688.52,Friday,July
2024-07-20,Product_5,195.28,4,47.46,Books,781.12,Saturday,July
2024-07-20,Product_2,685.62,15,44.62,Books,10284.3,Saturday,July
2024-07-20,Product_3,588.09,23,62.82,Electronics,13526.070000000002,Saturday,July
2024-07-20,Product_1,618.68,13,22.11,Toys,8042.839999999999,Saturday,July
2024-07-20,Product_4,684.69,40,40.71,Electronics,27387.6,Saturday,July
2024-07-21,Product_2,624.66,13,50.3,Clothing,8120.58,Sunday,July
2024-07-21,Product_3,553.95,22,90.39,Food,12186.9,Sunday,July
2024-07-21,Product_4,686.82,40,24.11,Electronics,27472.800000000003,Sunday,July
2024-07-21,Product_1,621.17,13,99.28,Electronics,8075.209999999999,Sunday,July
2024-07-22,Product_3,559.2,22,35.64,Electronics,12302.4,Monday,July
2024-07-22,Product_2,641.52,14,83.4,Toys,8981.279999999999,Monday,July
2024-07-22,Product_4,710.26,42,82.47,Toys,29830.92,Monday,July
2024-07-22,Product_1,567.87,12,45.84,Electronics,6814.4400000000005,Monday,July
2024-07-23,Product_1,603.93,13,61.64,Clothing,7851.089999999999,Tuesday,July
2024-07-23,Product_3,592.42,24,66.57,Clothing,14218.079999999998,Tuesday,July
2024-07-23,Product_4,688.8,40,37.6,Clothing,27552.0,Tuesday,July
2024-07-23,Product_2,701.7,15,25.17,Clothing,10525.5,Tuesday,July
2024-07-24,Product_2,758.42,16,65.49,Food,12134.72,Wednesday,July
2024-07-24,Product_4,631.45,37,62.23,Clothing,23363.65,Wednesday,July
2024-07-24,Product_3,568.05,23,92.61,Toys,13065.15,Wednesday,July
2024-07-24,Product_1,562.57,12,94.51,Electronics,6750.84,Wednesday,July
2024-07-25,Product_3,565.12,23,84.3,Toys,12997.76,Thursday,July
2024-07-25,Product_1,573.76,12,25.57,Food,6885.12,Thursday,July
2024-07-25,Product_2,667.79,14,71.32,Toys,9349.06,Thursday,July
2024-07-25,Product_4,645.28,38,56.68,Books,24520.64,Thursday,July
2024-07-26,Product_4,691.86,41,28.76,Books,28366.26,Friday,July
2024-07-26,Product_2,738.31,16,49.31,Clothing,11812.96,Friday,July
2024-07-26,Product_3,590.94,24,78.32,Food,14182.56,Friday,July
2024-07-26,Product_5,182.0,3,68.65,Food,546.0,Friday,July
2024-07-26,Product_1,628.28,13,43.91,Food,8167.639999999999,Friday,July
2024-07-27,Product_1,623.19,13,48.1,Toys,8101.470000000001,Saturday,July
2024-07-27,Product_3,601.96,24,28.59,Toys,14447.04,Saturday,July
2024-07-27,Product_4,606.2,36,62.6,Books,21823.2,Saturday,July
2024-07-27,Product_5,180.37,3,68.35,Food,541.11,Saturday,July
2024-07-27,Product_2,707.99,15,69.69,Food,10619.85,Saturday,July
2024-07-28,Product_2,680.62,15,26.6,Clothing,10209.3,Sunday,July
2024-07-28,Product_3,597.61,24,21.54,Toys,14342.64,Sunday,July
2024-07-28,Product_1,603.5,13,56.8,Clothing,7845.5,Sunday,July
2024-07-28,Product_4,635.64,37,63.62,Clothing,23518.68,Sunday,July
2024-07-29,Product_2,695.73,15,83.44,Clothing,10435.95,Monday,July
2024-07-29,Product_3,559.1,22,32.62,Toys,12300.2,Monday,July
2024-07-29,Product_1,559.24,12,95.88,Food,6710.88,Monday,July
2024-07-29,Product_4,636.12,37,61.03,Clothing,23536.44,Monday,July
2024-07-30,Product_3,558.75,22,76.77,Books,12292.5,Tuesday,July
2024-07-30,Product_4,588.49,34,57.24,Electronics,20008.66,Tuesday,July
2024-07-30,Product_1,561.7,12,75.97,Toys,6740.400000000001,Tuesday,July
2024-07-30,Product_2,697.07,15,36.0,Electronics,10456.05,Tuesday,July
2024-07-31,Product_3,591.17,24,90.77,Books,14188.079999999998,Wednesday,July
2024-07-31,Product_5,186.63,4,74.63,Toys,746.52,Wednesday,July
2024-07-31,Product_4,676.92,40,57.08,Clothing,27076.8,Wednesday,July
2024-07-31,Product_1,643.01,14,42.58,Food,9002.14,Wednesday,July
2024-07-31,Product_2,670.91,15,41.83,Books,10063.65,Wednesday,July
2024-08-01,Product_3,626.16,25,27.97,Food,15654.0,Thursday,August
2024-08-01,Product_1,616.33,13,48.31,Clothing,8012.290000000001,Thursday,August
2024-08-01,Product_2,744.32,16,63.05,Clothing,11909.12,Thursday,August
2024-08-01,Product_4,683.49,40,38.67,Electronics,27339.6,Thursday,August
2024-08-02,Product_1,610.81,13,46.74,Toys,7940.529999999999,Friday,August
2024-08-02,Product_4,662.17,39,45.21,Books,25824.63,Friday,August
2024-08-02,Product_3,616.94,25,25.99,Food,15423.500000000002,Friday,August
2024-08-02,Product_2,764.45,17,63.45,Clothing,12995.65,Friday,August
2024-08-03,Product_4,692.79,41,59.19,Books,28404.39,Saturday,August
2024-08-03,Product_2,703.27,15,50.27,Books,10549.05,Saturday,August
2024-08-03,Product_3,604.51,24,38.76,Electronics,14508.24,Saturday,August
2024-08-03,Product_1,597.07,13,76.71,Clothing,7761.910000000001,Saturday,August
2024-08-04,Product_2,679.34,15,43.77,Books,10190.1,Sunday,August
2024-08-04,Product_3,646.63,26,92.59,Toys,16812.38,Sunday,August
2024-08-04,Product_4,643.7,38,41.13,Toys,24460.6,Sunday,August
2024-08-04,Product_1,604.3,13,57.16,Toys,7855.9,Sunday,August
2024-08-05,Product_4,628.74,37,45.41,Books,23263.38,Monday,August
2024-08-05,Product_1,631.88,13,30.54,Clothing,8214.44,Monday,August
2024-08-05,Product_3,579.73,23,77.55,Toys,13333.79,Monday,August
2024-08-05,Product_2,679.03,15,55.96,Clothing,10185.45,Monday,August
2024-08-06,Product_4,651.67,38,96.71,Books,24763.46,Tuesday,August
2024-08-06,Product_1,550.97,12,82.27,Books,6611.64,Tuesday,August
2024-08-06,Product_2,678.77,15,63.44,Toys,10181.55,Tuesday,August
2024-08-06,Product_3,542.67,22,32.23,Books,11938.74,Tuesday,August
2024-08-07,Product_1,555.53,12,57.03,Clothing,6666.36,Wednesday,August
2024-08-07,Product_4,644.49,38,62.15,Toys,24490.62,Wednesday,August
2024-08-07,Product_2,763.31,17,31.1,Books,12976.27,Wednesday,August
2024-08-07,Product_3,541.37,22,28.91,Electronics,11910.14,Wednesday,August
2024-08-08,Product_4,689.67,41,61.72,Clothing,28276.47,Thursday,August
2024-08-08,Product_1,622.82,13,22.85,Food,8096.660000000001,Thursday,August
2024-08-08,Product_2,711.66,15,86.34,Food,10674.9,Thursday,August
2024-08-08,Product_3,636.36,25,74.7,Clothing,15909.0,Thursday,August
2024-08-09,Product_2,724.71,16,99.59,Books,11595.36,Friday,August
2024-08-09,Product_1,676.14,14,34.81,Food,9465.96,Friday,August
2024-08-09,Product_3,643.48,26,65.87,Electronics,16730.48,Friday,August
2024-08-09,Product_4,670.12,39,50.57,Food,26134.68,Friday,August
2024-08-10,Product_3,618.14,25,35.08,Food,15453.5,Saturday,August
2024-08-10,Product_2,697.52,15,76.02,Electronics,10462.8,Saturday,August
2024-08-10,Product_4,690.73,41,70.55,Food,28319.93,Saturday,August
2024-08-10,Product_1,596.99,13,68.01,Electronics,7760.87,Saturday,August
2024-08-11,Product_3,535.39,21,50.49,Clothing,11243.19,Sunday,August
2024-08-11,Product_2,691.5,15,71.99,Toys,10372.5,Sunday,August
2024-08-11,Product_4,684.84,40,39.76,Electronics,27393.6,Sunday,August
2024-08-11,Product_1,586.36,12,24.28,Clothing,7036.32,Sunday,August
2024-08-12,Product_2,676.73,15,84.26,Clothing,10150.95,Monday,August
2024-08-12,Product_1,555.18,12,83.34,Books,6662.16,Monday,August
2024-08-12,Product_4,606.89,36,60.58,Electronics,21848.04,Monday,August
2024-08-12,Product_3,548.88,22,21.44,Toys,12075.36,Monday,August
2024-08-13,Product_4,673.17,40,24.3,Books,26926.8,Tuesday,August
2024-08-13,Product_2,669.02,14,90.18,Books,9366.28,Tuesday,August
2024-08-13,Product_3,558.83,22,95.92,Books,12294.26,Tuesday,August
2024-08-13,Product_1,583.62,12,64.23,Clothing,7003.4400000000005,Tuesday,August
2024-08-14,Product_2,726.32,16,82.61,Toys,11621.12,Wednesday,August
2024-08-14,Product_4,713.76,42,48.12,Electronics,29977.92,Wednesday,August
2024-08-14,Product_3,563.99,22,63.52,Clothing,12407.78,Wednesday,August
2024-08-14,Product_1,567.19,12,91.02,Food,6806.280000000001,Wednesday,August
2024-08-15,Product_4,662.04,39,24.07,Electronics,25819.56,Thursday,August
2024-08-15,Product_5,181.48,3,98.0,Clothing,544.4399999999999,Thursday,August
2024-08-15,Product_1,580.27,12,86.03,Electronics,6963.24,Thursday,August
2024-08-15,Product_2,719.33,16,44.49,Food,11509.28,Thursday,August
2024-08-15,Product_3,597.3,24,44.02,Clothing,14335.2,Thursday,August
2024-08-16,Product_3,567.38,23,26.45,Electronics,13049.74,Friday,August
2024-08-16,Product_4,645.57,38,90.81,Clothing,24531.660000000003,Friday,August
2024-08-16,Product_1,651.33,14,53.98,Books,9118.62,Friday,August
2024-08-16,Product_2,774.12,17,48.15,Toys,13160.04,Friday,August
2024-08-17,Product_1,613.16,13,26.92,Books,7971.08,Saturday,August
2024-08-17,Product_4,730.34,43,46.6,Toys,31404.620000000003,Saturday,August
2024-08-17,Product_3,576.87,23,41.64,Clothing,13268.01,Saturday,August
2024-08-17,Product_2,691.1,15,87.87,Electronics,10366.5,Saturday,August
2024-08-18,Product_4,723.69,43,77.38,Toys,31118.67,Sunday,August
2024-08-18,Product_2,703.39,15,79.71,Electronics,10550.85,Sunday,August
2024-08-18,Product_1,632.44,13,97.69,Food,8221.720000000001,Sunday,August
2024-08-18,Product_3,545.35,22,85.18,Books,11997.7,Sunday,August
2024-08-19,Product_4,646.66,38,62.12,Food,24573.08,Monday,August
2024-08-19,Product_1,519.03,11,78.9,Toys,5709.33,Monday,August
2024-08-19,Product_3,540.28,22,98.57,Food,11886.16,Monday,August
2024-08-19,Product_2,693.95,15,82.72,Toys,10409.25,Monday,August
2024-08-20,Product_3,589.96,24,26.22,Electronics,14159.04,Tuesday,August
2024-08-20,Product_4,637.68,37,64.87,Clothing,23594.16,Tuesday,August
2024-08-20,Product_1,570.11,12,72.6,Electronics,6841.32,Tuesday,August
2024-08-20,Product_2,632.23,14,63.54,Books,8851.220000000001,Tuesday,August
2024-08-21,Product_2,697.8,15,55.45,Food,10467.0,Wednesday,August
2024-08-21,Product_5,190.51,4,33.9,Books,762.04,Wednesday,August
2024-08-21,Product_4,669.76,39,71.99,Clothing,26120.64,Wednesday,August
2024-08-21,Product_1,603.3,13,36.38,Electronics,7842.9,Wednesday,August
2024-08-21,Product_3,551.81,22,38.7,Books,12139.82,Wednesday,August
2024-08-22,Product_2,658.54,14,34.49,Books,9219.56,Thursday,August
2024-08-22,Product_3,546.66,22,62.42,Food,12026.52,Thursday,August
2024-08-22,Product_1,616.22,13,96.78,Toys,8010.860000000001,Thursday,August
2024-08-22,Product_4,615.05,36,24.07,Books,22141.8,Thursday,August
2024-08-23,Product_3,605.17,24,62.41,Books,14524.079999999998,Friday,August
2024-08-23,Product_4,716.36,42,91.05,Books,30087.12,Friday,August
2024-08-23,Product_1,559.09,12,82.8,Books,6709.08,Friday,August
2024-08-23,Product_2,659.08,14,43.92,Clothing,9227.12,Friday,August
2024-08-24,Product_4,625.76,37,75.81,Food,23153.12,Saturday,August
2024-08-24,Product_2,683.89,15,61.18,Toys,10258.35,Saturday,August
2024-08-24,Product_3,547.33,22,95.09,Books,12041.26,Saturday,August
2024-08-24,Product_1,589.55,13,25.88,Clothing,7664.15,Saturday,August
2024-08-25,Product_1,533.39,11,53.18,Food,5867.29,Sunday,August
2024-08-25,Product_4,645.42,38,26.75,Clothing,24525.96,Sunday,August
2024-08-25,Product_3,641.81,26,77.43,Clothing,16687.059999999998,Sunday,August
2024-08-25,Product_2,676.27,15,38.88,Clothing,10144.05,Sunday,August
2024-08-26,Product_3,571.29,23,66.41,Food,13139.669999999998,Monday,August
2024-08-26,Product_4,606.53,36,81.25,Clothing,21835.08,Monday,August
2024-08-26,Product_2,661.35,14,58.65,Electronics,9258.9,Monday,August
2024-08-26,Product_1,560.28,12,99.31,Food,6723.36,Monday,August
2024-08-27,Product_2,633.7,14,66.49,Food,8871.800000000001,Tuesday,August
2024-08-27,Product_3,541.13,22,31.94,Clothing,11904.86,Tuesday,August
2024-08-27,Product_1,596.81,13,27.13,Clothing,7758.529999999999,Tuesday,August
2024-08-27,Product_4,625.06,37,24.88,Clothing,23127.22,Tuesday,August
2024-08-28,Product_4,615.82,36,53.45,Books,22169.52,Wednesday,August
2024-08-28,Product_1,567.94,12,37.23,Clothing,6815.280000000001,Wednesday,August
2024-08-28,Product_3,581.52,23,52.7,Clothing,13374.96,Wednesday,August
2024-08-28,Product_2,719.54,16,70.7,Clothing,11512.64,Wednesday,August
2024-08-29,Product_1,527.82,11,72.96,Electronics,5806.02,Thursday,August
2024-08-29,Product_3,606.94,24,39.05,Toys,14566.56,Thursday,August
2024-08-29,Product_2,692.66,15,73.24,Toys,10389.9,Thursday,August
2024-08-29,Product_4,712.62,42,21.89,Clothing,29930.04,Thursday,August
2024-08-30,Product_3,541.65,22,63.65,Food,11916.3,Friday,August
2024-08-30,Product_2,724.54,16,38.01,Clothing,11592.64,Friday,August
2024-08-30,Product_1,589.35,13,91.68,Toys,7661.55,Friday,August
2024-08-30,Product_4,656.95,39,74.17,Toys,25621.050000000003,Friday,August
2024-08-31,Product_3,601.26,24,47.25,Books,14430.24,Saturday,August
2024-08-31,Product_1,607.35,13,61.48,Clothing,7895.55,Saturday,August
2024-08-31,Product_4,688.76,40,33.98,Toys,27550.4,Saturday,August
2024-08-31,Product_2,663.04,14,26.75,Toys,9282.56,Saturday,August
2024-09-01,Product_1,634.26,14,95.98,Electronics,8879.64,Sunday,September
2024-09-01,Product_2,720.1,16,54.1,Toys,11521.6,Sunday,September
2024-09-01,Product_3,577.28,23,92.05,Food,13277.44,Sunday,September
2024-09-01,Product_4,586.89,34,41.19,Electronics,19954.26,Sunday,September
2024-09-02,Product_2,702.13,15,92.12,Electronics,10531.95,Monday,September
2024-09-02,Product_1,563.55,12,71.71,Electronics,6762.599999999999,Monday,September
2024-09-02,Product_3,529.77,21,90.92,Toys,11125.17,Monday,September
2024-09-02,Product_4,618.69,36,58.75,Electronics,22272.840000000004,Monday,September
2024-09-03,Product_2,644.21,14,43.79,Clothing,9018.94,Tuesday,September
2024-09-03,Product_1,580.03,12,68.68,Food,6960.36,Tuesday,September
2024-09-03,Product_3,489.89,19,84.64,Clothing,9307.91,Tuesday,September
2024-09-03,Product_4,667.55,39,41.96,Electronics,26034.45,Tuesday,September
2024-09-04,Product_1,601.85,13,48.12,Electronics,7824.05,Wednesday,September
2024-09-04,Product_3,563.91,22,66.28,Toys,12406.02,Wednesday,September
2024-09-04,Product_4,650.22,38,64.02,Books,24708.36,Wednesday,September
2024-09-04,Product_2,694.56,15,55.66,Electronics,10418.4,Wednesday,September
2024-09-05,Product_2,720.61,16,83.94,Electronics,11529.76,Thursday,September
2024-09-05,Product_1,593.08,13,26.1,Food,7710.040000000001,Thursday,September
2024-09-05,Product_3,535.08,21,64.01,Clothing,11236.68,Thursday,September
2024-09-05,Product_4,676.84,40,60.38,Books,27073.6,Thursday,September
2024-09-06,Product_3,570.18,23,85.33,Food,13114.14,Friday,September
2024-09-06,Product_4,627.09,37,38.96,Electronics,23202.33,Friday,September
2024-09-06,Product_2,689.58,15,38.03,Books,10343.7,Friday,September
2024-09-06,Product_1,628.06,13,91.31,Books,8164.779999999999,Friday,September
2024-09-07,Product_1,595.31,13,91.08,Food,7739.029999999999,Saturday,September
2024-09-07,Product_3,584.58,23,90.07,Clothing,13445.34,Saturday,September
2024-09-07,Product_4,694.8,41,78.99,Toys,28486.8,Saturday,September
2024-09-07,Product_2,739.95,16,21.42,Food,11839.2,Saturday,September
2024-09-08,Product_4,668.97,39,37.07,Books,26089.83,Sunday,September
2024-09-08,Product_1,579.16,12,53.63,Food,6949.92,Sunday,September
2024-09-08,Product_3,568.0,23,43.6,Clothing,13064.0,Sunday,September
2024-09-08,Product_2,662.97,14,56.26,Electronics,9281.58,Sunday,September
2024-09-09,Product_1,572.12,12,98.16,Books,6865.4400000000005,Monday,September
2024-09-09,Product_2,691.9,15,34.44,Clothing,10378.5,Monday,September
2024-09-09,Product_3,566.38,23,68.08,Clothing,13026.74,Monday,September
2024-09-09,Product_4,595.58,35,39.65,Clothing,20845.300000000003,Monday,September
2024-09-10,Product_1,559.84,12,88.26,Toys,6718.08,Tuesday,September
2024-09-10,Product_2,661.82,14,27.19,Electronics,9265.48,Tuesday,September
2024-09-10,Product_3,556.83,22,30.29,Books,12250.26,Tuesday,September
2024-09-10,Product_4,602.28,35,98.84,Clothing,21079.8,Tuesday,September
2024-09-11,Product_2,693.92,15,79.09,Toys,10408.8,Wednesday,September
2024-09-11,Product_3,598.54,24,52.49,Food,14364.96,Wednesday,September
2024-09-11,Product_1,575.82,12,37.11,Clothing,6909.84,Wednesday,September
2024-09-11,Product_4,651.7,38,22.36,Books,24764.6,Wednesday,September
2024-09-12,Product_4,706.4,41,67.44,Books,28962.4,Thursday,September
2024-09-12,Product_3,608.45,24,67.52,Clothing,14602.8,Thursday,September
2024-09-12,Product_1,562.7,12,84.15,Electronics,6752.400000000001,Thursday,September
2024-09-12,Product_2,706.2,15,26.33,Food,10593.0,Thursday,September
2024-09-13,Product_1,615.71,13,23.24,Toys,8004.23,Friday,September
2024-09-13,Product_4,672.59,39,72.03,Toys,26231.01,Friday,September
2024-09-13,Product_3,587.06,23,43.99,Books,13502.38,Friday,September
2024-09-13,Product_2,730.42,16,82.96,Books,11686.72,Friday,September
2024-09-14,Product_2,649.8,14,38.96,Books,9097.2,Saturday,September
2024-09-14,Product_4,668.05,39,35.78,Electronics,26053.95,Saturday,September
2024-09-14,Product_1,563.54,12,97.31,Toys,6762.48,Saturday,September
2024-09-14,Product_3,548.05,22,89.91,Books,12057.1,Saturday,September
2024-09-15,Product_4,623.78,37,61.7,Clothing,23079.86,Sunday,September
2024-09-15,Product_3,592.57,24,24.03,Books,14221.68,Sunday,September
2024-09-15,Product_2,675.62,15,93.52,Books,10134.3,Sunday,September
2024-09-15,Product_1,570.69,12,94.75,Toys,6848.280000000001,Sunday,September
2024-09-16,Product_1,530.38,11,86.01,Food,5834.18,Monday,September
2024-09-16,Product_4,651.97,38,90.71,Books,24774.86,Monday,September
2024-09-16,Product_2,654.81,14,77.52,Clothing,9167.34,Monday,September
2024-09-16,Product_3,572.63,23,28.85,Electronics,13170.49,Monday,September
2024-09-17,Product_3,526.83,21,28.13,Electronics,11063.43,Tuesday,September
2024-09-17,Product_2,707.24,15,69.92,Food,10608.6,Tuesday,September
2024-09-17,Product_4,658.01,39,22.95,Electronics,25662.39,Tuesday,September
2024-09-17,Product_1,552.18,12,63.51,Toys,6626.16,Tuesday,September
2024-09-18,Product_3,564.45,22,87.44,Books,12417.9,Wednesday,September
2024-09-18,Product_1,569.02,12,57.86,Electronics,6828.24,Wednesday,September
2024-09-18,Product_2,692.62,15,68.07,Books,10389.3,Wednesday,September
2024-09-18,Product_4,605.88,36,26.52,Toys,21811.68,Wednesday,September
2024-09-19,Product_3,572.11,23,26.83,Toys,13158.53,Thursday,September
2024-09-19,Product_4,664.08,39,72.51,Electronics,25899.120000000003,Thursday,September
2024-09-19,Product_2,693.06,15,64.26,Toys,10395.9,Thursday,September
2024-09-19,Product_1,625.21,13,86.08,Food,8127.73,Thursday,September
2024-09-20,Product_4,614.97,36,30.68,Books,22138.92,Friday,September
2024-09-20,Product_2,680.03,15,63.19,Toys,10200.45,Friday,September
2024-09-20,Product_3,545.87,22,26.28,Food,12009.14,Friday,September
2024-09-20,Product_1,594.04,13,52.78,Electronics,7722.519999999999,Friday,September
2024-09-21,Product_1,569.83,12,78.94,Toys,6837.960000000001,Saturday,September
2024-09-21,Product_2,734.39,16,78.42,Electronics,11750.24,Saturday,September
2024-09-21,Product_3,580.69,23,82.36,Clothing,13355.87,Saturday,September
2024-09-21,Product_4,699.56,41,79.91,Food,28681.96,Saturday,September
2024-09-22,Product_2,682.64,15,72.5,Food,10239.6,Sunday,September
2024-09-22,Product_4,645.0,38,98.98,Electronics,24510.0,Sunday,September
2024-09-22,Product_1,541.86,11,36.9,Electronics,5960.46,Sunday,September
2024-09-22,Product_3,531.46,21,61.6,Food,11160.66,Sunday,September
2024-09-23,Product_2,698.66,15,45.09,Books,10479.9,Monday,September
2024-09-23,Product_1,522.44,11,89.08,Electronics,5746.84,Monday,September
2024-09-23,Product_4,554.57,32,23.58,Electronics,17746.24,Monday,September
2024-09-23,Product_3,523.79,21,88.1,Clothing,10999.59,Monday,September
2024-09-24,Product_2,736.1,16,35.53,Toys,11777.6,Tuesday,September
2024-09-24,Product_1,549.67,12,54.81,Electronics,6596.039999999999,Tuesday,September
2024-09-24,Product_4,648.18,38,77.88,Toys,24630.84,Tuesday,September
2024-09-24,Product_3,574.16,23,64.43,Toys,13205.679999999998,Tuesday,September
2024-09-25,Product_2,713.62,15,20.05,Clothing,10704.3,Wednesday,September
2024-09-25,Product_4,636.37,37,89.81,Electronics,23545.69,Wednesday,September
2024-09-25,Product_3,539.79,21,79.97,Electronics,11335.59,Wednesday,September
2024-09-25,Product_1,612.16,13,33.14,Food,7958.08,Wednesday,September
2024-09-26,Product_3,596.56,24,25.56,Toys,14317.44,Thursday,September
2024-09-26,Product_1,584.16,12,21.47,Books,7009.92,Thursday,September
2024-09-26,Product_4,679.3,40,98.39,Clothing,27172.0,Thursday,September
2024-09-26,Product_2,714.41,16,29.49,Food,11430.56,Thursday,September
2024-09-27,Product_4,646.21,38,51.79,Toys,24555.980000000003,Friday,September
2024-09-27,Product_3,598.27,24,58.71,Food,14358.48,Friday,September
2024-09-27,Product_2,731.8,16,21.94,Toys,11708.8,Friday,September
2024-09-27,Product_1,582.38,12,80.36,Food,6988.56,Friday,September
2024-09-28,Product_4,669.34,39,40.85,Books,26104.26,Saturday,September
2024-09-28,Product_2,727.73,16,52.43,Electronics,11643.68,Saturday,September
2024-09-28,Product_3,599.73,24,80.15,Clothing,14393.52,Saturday,September
2024-09-28,Product_1,557.05,12,20.34,Clothing,6684.599999999999,Saturday,September
2024-09-29,Product_1,570.32,12,58.96,Books,6843.84,Sunday,September
2024-09-29,Product_3,541.6,22,46.21,Food,11915.2,Sunday,September
2024-09-29,Product_4,616.28,36,59.32,Food,22186.08,Sunday,September
2024-09-29,Product_2,717.66,16,65.51,Clothing,11482.56,Sunday,September
2024-09-30,Product_4,631.73,37,92.81,Food,23374.01,Monday,September
2024-09-30,Product_1,547.6,12,52.99,Toys,6571.200000000001,Monday,September
2024-09-30,Product_2,676.81,15,64.15,Toys,10152.15,Monday,September
2024-09-30,Product_3,538.16,21,34.24,Books,11301.36,Monday,September
2024-10-01,Product_4,621.48,36,67.12,Books,22373.28,Tuesday,October
2024-10-01,Product_1,489.89,10,81.52,Toys,4898.9,Tuesday,October
2024-10-01,Product_3,549.98,22,91.52,Toys,12099.56,Tuesday,October
2024-10-01,Product_2,679.1,15,62.3,Food,10186.5,Tuesday,October
2024-10-02,Product_1,547.56,12,37.53,Electronics,6570.719999999999,Wednesday,October
2024-10-02,Product_3,557.48,22,56.99,Toys,12264.56,Wednesday,October
2024-10-02,Product_2,784.36,17,60.67,Toys,13334.12,Wednesday,October
2024-10-02,Product_4,675.24,40,90.84,Books,27009.6,Wednesday,October
2024-10-03,Product_2,695.72,15,63.08,Electronics,10435.8,Thursday,October
2024-10-03,Product_4,683.49,40,48.26,Electronics,27339.6,Thursday,October
2024-10-03,Product_3,596.87,24,23.47,Books,14324.88,Thursday,October
2024-10-03,Product_1,559.78,12,44.97,Electronics,6717.36,Thursday,October
2024-10-04,Product_2,719.22,16,26.61,Electronics,11507.52,Friday,October
2024-10-04,Product_4,677.34,40,57.98,Books,27093.6,Friday,October
2024-10-04,Product_5,203.47,4,28.21,Toys,813.88,Friday,October
2024-10-04,Product_3,575.86,23,48.75,Books,13244.78,Friday,October
2024-10-04,Product_1,588.61,13,48.85,Toys,7651.93,Friday,October
2024-10-05,Product_4,695.11,41,89.85,Electronics,28499.51,Saturday,October
2024-10-05,Product_2,693.9,15,37.03,Food,10408.5,Saturday,October
2024-10-05,Product_1,619.83,13,91.65,Electronics,8057.790000000001,Saturday,October
2024-10-05,Product_3,519.9,21,28.47,Toys,10917.9,Saturday,October
2024-10-06,Product_1,584.63,12,54.34,Books,7015.56,Sunday,October
2024-10-06,Product_4,639.72,38,46.41,Electronics,24309.36,Sunday,October
2024-10-06,Product_2,708.9,15,76.56,Books,10633.5,Sunday,October
2024-10-06,Product_3,563.03,22,62.57,Clothing,12386.66,Sunday,October
2024-10-07,Product_1,572.98,12,73.27,Electronics,6875.76,Monday,October
2024-10-07,Product_3,568.4,23,47.56,Food,13073.2,Monday,October
2024-10-07,Product_4,593.95,35,75.81,Books,20788.25,Monday,October
2024-10-07,Product_2,659.85,14,78.05,Food,9237.9,Monday,October
2024-10-08,Product_2,691.35,15,25.16,Electronics,10370.25,Tuesday,October
2024-10-08,Product_3,597.06,24,46.88,Clothing,14329.44,Tuesday,October
2024-10-08,Product_1,539.84,11,67.59,Electronics,5938.240000000001,Tuesday,October
2024-10-08,Product_4,604.89,35,40.38,Clothing,21171.15,Tuesday,October
2024-10-09,Product_1,617.33,13,83.55,Toys,8025.290000000001,Wednesday,October
2024-10-09,Product_3,544.44,22,91.9,Food,11977.68,Wednesday,October
2024-10-09,Product_2,692.33,15,23.95,Food,10384.95,Wednesday,October
2024-10-09,Product_4,680.37,40,78.19,Electronics,27214.8,Wednesday,October
2024-10-10,Product_4,657.68,39,86.5,Books,25649.52,Thursday,October
2024-10-10,Product_1,567.11,12,75.17,Electronics,6805.32,Thursday,October
2024-10-10,Product_2,763.34,17,37.99,Electronics,12976.78,Thursday,October
2024-10-10,Product_3,541.62,22,23.0,Books,11915.64,Thursday,October
2024-10-11,Product_1,584.78,12,30.64,Food,7017.36,Friday,October
2024-10-11,Product_4,726.07,43,77.54,Food,31221.01,Friday,October
2024-10-11,Product_2,735.28,16,54.92,Food,11764.48,Friday,October
2024-10-11,Product_3,541.93,22,41.45,Toys,11922.46,Friday,October
2024-10-12,Product_1,544.75,12,52.82,Books,6537.0,Saturday,October
2024-10-12,Product_3,600.03,24,47.76,Toys,14400.72,Saturday,October
2024-10-12,Product_4,625.71,37,61.74,Toys,23151.27,Saturday,October
2024-10-12,Product_2,660.84,14,83.81,Electronics,9251.76,Saturday,October
2024-10-13,Product_4,676.26,40,32.93,Clothing,27050.4,Sunday,October
2024-10-13,Product_3,551.79,22,68.16,Food,12139.38,Sunday,October
2024-10-13,Product_2,704.01,15,68.13,Toys,10560.15,Sunday,October
2024-10-13,Product_1,549.13,12,81.55,Books,6589.56,Sunday,October
2024-10-14,Product_4,677.19,40,40.83,Electronics,27087.6,Monday,October
2024-10-14,Product_1,590.12,13,29.71,Toys,7671.56,Monday,October
2024-10-14,Product_3,547.69,22,52.8,Toys,12049.18,Monday,October
2024-10-14,Product_2,667.06,14,50.3,Toys,9338.84,Monday,October
2024-10-15,Product_2,694.53,15,85.25,Toys,10417.95,Tuesday,October
2024-10-15,Product_1,535.95,11,73.21,Electronics,5895.450000000001,Tuesday,October
2024-10-15,Product_3,583.62,23,26.13,Clothing,13423.26,Tuesday,October
2024-10-15,Product_4,623.2,37,56.03,Food,23058.4,Tuesday,October
2024-10-16,Product_1,633.84,13,29.34,Books,8239.92,Wednesday,October
2024-10-16,Product_2,686.43,15,42.42,Electronics,10296.45,Wednesday,October
2024-10-16,Product_3,597.02,24,22.19,Electronics,14328.48,Wednesday,October
2024-10-16,Product_4,622.51,37,60.25,Clothing,23032.87,Wednesday,October
2024-10-17,Product_4,642.58,38,62.74,Food,24418.04,Thursday,October
2024-10-17,Product_3,574.94,23,95.2,Books,13223.62,Thursday,October
2024-10-17,Product_1,529.54,11,78.11,Books,5824.94,Thursday,October
2024-10-17,Product_2,704.53,15,63.59,Clothing,10567.95,Thursday,October
2024-10-18,Product_1,573.25,12,38.94,Electronics,6879.0,Friday,October
2024-10-18,Product_2,673.34,15,93.74,Clothing,10100.1,Friday,October
2024-10-18,Product_3,581.16,23,89.33,Food,13366.679999999998,Friday,October
2024-10-18,Product_4,722.83,42,68.0,Food,30358.86,Friday,October
2024-10-19,Product_2,731.27,16,80.37,Electronics,11700.32,Saturday,October
2024-10-19,Product_3,596.28,24,88.1,Toys,14310.72,Saturday,October
2024-10-19,Product_5,198.73,4,26.36,Toys,794.92,Saturday,October
2024-10-19,Product_1,628.37,13,38.59,Food,8168.81,Saturday,October
2024-10-19,Product_4,626.23,37,67.46,Toys,23170.51,Saturday,October
2024-10-20,Product_2,657.6,14,97.47,Food,9206.4,Sunday,October
2024-10-20,Product_3,591.71,24,90.13,Food,14201.04,Sunday,October
2024-10-20,Product_1,565.05,12,67.79,Toys,6780.599999999999,Sunday,October
2024-10-20,Product_4,676.84,40,40.96,Clothing,27073.6,Sunday,October
2024-10-21,Product_1,588.97,13,33.92,Toys,7656.610000000001,Monday,October
2024-10-21,Product_3,541.27,22,23.03,Food,11907.94,Monday,October
2024-10-21,Product_4,621.91,36,73.69,Clothing,22388.76,Monday,October
2024-10-21,Product_2,700.74,15,79.98,Electronics,10511.1,Monday,October
2024-10-22,Product_5,190.81,4,52.98,Books,763.24,Tuesday,October
2024-10-22,Product_3,579.47,23,62.42,Clothing,13327.81,Tuesday,October
2024-10-22,Product_2,689.82,15,64.46,Books,10347.3,Tuesday,October
2024-10-22,Product_1,623.2,13,91.01,Clothing,8101.6,Tuesday,October
2024-10-22,Product_4,618.22,36,36.05,Toys,22255.92,Tuesday,October
2024-10-23,Product_4,647.69,38,31.77,Electronics,24612.22,Wednesday,October
2024-10-23,Product_2,707.46,15,47.34,Clothing,10611.9,Wednesday,October
2024-10-23,Product_3,511.18,20,24.99,Toys,10223.6,Wednesday,October
2024-10-23,Product_1,578.7,12,33.07,Food,6944.400000000001,Wednesday,October
2024-10-24,Product_4,678.98,40,74.61,Toys,27159.2,Thursday,October
2024-10-24,Product_1,600.84,13,25.13,Electronics,7810.92,Thursday,October
2024-10-24,Product_2,658.7,14,63.65,Clothing,9221.8,Thursday,October
2024-10-24,Product_3,594.69,24,72.7,Books,14272.56,Thursday,October
2024-10-25,Product_4,668.13,39,70.65,Food,26057.07,Friday,October
2024-10-25,Product_2,714.35,16,30.94,Food,11429.6,Friday,October
2024-10-25,Product_1,580.9,12,92.59,Toys,6970.799999999999,Friday,October
2024-10-25,Product_3,597.17,24,42.24,Clothing,14332.079999999998,Friday,October
2024-10-26,Product_2,661.32,14,61.17,Clothing,9258.48,Saturday,October
2024-10-26,Product_4,681.84,40,28.88,Food,27273.6,Saturday,October
2024-10-26,Product_1,582.1,12,22.72,Toys,6985.200000000001,Saturday,October
2024-10-26,Product_3,577.03,23,95.25,Clothing,13271.69,Saturday,October
2024-10-27,Product_3,638.0,25,45.09,Electronics,15950.0,Sunday,October
2024-10-27,Product_4,592.59,35,69.2,Food,20740.65,Sunday,October
2024-10-27,Product_1,547.59,12,58.43,Clothing,6571.08,Sunday,October
2024-10-27,Product_2,718.99,16,87.9,Electronics,11503.84,Sunday,October
2024-10-28,Product_4,638.73,37,67.67,Clothing,23633.01,Monday,October
2024-10-28,Product_2,681.26,15,21.13,Electronics,10218.9,Monday,October
2024-10-28,Product_3,525.77,21,73.99,Food,11041.17,Monday,October
2024-10-28,Product_1,565.75,12,41.95,Food,6789.0,Monday,October
2024-10-29,Product_4,634.36,37,92.6,Electronics,23471.32,Tuesday,October
2024-10-29,Product_2,663.19,14,40.71,Electronics,9284.66,Tuesday,October
2024-10-29,Product_3,560.13,22,84.23,Books,12322.86,Tuesday,October
2024-10-29,Product_1,566.92,12,93.98,Electronics,6803.039999999999,Tuesday,October
2024-10-30,Product_3,573.49,23,66.29,Clothing,13190.27,Wednesday,October
2024-10-30,Product_1,563.17,12,43.88,Toys,6758.039999999999,Wednesday,October
2024-10-30,Product_4,693.41,41,93.88,Electronics,28429.81,Wednesday,October
2024-10-30,Product_2,696.2,15,29.0,Electronics,10443.0,Wednesday,October
2024-10-31,Product_4,674.24,40,84.43,Clothing,26969.6,Thursday,October
2024-10-31,Product_3,627.06,25,94.31,Electronics,15676.499999999998,Thursday,October
2024-10-31,Product_1,632.32,13,88.18,Electronics,8220.16,Thursday,October
2024-10-31,Product_2,752.92,16,59.93,Books,12046.72,Thursday,October
2024-11-01,Product_3,600.98,24,38.46,Electronics,14423.52,Friday,November
2024-11-01,Product_4,682.65,40,76.43,Food,27306.0,Friday,November
2024-11-01,Product_5,201.32,4,45.8,Clothing,805.28,Friday,November
2024-11-01,Product_1,626.85,13,78.46,Electronics,8149.05,Friday,November
2024-11-01,Product_2,748.57,16,27.1,Toys,11977.12,Friday,November
2024-11-02,Product_2,696.36,15,81.24,Electronics,10445.4,Saturday,November
2024-11-02,Product_4,621.84,36,74.09,Clothing,22386.24,Saturday,November
2024-11-02,Product_1,582.57,12,28.29,Toys,6990.84,Saturday,November
2024-11-02,Product_3,624.95,25,25.53,Books,15623.750000000002,Saturday,November
2024-11-03,Product_4,647.93,38,79.0,Food,24621.34,Sunday,November
2024-11-03,Product_3,581.09,23,45.5,Books,13365.070000000002,Sunday,November
2024-11-03,Product_2,705.67,15,78.2,Toys,10585.05,Sunday,November
2024-11-03,Product_1,590.33,13,51.85,Books,7674.290000000001,Sunday,November
2024-11-04,Product_2,680.22,15,84.64,Food,10203.3,Monday,November
2024-11-04,Product_3,563.64,22,61.53,Food,12400.08,Monday,November
2024-11-04,Product_4,625.14,37,75.15,Books,23130.18,Monday,November
2024-11-04,Product_1,671.52,14,94.73,Food,9401.28,Monday,November
2024-11-05,Product_1,606.89,13,72.55,Toys,7889.57,Tuesday,November
2024-11-05,Product_2,638.84,14,32.51,Clothing,8943.76,Tuesday,November
2024-11-05,Product_4,665.36,39,82.19,Clothing,25949.04,Tuesday,November
2024-11-05,Product_3,592.46,24,60.81,Toys,14219.04,Tuesday,November
2024-11-06,Product_2,710.34,15,93.82,Food,10655.1,Wednesday,November
2024-11-06,Product_3,668.92,27,85.23,Books,18060.84,Wednesday,November
2024-11-06,Product_1,600.56,13,37.47,Clothing,7807.279999999999,Wednesday,November
2024-11-06,Product_4,677.79,40,98.94,Toys,27111.6,Wednesday,November
2024-11-07,Product_3,609.16,24,30.04,Food,14619.84,Thursday,November
2024-11-07,Product_4,711.67,42,79.61,Toys,29890.14,Thursday,November
2024-11-07,Product_1,594.61,13,21.08,Toys,7729.93,Thursday,November
2024-11-07,Product_2,707.06,15,62.61,Electronics,10605.9,Thursday,November
2024-11-08,Product_2,660.23,14,83.63,Clothing,9243.22,Friday,November
2024-11-08,Product_1,600.88,13,25.37,Food,7811.44,Friday,November
2024-11-08,Product_4,684.59,40,73.07,Clothing,27383.6,Friday,November
2024-11-08,Product_3,587.6,23,99.38,Clothing,13514.8,Friday,November
2024-11-09,Product_2,744.44,16,53.47,Clothing,11911.04,Saturday,November
2024-11-09,Product_3,569.06,23,61.35,Toys,13088.38,Saturday,November
2024-11-09,Product_1,615.0,13,90.08,Toys,7995.0,Saturday,November
2024-11-09,Product_4,685.87,40,65.25,Clothing,27434.8,Saturday,November
2024-11-10,Product_1,597.6,13,35.17,Food,7768.8,Sunday,November
2024-11-10,Product_2,689.82,15,25.27,Food,10347.3,Sunday,November
2024-11-10,Product_4,683.69,40,46.41,Books,27347.6,Sunday,November
2024-11-10,Product_3,592.44,24,26.09,Food,14218.56,Sunday,November
2024-11-11,Product_2,649.19,14,24.35,Clothing,9088.66,Monday,November
2024-11-11,Product_4,677.71,40,30.21,Clothing,27108.4,Monday,November
2024-11-11,Product_1,576.38,12,93.92,Toys,6916.56,Monday,November
2024-11-11,Product_3,565.52,23,98.94,Electronics,13006.96,Monday,November
2024-11-12,Product_4,786.49,46,64.23,Clothing,36178.54,Tuesday,November
2024-11-12,Product_1,552.05,12,64.96,Toys,6624.599999999999,Tuesday,November
2024-11-12,Product_2,691.25,15,31.29,Food,10368.75,Tuesday,November
2024-11-12,Product_3,597.97,24,35.77,Books,14351.28,Tuesday,November
2024-11-13,Product_1,596.37,13,67.72,Toys,7752.81,Wednesday,November
2024-11-13,Product_4,672.13,39,22.36,Food,26213.07,Wednesday,November
2024-11-13,Product_3,622.8,25,80.55,Food,15569.999999999998,Wednesday,November
2024-11-13,Product_2,769.57,17,62.1,Books,13082.69,Wednesday,November
2024-11-14,Product_1,664.63,14,28.56,Toys,9304.82,Thursday,November
2024-11-14,Product_4,650.29,38,70.96,Food,24711.02,Thursday,November
2024-11-14,Product_3,593.49,24,57.42,Clothing,14243.76,Thursday,November
2024-11-14,Product_2,754.91,16,79.26,Books,12078.56,Thursday,November
2024-11-15,Product_2,723.98,16,28.66,Electronics,11583.68,Friday,November
2024-11-15,Product_4,662.96,39,80.75,Clothing,25855.44,Friday,November
2024-11-15,Product_3,619.52,25,73.09,Books,15488.0,Friday,November
2024-11-15,Product_5,192.09,4,92.25,Food,768.36,Friday,November
2024-11-15,Product_1,624.12,13,47.76,Clothing,8113.56,Friday,November
2024-11-16,Product_1,548.82,12,35.86,Clothing,6585.84,Saturday,November
2024-11-16,Product_2,702.47,15,48.33,Toys,10537.05,Saturday,November
2024-11-16,Product_4,597.11,35,61.05,Electronics,20898.85,Saturday,November
2024-11-16,Product_3,628.43,25,69.05,Electronics,15710.749999999998,Saturday,November
2024-11-17,Product_2,691.53,15,53.81,Food,10372.95,Sunday,November
2024-11-17,Product_4,679.92,40,74.58,Food,27196.8,Sunday,November
2024-11-17,Product_1,594.52,13,25.41,Electronics,7728.76,Sunday,November
2024-11-17,Product_3,550.04,22,23.3,Toys,12100.88,Sunday,November
2024-11-18,Product_2,679.86,15,65.33,Clothing,10197.9,Monday,November
2024-11-18,Product_1,569.5,12,51.1,Toys,6834.0,Monday,November
2024-11-18,Product_3,586.41,23,27.49,Electronics,13487.429999999998,Monday,November
2024-11-18,Product_4,662.17,39,21.64,Food,25824.63,Monday,November
2024-11-19,Product_1,620.24,13,90.82,Electronics,8063.12,Tuesday,November
2024-11-19,Product_2,838.24,18,40.82,Electronics,15088.32,Tuesday,November
2024-11-19,Product_3,601.15,24,50.65,Toys,14427.6,Tuesday,November
2024-11-19,Product_4,679.35,40,81.71,Food,27174.0,Tuesday,November
2024-11-20,Product_2,723.71,16,98.61,Books,11579.36,Wednesday,November
2024-11-20,Product_5,173.59,3,76.42,Electronics,520.77,Wednesday,November
2024-11-20,Product_1,598.56,13,76.72,Toys,7781.279999999999,Wednesday,November
2024-11-20,Product_3,588.56,23,41.49,Electronics,13536.88,Wednesday,November
2024-11-20,Product_4,711.59,42,58.57,Food,29886.78,Wednesday,November
2024-11-21,Product_4,627.08,37,88.14,Books,23201.960000000003,Thursday,November
2024-11-21,Product_2,680.03,15,30.18,Food,10200.45,Thursday,November
2024-11-21,Product_1,632.48,13,58.23,Electronics,8222.24,Thursday,November
2024-11-21,Product_3,573.54,23,93.9,Electronics,13191.419999999998,Thursday,November
2024-11-22,Product_1,574.84,12,93.64,Electronics,6898.08,Friday,November
2024-11-22,Product_4,681.97,40,99.07,Clothing,27278.800000000003,Friday,November
2024-11-22,Product_2,724.33,16,88.05,Toys,11589.28,Friday,November
2024-11-22,Product_5,176.19,3,28.1,Electronics,528.5699999999999,Friday,November
2024-11-22,Product_3,612.44,24,47.19,Food,14698.56,Friday,November
2024-11-23,Product_1,600.08,13,53.2,Clothing,7801.040000000001,Saturday,November
2024-11-23,Product_2,698.13,15,89.03,Books,10471.95,Saturday,November
2024-11-23,Product_3,606.43,24,84.47,Clothing,14554.32,Saturday,November
2024-11-23,Product_4,687.4,40,42.93,Clothing,27496.0,Saturday,November
2024-11-24,Product_1,552.09,12,25.47,Electronics,6625.08,Sunday,November
2024-11-24,Product_2,689.99,15,24.1,Toys,10349.85,Sunday,November
2024-11-24,Product_3,580.68,23,46.0,Toys,13355.64,Sunday,November
2024-11-24,Product_4,633.46,37,42.29,Food,23438.02,Sunday,November
2024-11-25,Product_3,566.04,23,52.34,Clothing,13018.919999999998,Monday,November
2024-11-25,Product_4,630.99,37,21.28,Electronics,23346.63,Monday,November
2024-11-25,Product_2,721.86,16,66.58,Food,11549.76,Monday,November
2024-11-25,Product_1,577.75,12,71.88,Books,6933.0,Monday,November
2024-11-26,Product_2,702.59,15,86.48,Books,10538.85,Tuesday,November
2024-11-26,Product_4,700.83,41,47.39,Books,28734.03,Tuesday,November
2024-11-26,Product_1,609.06,13,80.67,Books,7917.779999999999,Tuesday,November
2024-11-26,Product_3,572.89,23,71.77,Clothing,13176.47,Tuesday,November
2024-11-27,Product_2,743.07,16,83.66,Toys,11889.12,Wednesday,November
2024-11-27,Product_4,667.92,39,32.92,Clothing,26048.88,Wednesday,November
2024-11-27,Product_1,643.31,14,36.12,Toys,9006.34,Wednesday,November
2024-11-27,Product_3,611.42,24,53.8,Books,14674.079999999998,Wednesday,November
2024-11-28,Product_1,612.6,13,70.58,Clothing,7963.8,Thursday,November
2024-11-28,Product_5,197.75,4,85.16,Clothing,791.0,Thursday,November
2024-11-28,Product_4,690.98,41,24.51,Toys,28330.18,Thursday,November
2024-11-28,Product_2,705.9,15,71.41,Toys,10588.5,Thursday,November
2024-11-28,Product_3,583.49,23,74.68,Toys,13420.27,Thursday,November
2024-11-29,Product_1,665.76,14,93.93,Food,9320.64,Friday,November
2024-11-29,Product_4,689.21,40,89.02,Clothing,27568.4,Friday,November
2024-11-29,Product_3,651.67,26,72.21,Electronics,16943.42,Friday,November
2024-11-29,Product_5,236.73,5,63.54,Electronics,1183.65,Friday,November
2024-11-29,Product_2,713.43,15,71.65,Books,10701.45,Friday,November
2024-11-30,Product_4,721.91,42,54.07,Electronics,30320.22,Saturday,November
2024-11-30,Product_1,646.99,14,35.51,Electronics,9057.86,Saturday,November
2024-11-30,Product_2,707.19,15,80.8,Toys,10607.85,Saturday,November
2024-11-30,Product_3,578.65,23,29.99,Toys,13308.95,Saturday,November
2024-12-01,Product_1,698.2,15,20.55,Clothing,10473.0,Sunday,December
2024-12-01,Product_4,689.4,40,77.85,Food,27576.0,Sunday,December
2024-12-01,Product_2,700.14,15,45.11,Food,10502.1,Sunday,December
2024-12-01,Product_3,581.57,23,43.9,Food,13376.11,Sunday,December
2024-12-01,Product_5,175.98,3,47.11,Toys,527.9399999999999,Sunday,December
2024-12-02,Product_3,526.37,21,39.9,Toys,11053.77,Monday,December
2024-12-02,Product_1,612.1,13,84.1,Clothing,7957.3,Monday,December
2024-12-02,Product_4,678.55,40,51.62,Toys,27142.0,Monday,December
2024-12-02,Product_2,698.39,15,97.5,Clothing,10475.85,Monday,December
2024-12-03,Product_3,568.07,23,37.92,Toys,13065.61,Tuesday,December
2024-12-03,Product_2,668.45,14,79.45,Toys,9358.3,Tuesday,December
2024-12-03,Product_1,587.35,12,40.71,Books,7048.200000000001,Tuesday,December
2024-12-03,Product_4,712.62,42,27.24,Toys,29930.04,Tuesday,December
2024-12-03,Product_5,174.53,3,60.74,Electronics,523.59,Tuesday,December
2024-12-04,Product_1,581.75,12,93.73,Toys,6981.0,Wednesday,December
2024-12-04,Product_4,684.34,40,78.68,Clothing,27373.6,Wednesday,December
2024-12-04,Product_3,616.75,25,78.65,Food,15418.75,Wednesday,December
2024-12-04,Product_2,763.23,17,81.01,Books,12974.91,Wednesday,December
2024-12-05,Product_5,201.08,4,84.96,Clothing,804.32,Thursday,December
2024-12-05,Product_3,653.15,26,48.09,Books,16981.899999999998,Thursday,December
2024-12-05,Product_1,646.84,14,25.31,Books,9055.76,Thursday,December
2024-12-05,Product_2,722.54,16,65.99,Toys,11560.64,Thursday,December
2024-12-05,Product_4,721.47,42,62.65,Electronics,30301.74,Thursday,December
2024-12-06,Product_1,644.89,14,27.57,Clothing,9028.46,Friday,December
2024-12-06,Product_5,183.84,4,24.22,Clothing,735.36,Friday,December
2024-12-06,Product_2,746.22,16,46.27,Clothing,11939.52,Friday,December
2024-12-06,Product_4,723.99,43,59.85,Food,31131.57,Friday,December
2024-12-06,Product_3,641.63,26,96.44,Books,16682.38,Friday,December
2024-12-07,Product_3,649.61,26,71.89,Books,16889.86,Saturday,December
2024-12-07,Product_2,770.38,17,78.34,Toys,13096.46,Saturday,December
2024-12-07,Product_4,669.52,39,72.66,Toys,26111.28,Saturday,December
2024-12-07,Product_1,602.99,13,43.28,Electronics,7838.87,Saturday,December
2024-12-08,Product_3,642.8,26,65.86,Toys,16712.8,Sunday,December
2024-12-08,Product_2,702.03,15,74.77,Clothing,10530.45,Sunday,December
2024-12-08,Product_1,568.4,12,47.09,Clothing,6820.799999999999,Sunday,December
2024-12-08,Product_4,729.85,43,95.41,Food,31383.55,Sunday,December
2024-12-09,Product_4,667.59,39,88.41,Clothing,26036.01,Monday,December
2024-12-09,Product_1,587.19,12,26.81,Toys,7046.280000000001,Monday,December
2024-12-09,Product_2,684.56,15,84.31,Toys,10268.4,Monday,December
2024-12-09,Product_3,571.93,23,30.52,Toys,13154.39,Monday,December
2024-12-10,Product_4,651.45,38,87.15,Toys,24755.1,Tuesday,December
2024-12-10,Product_3,583.89,23,58.73,Clothing,13429.47,Tuesday,December
2024-12-10,Product_1,572.21,12,78.11,Clothing,6866.52,Tuesday,December
2024-12-10,Product_2,707.54,15,79.76,Electronics,10613.1,Tuesday,December
2024-12-11,Product_2,821.38,18,87.43,Food,14784.84,Wednesday,December
2024-12-11,Product_5,186.41,4,83.08,Books,745.64,Wednesday,December
2024-12-11,Product_4,723.81,43,36.69,Toys,31123.83,Wednesday,December
2024-12-11,Product_3,625.86,25,61.49,Electronics,15646.5,Wednesday,December
2024-12-11,Product_1,593.7,13,77.85,Toys,7718.1,Wednesday,December
2024-12-12,Product_1,667.99,14,30.01,Food,9351.86,Thursday,December
2024-12-12,Product_2,737.17,16,89.38,Books,11794.72,Thursday,December
2024-12-12,Product_3,626.34,25,98.13,Books,15658.5,Thursday,December
2024-12-12,Product_4,731.93,43,58.29,Electronics,31472.99,Thursday,December
2024-12-13,Product_3,656.96,26,21.38,Toys,17080.96,Friday,December
2024-12-13,Product_2,682.18,15,78.62,Electronics,10232.7,Friday,December
2024-12-13,Product_1,683.39,15,43.86,Books,10250.85,Friday,December
2024-12-13,Product_4,689.6,41,42.93,Books,28273.6,Friday,December
2024-12-14,Product_5,180.63,3,66.33,Toys,541.89,Saturday,December
2024-12-14,Product_2,776.85,17,73.39,Clothing,13206.45,Saturday,December
2024-12-14,Product_3,634.96,25,39.37,Clothing,15874.0,Saturday,December
2024-12-14,Product_4,790.32,46,47.95,Electronics,36354.72,Saturday,December
2024-12-14,Product_1,662.81,14,81.27,Electronics,9279.34,Saturday,December
2024-12-15,Product_2,694.48,15,74.74,Toys,10417.2,Sunday,December
2024-12-15,Product_3,635.58,25,96.89,Food,15889.500000000002,Sunday,December
2024-12-15,Product_4,659.13,39,95.1,Food,25706.07,Sunday,December
2024-12-15,Product_1,525.91,11,29.79,Electronics,5785.009999999999,Sunday,December
2024-12-16,Product_3,612.84,24,56.2,Electronics,14708.16,Monday,December
2024-12-16,Product_4,693.67,41,72.57,Electronics,28440.47,Monday,December
2024-12-16,Product_1,631.27,13,42.3,Toys,8206.51,Monday,December
2024-12-16,Product_2,694.6,15,29.83,Books,10419.0,Monday,December
2024-12-17,Product_3,621.53,25,78.3,Electronics,15538.25,Tuesday,December
2024-12-17,Product_4,680.13,40,51.01,Books,27205.2,Tuesday,December
2024-12-17,Product_2,710.82,15,77.95,Electronics,10662.3,Tuesday,December
2024-12-17,Product_1,596.23,13,62.81,Books,7750.99,Tuesday,December
2024-12-18,Product_1,618.79,13,24.8,Food,8044.269999999999,Wednesday,December
2024-12-18,Product_4,746.65,44,98.81,Electronics,32852.6,Wednesday,December
2024-12-18,Product_2,747.44,16,87.8,Clothing,11959.04,Wednesday,December
2024-12-18,Product_3,610.79,24,83.36,Clothing,14658.96,Wednesday,December
2024-12-19,Product_3,666.98,27,49.42,Books,18008.46,Thursday,December
2024-12-19,Product_5,188.02,4,86.12,Books,752.08,Thursday,December
2024-12-19,Product_4,756.86,44,65.55,Electronics,33301.840000000004,Thursday,December
2024-12-19,Product_2,703.32,15,47.21,Electronics,10549.8,Thursday,December
2024-12-19,Product_1,613.25,13,34.45,Food,7972.25,Thursday,December
2024-12-20,Product_1,651.55,14,65.28,Electronics,9121.7,Friday,December
2024-12-20,Product_5,200.86,4,35.4,Food,803.44,Friday,December
2024-12-20,Product_4,715.33,42,85.55,Clothing,30043.86,Friday,December
2024-12-20,Product_2,754.86,16,75.44,Food,12077.76,Friday,December
2024-12-20,Product_3,624.23,25,24.79,Books,15605.75,Friday,December
2024-12-21,Product_5,175.37,3,88.15,Books,526.11,Saturday,December
2024-12-21,Product_4,709.07,42,73.01,Books,29780.94,Saturday,December
2024-12-21,Product_3,592.14,24,75.03,Toys,14211.36,Saturday,December
2024-12-21,Product_1,628.13,13,50.19,Clothing,8165.69,Saturday,December
2024-12-21,Product_2,726.65,16,20.79,Clothing,11626.4,Saturday,December
2024-12-22,Product_3,563.09,22,56.06,Food,12387.98,Sunday,December
2024-12-22,Product_4,668.23,39,81.16,Toys,26060.97,Sunday,December
2024-12-22,Product_2,728.42,16,65.76,Clothing,11654.72,Sunday,December
2024-12-22,Product_1,644.89,14,92.28,Toys,9028.46,Sunday,December
2024-12-23,Product_3,592.24,24,84.24,Food,14213.76,Monday,December
2024-12-23,Product_4,639.91,38,54.63,Toys,24316.58,Monday,December
2024-12-23,Product_2,763.52,17,34.77,Books,12979.84,Monday,December
2024-12-23,Product_1,603.75,13,76.36,Books,7848.75,Monday,December
2024-12-24,Product_5,176.09,3,47.84,Electronics,528.27,Tuesday,December
2024-12-24,Product_3,616.55,25,22.84,Books,15413.749999999998,Tuesday,December
2024-12-24,Product_2,753.63,16,80.25,Food,12058.08,Tuesday,December
2024-12-24,Product_4,748.37,44,98.89,Toys,32928.28,Tuesday,December
2024-12-24,Product_1,656.32,14,76.36,Toys,9188.48,Tuesday,December
2024-12-25,Product_5,197.61,4,32.53,Clothing,790.44,Wednesday,December
2024-12-25,Product_1,611.4,13,25.63,Clothing,7948.2,Wednesday,December
2024-12-25,Product_4,714.69,42,95.24,Books,30016.980000000003,Wednesday,December
2024-12-25,Product_2,768.19,17,54.44,Food,13059.23,Wednesday,December
2024-12-25,Product_3,631.7,25,92.95,Electronics,15792.500000000002,Wednesday,December
2024-12-26,Product_3,649.39,26,67.22,Books,16884.14,Thursday,December
2024-12-26,Product_1,682.6,15,40.96,Clothing,10239.0,Thursday,December
2024-12-26,Product_2,759.14,17,55.77,Clothing,12905.38,Thursday,December
2024-12-26,Product_4,681.83,40,88.37,Toys,27273.2,Thursday,December
2024-12-27,Product_4,749.38,44,38.87,Clothing,32972.72,Friday,December
2024-12-27,Product_1,673.07,14,20.05,Clothing,9422.98,Friday,December
2024-12-27,Product_3,605.31,24,70.53,Clothing,14527.44,Friday,December
2024-12-27,Product_2,776.79,17,86.29,Clothing,13205.43,Friday,December
2024-12-28,Product_4,721.49,42,90.84,Electronics,30302.58,Saturday,December
2024-12-28,Product_1,693.61,15,39.38,Books,10404.15,Saturday,December
2024-12-28,Product_3,661.85,26,47.06,Toys,17208.100000000002,Saturday,December
2024-12-28,Product_2,786.08,17,36.77,Food,13363.36,Saturday,December
2024-12-28,Product_5,230.17,5,62.6,Food,1150.85,Saturday,December
2024-12-29,Product_5,189.88,4,76.42,Books,759.52,Sunday,December
2024-12-29,Product_4,720.09,42,34.07,Books,30243.78,Sunday,December
2024-12-29,Product_1,650.27,14,42.66,Clothing,9103.78,Sunday,December
2024-12-29,Product_2,762.89,17,48.74,Books,12969.13,Sunday,December
2024-12-29,Product_3,619.81,25,62.76,Electronics,15495.249999999998,Sunday,December
2024-12-30,Product_3,576.34,23,95.98,Books,13255.820000000002,Monday,December
2024-12-30,Product_4,707.28,42,48.37,Toys,29705.76,Monday,December
2024-12-30,Product_1,585.17,12,31.62,Food,7022.039999999999,Monday,December
2024-12-30,Product_2,695.33,15,85.44,Clothing,10429.95,Monday,December
2024-12-31,Product_2,744.62,16,27.53,Books,11913.92,Tuesday,December
2024-12-31,Product_3,561.67,22,78.66,Food,12356.74,Tuesday,December
2024-12-31,Product_4,669.27,39,64.84,Toys,26101.53,Tuesday,December
2024-12-31,Product_1,605.89,13,61.69,Electronics,7876.57,Tuesday,December
