date,product_id,sales,quantity,price,category,revenue,day_of_week,month
2020-01-01,Product_1,433.96,31,51.1,Food,13452.76,Wednesday,January
2020-01-02,Product_1,383.95,28,56.8,Clothing,10750.6,Thursday,January
2020-01-03,Product_1,428.64,31,36.22,Electronics,13287.84,Friday,January
2020-01-04,Product_1,384.88,28,32.45,Books,10776.64,Saturday,January
2020-01-05,Product_1,316.8,23,86.06,Toys,7286.400000000001,Sunday,January
2020-01-06,Product_1,311.33,22,30.6,Books,6849.259999999999,Monday,January
2020-01-07,Product_1,404.07,29,48.18,Toys,11718.03,Tuesday,January
2020-01-08,Product_1,363.82,26,97.24,Toys,9459.32,Wednesday,January
2020-01-09,Product_1,420.28,30,37.6,Books,12608.4,Thursday,January
2020-01-10,Product_1,432.46,31,37.37,Food,13406.26,Friday,January
2020-01-11,Product_1,396.84,29,92.72,Electronics,11508.359999999999,Saturday,January
2020-01-12,Product_1,358.85,26,89.91,Electronics,9330.1,Sunday,January
2020-01-13,Product_1,335.8,24,39.08,Food,8059.200000000001,Monday,January
2020-01-14,Product_1,340.36,24,91.51,Books,8168.64,Tuesday,January
2020-01-15,Product_1,422.94,31,85.71,Toys,13111.14,Wednesday,January
2020-01-16,Product_1,387.71,28,68.3,Food,10855.88,Thursday,January
2020-01-17,Product_1,425.63,31,74.48,Clothing,13194.53,Friday,January
2020-01-18,Product_1,373.81,27,60.25,Electronics,10092.87,Saturday,January
2020-01-19,Product_1,364.61,26,88.7,Clothing,9479.86,Sunday,January
2020-01-20,Product_1,453.54,33,30.32,Food,14966.820000000002,Monday,January
2020-01-21,Product_1,382.11,28,82.56,Food,10699.08,Tuesday,January
2020-01-22,Product_1,410.15,30,52.4,Food,12304.5,Wednesday,January
2020-01-23,Product_1,440.02,32,26.78,Toys,14080.64,Thursday,January
2020-01-24,Product_1,428.95,31,69.12,Electronics,13297.449999999999,Friday,January
2020-01-25,Product_1,382.52,28,26.67,Toys,10710.56,Saturday,January
2020-01-26,Product_1,396.95,29,21.36,Electronics,11511.55,Sunday,January
2020-01-27,Product_1,395.76,29,48.7,Toys,11477.039999999999,Monday,January
2020-01-28,Product_1,371.46,27,87.48,Books,10029.42,Tuesday,January
2020-01-29,Product_1,392.75,28,98.02,Toys,10997.0,Wednesday,January
2020-01-30,Product_1,424.97,31,62.22,Clothing,13174.070000000002,Thursday,January
2020-01-31,Product_1,481.83,35,54.04,Food,16864.05,Friday,January
2020-02-01,Product_1,445.99,32,55.44,Electronics,14271.68,Saturday,February
2020-02-02,Product_1,382.13,28,47.95,Food,10699.64,Sunday,February
2020-02-03,Product_1,427.37,31,44.33,Books,13248.47,Monday,February
2020-02-04,Product_1,377.06,27,55.77,Electronics,10180.62,Tuesday,February
2020-02-05,Product_1,415.17,30,85.45,Clothing,12455.1,Wednesday,February
2020-02-06,Product_1,433.82,31,87.78,Books,13448.42,Thursday,February
2020-02-07,Product_1,488.8,35,91.09,Toys,17108.0,Friday,February
2020-02-08,Product_1,564.48,41,52.36,Clothing,23143.68,Saturday,February
2020-02-09,Product_1,453.69,33,70.72,Electronics,14971.77,Sunday,February
2020-02-10,Product_1,474.57,34,27.98,Electronics,16135.38,Monday,February
2020-02-11,Product_1,425.66,31,45.03,Food,13195.460000000001,Tuesday,February
2020-02-12,Product_1,458.36,33,54.91,Electronics,15125.880000000001,Wednesday,February
2020-02-13,Product_1,459.68,33,56.79,Toys,15169.44,Thursday,February
2020-02-14,Product_1,435.49,31,95.62,Toys,13500.19,Friday,February
2020-02-15,Product_1,447.63,32,33.82,Clothing,14324.16,Saturday,February
2020-02-16,Product_1,437.67,32,63.52,Electronics,14005.44,Sunday,February
2020-02-17,Product_1,499.12,36,84.11,Toys,17968.32,Monday,February
2020-02-18,Product_1,424.88,31,77.52,Clothing,13171.28,Tuesday,February
2020-02-19,Product_1,403.31,29,91.16,Food,11695.99,Wednesday,February
2020-02-20,Product_1,426.48,31,47.91,Clothing,13220.880000000001,Thursday,February
2020-02-21,Product_1,432.99,31,75.84,Food,13422.69,Friday,February
2020-02-22,Product_1,454.52,33,43.87,Clothing,14999.16,Saturday,February
2020-02-23,Product_1,448.88,32,94.34,Books,14364.16,Sunday,February
2020-02-24,Product_1,431.76,31,32.02,Books,13384.56,Monday,February
2020-02-25,Product_1,438.72,32,58.6,Toys,14039.04,Tuesday,February
2020-02-26,Product_1,452.28,33,26.4,Toys,14925.24,Wednesday,February
2020-02-27,Product_1,444.49,32,43.37,Books,14223.68,Thursday,February
2020-02-28,Product_1,485.82,35,30.23,Toys,17003.7,Friday,February
2020-02-29,Product_1,460.69,33,88.62,Food,15202.77,Saturday,February
2020-03-01,Product_1,397.28,29,54.43,Electronics,11521.119999999999,Sunday,March
2020-03-02,Product_1,468.96,34,76.78,Food,15944.64,Monday,March
2020-03-03,Product_1,421.13,30,59.09,Clothing,12633.9,Tuesday,March
2020-03-04,Product_1,394.34,28,50.34,Clothing,11041.519999999999,Wednesday,March
2020-03-05,Product_1,497.6,36,85.32,Books,17913.600000000002,Thursday,March
2020-03-06,Product_1,455.03,33,22.49,Books,15015.99,Friday,March
2020-03-07,Product_1,486.65,35,75.53,Toys,17032.75,Saturday,March
2020-03-08,Product_1,465.64,34,72.63,Books,15831.76,Sunday,March
2020-03-09,Product_1,415.81,30,46.25,Books,12474.3,Monday,March
2020-03-10,Product_1,410.77,30,53.68,Electronics,12323.099999999999,Tuesday,March
2020-03-11,Product_1,433.29,31,96.73,Clothing,13431.99,Wednesday,March
2020-03-12,Product_1,430.29,31,67.51,Books,13338.99,Thursday,March
2020-03-13,Product_1,465.45,34,46.44,Food,15825.3,Friday,March
2020-03-14,Product_1,444.94,32,86.77,Toys,14238.08,Saturday,March
2020-03-15,Product_1,410.93,30,45.83,Clothing,12327.9,Sunday,March
2020-03-16,Product_1,421.78,30,34.42,Clothing,12653.4,Monday,March
2020-03-17,Product_1,398.1,29,91.26,Clothing,11544.900000000001,Tuesday,March
2020-03-18,Product_1,499.59,36,79.61,Food,17985.239999999998,Wednesday,March
2020-03-19,Product_1,504.28,36,77.17,Electronics,18154.079999999998,Thursday,March
2020-03-20,Product_1,514.07,37,62.85,Food,19020.59,Friday,March
2020-03-21,Product_1,504.65,37,20.91,Clothing,18672.05,Saturday,March
2020-03-22,Product_1,451.07,33,60.73,Clothing,14885.31,Sunday,March
2020-03-23,Product_1,459.24,33,63.18,Clothing,15154.92,Monday,March
2020-03-24,Product_1,442.14,32,57.62,Clothing,14148.48,Tuesday,March
2020-03-25,Product_1,486.01,35,30.48,Electronics,17010.35,Wednesday,March
2020-03-26,Product_1,408.08,29,59.33,Food,11834.32,Thursday,March
2020-03-27,Product_1,442.02,32,34.76,Toys,14144.64,Friday,March
2020-03-28,Product_1,451.55,33,71.76,Toys,14901.15,Saturday,March
2020-03-29,Product_1,438.53,32,76.54,Books,14032.96,Sunday,March
2020-03-30,Product_1,440.75,32,55.29,Clothing,14104.0,Monday,March
2020-03-31,Product_1,409.67,30,31.52,Clothing,12290.1,Tuesday,March
2020-04-01,Product_1,413.27,30,81.62,Books,12398.099999999999,Wednesday,April
2020-04-02,Product_1,489.53,35,85.72,Food,17133.55,Thursday,April
2020-04-03,Product_1,475.87,34,66.89,Toys,16179.58,Friday,April
2020-04-04,Product_1,478.66,35,89.84,Food,16753.100000000002,Saturday,April
2020-04-05,Product_1,449.65,32,82.96,Electronics,14388.8,Sunday,April
2020-04-06,Product_1,426.8,31,90.68,Clothing,13230.800000000001,Monday,April
2020-04-07,Product_1,408.27,29,35.18,Toys,11839.83,Tuesday,April
2020-04-08,Product_1,496.39,36,20.61,Toys,17870.04,Wednesday,April
2020-04-09,Product_1,466.05,34,86.46,Books,15845.7,Thursday,April
2020-04-10,Product_1,519.92,38,60.22,Toys,19756.96,Friday,April
2020-04-11,Product_1,486.67,35,44.51,Toys,17033.45,Saturday,April
2020-04-12,Product_1,441.22,32,60.96,Books,14119.04,Sunday,April
2020-04-13,Product_1,342.71,25,46.06,Toys,8567.75,Monday,April
2020-04-14,Product_1,396.36,29,22.09,Toys,11494.44,Tuesday,April
2020-04-15,Product_1,460.73,33,43.08,Electronics,15204.09,Wednesday,April
2020-04-16,Product_1,449.73,32,53.34,Clothing,14391.36,Thursday,April
2020-04-17,Product_1,456.84,33,92.8,Clothing,15075.72,Friday,April
2020-04-18,Product_1,470.37,34,99.46,Toys,15992.58,Saturday,April
2020-04-19,Product_1,448.96,32,51.21,Food,14366.72,Sunday,April
2020-04-20,Product_1,422.01,30,54.89,Toys,12660.3,Monday,April
2020-04-21,Product_1,439.46,32,73.21,Food,14062.72,Tuesday,April
2020-04-22,Product_1,427.79,31,92.91,Clothing,13261.49,Wednesday,April
2020-04-23,Product_1,467.1,34,63.95,Books,15881.400000000001,Thursday,April
2020-04-24,Product_1,440.83,32,20.82,Clothing,14106.56,Friday,April
2020-04-25,Product_1,461.0,33,89.35,Electronics,15213.0,Saturday,April
2020-04-26,Product_1,416.84,30,53.38,Food,12505.199999999999,Sunday,April
2020-04-27,Product_1,404.51,29,98.22,Electronics,11730.789999999999,Monday,April
2020-04-28,Product_1,380.72,27,46.46,Electronics,10279.44,Tuesday,April
2020-04-29,Product_1,435.19,31,65.21,Clothing,13490.89,Wednesday,April
2020-04-30,Product_1,505.8,37,23.33,Electronics,18714.600000000002,Thursday,April
2020-05-01,Product_1,537.45,39,23.12,Books,20960.550000000003,Friday,May
2020-05-02,Product_1,459.25,33,33.36,Toys,15155.25,Saturday,May
2020-05-03,Product_1,439.68,32,29.79,Books,14069.76,Sunday,May
2020-05-04,Product_1,381.87,28,89.21,Food,10692.36,Monday,May
2020-05-05,Product_1,449.39,32,76.74,Toys,14380.48,Tuesday,May
2020-05-06,Product_1,447.37,32,79.31,Food,14315.84,Wednesday,May
2020-05-07,Product_1,416.15,30,94.98,Books,12484.5,Thursday,May
2020-05-08,Product_1,412.86,30,94.86,Toys,12385.800000000001,Friday,May
2020-05-09,Product_1,387.71,28,24.74,Food,10855.88,Saturday,May
2020-05-10,Product_1,452.53,33,83.21,Toys,14933.49,Sunday,May
2020-05-11,Product_1,405.95,29,52.21,Food,11772.55,Monday,May
2020-05-12,Product_1,442.3,32,90.27,Food,14153.6,Tuesday,May
2020-05-13,Product_1,434.31,31,95.22,Electronics,13463.61,Wednesday,May
2020-05-14,Product_1,442.04,32,25.7,Electronics,14145.28,Thursday,May
2020-05-15,Product_1,414.74,30,21.27,Clothing,12442.2,Friday,May
2020-05-16,Product_1,482.18,35,67.44,Food,16876.3,Saturday,May
2020-05-17,Product_1,441.43,32,71.52,Toys,14125.76,Sunday,May
2020-05-18,Product_1,372.45,27,61.47,Books,10056.15,Monday,May
2020-05-19,Product_1,395.65,29,30.92,Books,11473.849999999999,Tuesday,May
2020-05-20,Product_1,467.97,34,35.66,Food,15910.980000000001,Wednesday,May
2020-05-21,Product_1,467.0,34,38.74,Clothing,15878.0,Thursday,May
2020-05-22,Product_1,438.14,32,79.25,Food,14020.48,Friday,May
2020-05-23,Product_1,435.26,31,49.36,Electronics,13493.06,Saturday,May
2020-05-24,Product_1,449.29,32,59.77,Books,14377.28,Sunday,May
2020-05-25,Product_1,431.83,31,32.38,Clothing,13386.73,Monday,May
2020-05-26,Product_1,574.68,42,33.73,Clothing,24136.559999999998,Tuesday,May
2020-05-27,Product_1,383.18,28,62.33,Food,10729.04,Wednesday,May
2020-05-28,Product_1,493.87,36,82.6,Electronics,17779.32,Thursday,May
2020-05-29,Product_1,439.55,32,75.18,Electronics,14065.6,Friday,May
2020-05-30,Product_1,474.86,34,69.1,Books,16145.24,Saturday,May
2020-05-31,Product_1,487.86,35,66.43,Food,17075.100000000002,Sunday,May
2020-06-01,Product_1,437.89,32,99.66,Electronics,14012.48,Monday,June
2020-06-02,Product_1,443.58,32,93.1,Clothing,14194.56,Tuesday,June
2020-06-03,Product_1,423.93,31,39.96,Books,13141.83,Wednesday,June
2020-06-04,Product_1,417.79,30,60.17,Toys,12533.7,Thursday,June
2020-06-05,Product_1,454.73,33,20.58,Clothing,15006.09,Friday,June
2020-06-06,Product_1,415.26,30,45.85,Electronics,12457.8,Saturday,June
2020-06-07,Product_1,438.41,32,51.56,Clothing,14029.12,Sunday,June
2020-06-08,Product_1,391.0,28,21.06,Clothing,10948.0,Monday,June
2020-06-09,Product_1,395.23,28,91.14,Electronics,11066.44,Tuesday,June
2020-06-10,Product_1,448.04,32,53.44,Clothing,14337.28,Wednesday,June
2020-06-11,Product_1,447.23,32,43.65,Food,14311.36,Thursday,June
2020-06-12,Product_1,456.12,33,76.13,Books,15051.960000000001,Friday,June
2020-06-13,Product_1,427.23,31,83.04,Books,13244.130000000001,Saturday,June
2020-06-14,Product_1,385.28,28,32.73,Books,10787.84,Sunday,June
2020-06-15,Product_1,468.7,34,67.8,Clothing,15935.8,Monday,June
2020-06-16,Product_1,386.78,28,29.72,Toys,10829.84,Tuesday,June
2020-06-17,Product_1,461.19,33,47.1,Electronics,15219.27,Wednesday,June
2020-06-18,Product_1,445.47,32,51.11,Books,14255.04,Thursday,June
2020-06-19,Product_1,444.24,32,63.46,Toys,14215.68,Friday,June
2020-06-20,Product_1,415.62,30,78.69,Toys,12468.6,Saturday,June
2020-06-21,Product_1,463.41,33,88.46,Electronics,15292.53,Sunday,June
2020-06-22,Product_1,412.19,30,82.99,Food,12365.7,Monday,June
2020-06-23,Product_1,398.84,29,84.56,Books,11566.359999999999,Tuesday,June
2020-06-24,Product_1,490.51,35,62.36,Food,17167.85,Wednesday,June
2020-06-25,Product_1,451.73,33,48.06,Clothing,14907.09,Thursday,June
2020-06-26,Product_1,464.04,34,46.51,Electronics,15777.36,Friday,June
2020-06-27,Product_1,409.47,30,25.2,Clothing,12284.1,Saturday,June
2020-06-28,Product_1,385.66,28,21.07,Toys,10798.480000000001,Sunday,June
2020-06-29,Product_1,401.18,29,55.66,Food,11634.22,Monday,June
2020-06-30,Product_1,389.7,28,96.33,Clothing,10911.6,Tuesday,June
2020-07-01,Product_1,481.5,35,96.94,Toys,16852.5,Wednesday,July
2020-07-02,Product_1,414.19,30,53.67,Books,12425.7,Thursday,July
2020-07-03,Product_1,425.46,31,49.89,Books,13189.26,Friday,July
2020-07-04,Product_1,420.25,30,78.28,Food,12607.5,Saturday,July
2020-07-05,Product_1,428.88,31,42.68,Electronics,13295.28,Sunday,July
2020-07-06,Product_1,422.5,30,21.05,Books,12675.0,Monday,July
2020-07-07,Product_1,414.12,30,93.71,Electronics,12423.6,Tuesday,July
2020-07-08,Product_1,363.5,26,99.27,Books,9451.0,Wednesday,July
2020-07-09,Product_1,397.27,29,56.25,Electronics,11520.83,Thursday,July
2020-07-10,Product_1,438.61,32,56.23,Clothing,14035.52,Friday,July
2020-07-11,Product_1,432.22,31,51.1,Electronics,13398.820000000002,Saturday,July
2020-07-12,Product_1,431.6,31,79.48,Food,13379.6,Sunday,July
2020-07-13,Product_1,418.99,30,78.21,Food,12569.7,Monday,July
2020-07-14,Product_1,376.57,27,41.61,Books,10167.39,Tuesday,July
2020-07-15,Product_1,372.49,27,86.93,Food,10057.23,Wednesday,July
2020-07-16,Product_1,394.52,28,89.34,Clothing,11046.56,Thursday,July
2020-07-17,Product_1,401.95,29,43.16,Electronics,11656.55,Friday,July
2020-07-18,Product_1,389.97,28,81.8,Clothing,10919.16,Saturday,July
2020-07-19,Product_1,422.99,31,35.07,Electronics,13112.69,Sunday,July
2020-07-20,Product_1,344.52,25,50.24,Food,8613.0,Monday,July
2020-07-21,Product_1,358.52,26,31.67,Clothing,9321.52,Tuesday,July
2020-07-22,Product_1,394.6,28,97.64,Clothing,11048.800000000001,Wednesday,July
2020-07-23,Product_1,352.17,25,78.58,Food,8804.25,Thursday,July
2020-07-24,Product_1,411.0,30,99.67,Clothing,12330.0,Friday,July
2020-07-25,Product_1,332.24,24,92.51,Clothing,7973.76,Saturday,July
2020-07-26,Product_1,412.25,30,40.0,Books,12367.5,Sunday,July
2020-07-27,Product_1,419.17,30,22.48,Electronics,12575.1,Monday,July
2020-07-28,Product_1,373.22,27,54.17,Electronics,10076.94,Tuesday,July
2020-07-29,Product_1,347.8,25,95.37,Food,8695.0,Wednesday,July
2020-07-30,Product_1,380.01,27,91.76,Books,10260.27,Thursday,July
2020-07-31,Product_1,424.81,31,66.21,Electronics,13169.11,Friday,July
2020-08-01,Product_1,419.46,30,61.76,Toys,12583.8,Saturday,August
2020-08-02,Product_1,366.11,26,37.12,Toys,9518.86,Sunday,August
2020-08-03,Product_1,371.38,27,21.29,Toys,10027.26,Monday,August
2020-08-04,Product_1,353.22,25,67.92,Books,8830.5,Tuesday,August
2020-08-05,Product_1,381.26,27,22.49,Electronics,10294.02,Wednesday,August
2020-08-06,Product_1,411.14,30,96.42,Clothing,12334.199999999999,Thursday,August
2020-08-07,Product_1,374.11,27,85.22,Food,10100.970000000001,Friday,August
2020-08-08,Product_1,360.71,26,46.61,Electronics,9378.46,Saturday,August
2020-08-09,Product_1,372.83,27,47.88,Clothing,10066.41,Sunday,August
2020-08-10,Product_1,351.58,25,87.73,Electronics,8789.5,Monday,August
2020-08-11,Product_1,401.81,29,25.7,Food,11652.49,Tuesday,August
2020-08-12,Product_1,365.19,26,80.41,Food,9494.94,Wednesday,August
2020-08-13,Product_1,366.09,26,25.72,Clothing,9518.34,Thursday,August
2020-08-14,Product_1,409.55,30,58.43,Food,12286.5,Friday,August
2020-08-15,Product_1,399.26,29,72.67,Clothing,11578.539999999999,Saturday,August
2020-08-16,Product_1,323.08,23,42.58,Electronics,7430.839999999999,Sunday,August
2020-08-17,Product_1,349.68,25,67.92,Clothing,8742.0,Monday,August
2020-08-18,Product_1,369.74,27,68.03,Food,9982.98,Tuesday,August
2020-08-19,Product_1,348.75,25,43.44,Clothing,8718.75,Wednesday,August
2020-08-20,Product_1,372.98,27,68.8,Clothing,10070.460000000001,Thursday,August
2020-08-21,Product_1,380.46,27,49.63,Clothing,10272.42,Friday,August
2020-08-22,Product_1,324.78,23,53.81,Food,7469.94,Saturday,August
2020-08-23,Product_1,301.62,22,43.15,Books,6635.64,Sunday,August
2020-08-24,Product_1,351.53,25,49.43,Clothing,8788.25,Monday,August
2020-08-25,Product_1,375.32,27,41.56,Food,10133.64,Tuesday,August
2020-08-26,Product_1,304.7,22,95.92,Clothing,6703.4,Wednesday,August
2020-08-27,Product_1,421.53,30,89.28,Electronics,12645.9,Thursday,August
2020-08-28,Product_1,383.18,28,61.25,Books,10729.04,Friday,August
2020-08-29,Product_1,421.84,30,81.29,Electronics,12655.199999999999,Saturday,August
2020-08-30,Product_1,375.06,27,22.36,Toys,10126.62,Sunday,August
2020-08-31,Product_1,378.52,27,72.49,Food,10220.039999999999,Monday,August
2020-09-01,Product_1,331.4,24,50.65,Books,7953.599999999999,Tuesday,September
2020-09-02,Product_1,372.31,27,35.97,Clothing,10052.37,Wednesday,September
2020-09-03,Product_1,422.61,30,34.76,Food,12678.300000000001,Thursday,September
2020-09-04,Product_1,419.6,30,36.78,Electronics,12588.0,Friday,September
2020-09-05,Product_1,378.65,27,25.64,Toys,10223.55,Saturday,September
2020-09-06,Product_1,360.13,26,84.97,Electronics,9363.38,Sunday,September
2020-09-07,Product_1,304.86,22,29.18,Toys,6706.92,Monday,September
2020-09-08,Product_1,338.85,24,47.6,Electronics,8132.400000000001,Tuesday,September
2020-09-09,Product_1,374.35,27,83.51,Toys,10107.45,Wednesday,September
2020-09-10,Product_1,362.72,26,94.64,Food,9430.720000000001,Thursday,September
2020-09-11,Product_1,399.23,29,85.91,Toys,11577.67,Friday,September
2020-09-12,Product_1,412.96,30,22.23,Electronics,12388.8,Saturday,September
2020-09-13,Product_1,364.2,26,65.11,Toys,9469.199999999999,Sunday,September
2020-09-14,Product_1,344.44,25,94.19,Books,8611.0,Monday,September
2020-09-15,Product_1,383.29,28,82.56,Clothing,10732.12,Tuesday,September
2020-09-16,Product_1,351.09,25,54.34,Books,8777.25,Wednesday,September
2020-09-17,Product_1,398.51,29,41.72,Electronics,11556.789999999999,Thursday,September
2020-09-18,Product_1,413.61,30,53.56,Electronics,12408.300000000001,Friday,September
2020-09-19,Product_1,359.81,26,91.51,Food,9355.06,Saturday,September
2020-09-20,Product_1,329.76,24,64.48,Books,7914.24,Sunday,September
2020-09-21,Product_1,327.55,24,20.02,Books,7861.200000000001,Monday,September
2020-09-22,Product_1,390.55,28,84.43,Books,10935.4,Tuesday,September
2020-09-23,Product_1,351.35,25,86.71,Toys,8783.75,Wednesday,September
2020-09-24,Product_1,373.8,27,64.57,Toys,10092.6,Thursday,September
2020-09-25,Product_1,375.2,27,31.59,Toys,10130.4,Friday,September
2020-09-26,Product_1,420.16,30,75.75,Books,12604.800000000001,Saturday,September
2020-09-27,Product_1,357.09,26,34.07,Toys,9284.34,Sunday,September
2020-09-28,Product_1,289.13,21,56.68,Electronics,6071.73,Monday,September
2020-09-29,Product_1,335.94,24,81.2,Electronics,8062.5599999999995,Tuesday,September
2020-09-30,Product_1,402.75,29,36.69,Books,11679.75,Wednesday,September
2020-10-01,Product_1,357.8,26,36.01,Food,9302.800000000001,Thursday,October
2020-10-02,Product_1,350.07,25,43.41,Electronics,8751.75,Friday,October
2020-10-03,Product_1,334.09,24,44.99,Food,8018.16,Saturday,October
2020-10-04,Product_1,340.68,24,68.3,Clothing,8176.32,Sunday,October
2020-10-05,Product_1,356.9,26,84.63,Books,9279.4,Monday,October
2020-10-06,Product_1,385.52,28,82.06,Electronics,10794.56,Tuesday,October
2020-10-07,Product_1,421.38,30,20.94,Food,12641.4,Wednesday,October
2020-10-08,Product_1,364.91,26,62.29,Toys,9487.66,Thursday,October
2020-10-09,Product_1,445.42,32,73.58,Food,14253.44,Friday,October
2020-10-10,Product_1,348.42,25,39.82,Electronics,8710.5,Saturday,October
2020-10-11,Product_1,388.7,28,23.23,Electronics,10883.6,Sunday,October
2020-10-12,Product_1,325.31,23,54.84,Electronics,7482.13,Monday,October
2020-10-13,Product_1,332.13,24,64.77,Clothing,7971.12,Tuesday,October
2020-10-14,Product_1,309.06,22,51.16,Toys,6799.32,Wednesday,October
2020-10-15,Product_1,386.36,28,65.99,Electronics,10818.08,Thursday,October
2020-10-16,Product_1,363.58,26,82.6,Electronics,9453.08,Friday,October
2020-10-17,Product_1,400.05,29,69.96,Food,11601.45,Saturday,October
2020-10-18,Product_1,387.52,28,98.38,Books,10850.56,Sunday,October
2020-10-19,Product_1,346.4,25,34.14,Toys,8660.0,Monday,October
2020-10-20,Product_1,364.57,26,89.39,Clothing,9478.82,Tuesday,October
2020-10-21,Product_1,401.87,29,78.22,Books,11654.23,Wednesday,October
2020-10-22,Product_1,379.28,27,44.35,Electronics,10240.56,Thursday,October
2020-10-23,Product_1,393.8,28,90.34,Clothing,11026.4,Friday,October
2020-10-24,Product_1,359.41,26,80.55,Toys,9344.66,Saturday,October
2020-10-25,Product_1,422.64,30,36.04,Electronics,12679.199999999999,Sunday,October
2020-10-26,Product_1,322.25,23,98.83,Clothing,7411.75,Monday,October
2020-10-27,Product_1,342.05,25,24.47,Electronics,8551.25,Tuesday,October
2020-10-28,Product_1,366.49,26,77.9,Electronics,9528.74,Wednesday,October
2020-10-29,Product_1,407.79,29,60.93,Books,11825.91,Thursday,October
2020-10-30,Product_1,370.57,27,71.84,Books,10005.39,Friday,October
2020-10-31,Product_1,381.66,27,63.43,Food,10304.820000000002,Saturday,October
2020-11-01,Product_1,342.83,25,36.46,Books,8570.75,Sunday,November
2020-11-02,Product_1,366.82,26,81.87,Clothing,9537.32,Monday,November
2020-11-03,Product_1,381.27,27,60.2,Toys,10294.289999999999,Tuesday,November
2020-11-04,Product_1,397.24,29,61.68,Electronics,11519.960000000001,Wednesday,November
2020-11-05,Product_1,405.67,29,72.04,Clothing,11764.43,Thursday,November
2020-11-06,Product_1,416.37,30,71.78,Electronics,12491.1,Friday,November
2020-11-07,Product_1,413.67,30,69.07,Food,12410.1,Saturday,November
2020-11-08,Product_1,383.97,28,47.03,Toys,10751.16,Sunday,November
2020-11-09,Product_1,346.31,25,71.86,Clothing,8657.75,Monday,November
2020-11-10,Product_1,368.82,27,53.1,Clothing,9958.14,Tuesday,November
2020-11-11,Product_1,376.92,27,74.29,Food,10176.84,Wednesday,November
2020-11-12,Product_1,424.33,31,45.57,Electronics,13154.23,Thursday,November
2020-11-13,Product_1,400.65,29,74.89,Food,11618.849999999999,Friday,November
2020-11-14,Product_1,381.68,27,94.39,Clothing,10305.36,Saturday,November
2020-11-15,Product_1,401.15,29,77.53,Books,11633.349999999999,Sunday,November
2020-11-16,Product_1,376.33,27,48.84,Books,10160.91,Monday,November
2020-11-17,Product_1,381.33,27,25.05,Clothing,10295.91,Tuesday,November
2020-11-18,Product_1,360.05,26,42.48,Books,9361.300000000001,Wednesday,November
2020-11-19,Product_1,417.81,30,55.98,Toys,12534.3,Thursday,November
2020-11-20,Product_1,448.0,32,47.39,Books,14336.0,Friday,November
2020-11-21,Product_1,381.6,27,26.08,Food,10303.2,Saturday,November
2020-11-22,Product_1,398.62,29,78.56,Books,11559.98,Sunday,November
2020-11-23,Product_1,396.46,29,57.12,Books,11497.34,Monday,November
2020-11-24,Product_1,363.2,26,79.06,Toys,9443.199999999999,Tuesday,November
2020-11-25,Product_1,326.44,23,59.6,Toys,7508.12,Wednesday,November
2020-11-26,Product_1,394.99,28,56.44,Electronics,11059.720000000001,Thursday,November
2020-11-27,Product_1,404.84,29,53.16,Electronics,11740.359999999999,Friday,November
2020-11-28,Product_1,441.51,32,51.64,Electronics,14128.32,Saturday,November
2020-11-29,Product_1,379.29,27,65.73,Books,10240.83,Sunday,November
2020-11-30,Product_1,369.47,27,98.94,Toys,9975.69,Monday,November
2020-12-01,Product_1,404.26,29,79.54,Toys,11723.539999999999,Tuesday,December
2020-12-02,Product_1,387.03,28,51.21,Food,10836.84,Wednesday,December
2020-12-03,Product_1,422.11,30,94.63,Food,12663.300000000001,Thursday,December
2020-12-04,Product_1,420.39,30,26.6,Electronics,12611.699999999999,Friday,December
2020-12-05,Product_1,423.48,31,30.5,Electronics,13127.880000000001,Saturday,December
2020-12-06,Product_1,430.91,31,89.7,Food,13358.210000000001,Sunday,December
2020-12-07,Product_1,400.95,29,69.47,Electronics,11627.55,Monday,December
2020-12-08,Product_1,406.3,29,55.73,Electronics,11782.7,Tuesday,December
2020-12-09,Product_1,378.97,27,68.64,Toys,10232.19,Wednesday,December
2020-12-10,Product_1,392.38,28,28.07,Clothing,10986.64,Thursday,December
2020-12-11,Product_1,418.25,30,27.44,Electronics,12547.5,Friday,December
2020-12-12,Product_1,381.11,27,62.36,Clothing,10289.970000000001,Saturday,December
2020-12-13,Product_1,411.84,30,86.03,Books,12355.199999999999,Sunday,December
2020-12-14,Product_1,403.85,29,67.42,Books,11711.650000000001,Monday,December
2020-12-15,Product_1,406.01,29,46.89,Toys,11774.289999999999,Tuesday,December
2020-12-16,Product_1,407.79,29,28.93,Toys,11825.91,Wednesday,December
2020-12-17,Product_1,425.17,31,92.88,Food,13180.27,Thursday,December
2020-12-18,Product_1,469.85,34,75.42,Food,15974.900000000001,Friday,December
2020-12-19,Product_1,396.77,29,38.14,Toys,11506.33,Saturday,December
2020-12-20,Product_1,402.73,29,64.8,Toys,11679.17,Sunday,December
2020-12-21,Product_1,410.99,30,62.03,Electronics,12329.7,Monday,December
2020-12-22,Product_1,428.22,31,51.37,Electronics,13274.820000000002,Tuesday,December
2020-12-23,Product_1,442.8,32,96.66,Food,14169.6,Wednesday,December
2020-12-24,Product_1,397.36,29,25.37,Electronics,11523.44,Thursday,December
2020-12-25,Product_1,421.47,30,51.3,Books,12644.1,Friday,December
2020-12-26,Product_1,392.76,28,38.64,Electronics,10997.279999999999,Saturday,December
2020-12-27,Product_1,446.36,32,22.74,Clothing,14283.52,Sunday,December
2020-12-28,Product_1,383.24,28,23.87,Books,10730.720000000001,Monday,December
2020-12-29,Product_1,401.81,29,88.28,Electronics,11652.49,Tuesday,December
2020-12-30,Product_1,465.02,34,86.37,Electronics,15810.68,Wednesday,December
2020-12-31,Product_1,461.87,33,84.49,Clothing,15241.710000000001,Thursday,December
2021-01-01,Product_1,409.61,30,35.67,Electronics,12288.300000000001,Friday,January
2021-01-02,Product_1,474.32,34,52.12,Food,16126.88,Saturday,January
2021-01-03,Product_1,440.35,32,95.16,Food,14091.2,Sunday,January
2021-01-04,Product_1,358.02,26,26.2,Books,9308.52,Monday,January
2021-01-05,Product_1,420.73,30,70.91,Clothing,12621.900000000001,Tuesday,January
2021-01-06,Product_1,472.28,34,32.95,Electronics,16057.519999999999,Wednesday,January
2021-01-07,Product_1,452.67,33,39.95,Electronics,14938.11,Thursday,January
2021-01-08,Product_1,415.88,30,76.66,Toys,12476.4,Friday,January
2021-01-09,Product_1,443.14,32,51.75,Toys,14180.48,Saturday,January
2021-01-10,Product_1,409.03,29,26.14,Clothing,11861.869999999999,Sunday,January
2021-01-11,Product_1,415.84,30,26.44,Books,12475.199999999999,Monday,January
2021-01-12,Product_1,382.7,28,21.05,Books,10715.6,Tuesday,January
2021-01-13,Product_1,466.82,34,20.77,Toys,15871.88,Wednesday,January
2021-01-14,Product_1,471.98,34,72.73,Clothing,16047.32,Thursday,January
2021-01-15,Product_1,422.9,31,90.61,Books,13109.9,Friday,January
2021-01-16,Product_1,492.68,36,81.96,Books,17736.48,Saturday,January
2021-01-17,Product_1,408.63,29,79.65,Electronics,11850.27,Sunday,January
2021-01-18,Product_1,450.31,33,73.29,Food,14860.23,Monday,January
2021-01-19,Product_1,403.09,29,48.37,Clothing,11689.609999999999,Tuesday,January
2021-01-20,Product_1,382.16,28,77.83,Toys,10700.480000000001,Wednesday,January
2021-01-21,Product_1,385.62,28,94.6,Books,10797.36,Thursday,January
2021-01-22,Product_1,444.72,32,47.72,Toys,14231.04,Friday,January
2021-01-23,Product_1,487.46,35,54.36,Toys,17061.1,Saturday,January
2021-01-24,Product_1,413.12,30,61.25,Books,12393.6,Sunday,January
2021-01-25,Product_1,470.06,34,64.07,Clothing,15982.04,Monday,January
2021-01-26,Product_1,471.75,34,70.44,Toys,16039.5,Tuesday,January
2021-01-27,Product_1,531.6,38,44.69,Electronics,20200.8,Wednesday,January
2021-01-28,Product_1,437.52,32,67.76,Books,14000.64,Thursday,January
2021-01-29,Product_1,480.33,35,84.02,Books,16811.55,Friday,January
2021-01-30,Product_1,499.47,36,93.6,Electronics,17980.920000000002,Saturday,January
2021-01-31,Product_1,421.9,30,49.66,Electronics,12657.0,Sunday,January
2021-02-01,Product_1,399.74,29,26.34,Food,11592.460000000001,Monday,February
2021-02-02,Product_1,433.03,31,58.77,Books,13423.929999999998,Tuesday,February
2021-02-03,Product_1,451.71,33,85.23,Food,14906.429999999998,Wednesday,February
2021-02-04,Product_1,491.56,36,67.26,Electronics,17696.16,Thursday,February
2021-02-05,Product_1,449.85,32,64.45,Books,14395.2,Friday,February
2021-02-06,Product_1,498.86,36,71.05,Clothing,17958.96,Saturday,February
2021-02-07,Product_1,428.66,31,37.99,Food,13288.460000000001,Sunday,February
2021-02-08,Product_1,419.65,30,85.88,Books,12589.5,Monday,February
2021-02-09,Product_1,503.28,36,60.22,Electronics,18118.079999999998,Tuesday,February
2021-02-10,Product_1,375.74,27,94.81,Food,10144.98,Wednesday,February
2021-02-11,Product_1,488.18,35,69.74,Food,17086.3,Thursday,February
2021-02-12,Product_1,451.56,33,30.37,Clothing,14901.48,Friday,February
2021-02-13,Product_1,481.27,35,84.12,Food,16844.45,Saturday,February
2021-02-14,Product_1,461.66,33,76.09,Electronics,15234.78,Sunday,February
2021-02-15,Product_1,481.79,35,81.95,Clothing,16862.65,Monday,February
2021-02-16,Product_1,427.14,31,68.17,Toys,13241.34,Tuesday,February
2021-02-17,Product_1,451.65,33,29.54,Toys,14904.449999999999,Wednesday,February
2021-02-18,Product_1,530.95,38,55.97,Clothing,20176.100000000002,Thursday,February
2021-02-19,Product_1,516.3,37,43.1,Books,19103.1,Friday,February
2021-02-20,Product_1,481.46,35,96.15,Books,16851.1,Saturday,February
2021-02-21,Product_1,465.61,34,70.93,Toys,15830.74,Sunday,February
2021-02-22,Product_1,449.34,32,89.82,Electronics,14378.88,Monday,February
2021-02-23,Product_1,482.2,35,65.62,Books,16877.0,Tuesday,February
2021-02-24,Product_1,482.7,35,50.48,Toys,16894.5,Wednesday,February
2021-02-25,Product_1,474.3,34,77.7,Toys,16126.2,Thursday,February
2021-02-26,Product_1,516.98,37,71.71,Electronics,19128.260000000002,Friday,February
2021-02-27,Product_1,511.04,37,76.23,Clothing,18908.48,Saturday,February
2021-02-28,Product_1,461.54,33,55.9,Clothing,15230.820000000002,Sunday,February
2021-03-01,Product_1,502.99,36,69.07,Books,18107.64,Monday,March
2021-03-02,Product_1,429.63,31,27.3,Clothing,13318.53,Tuesday,March
2021-03-03,Product_1,511.07,37,42.91,Books,18909.59,Wednesday,March
2021-03-04,Product_1,463.04,33,93.34,Books,15280.320000000002,Thursday,March
2021-03-05,Product_1,483.96,35,94.08,Toys,16938.6,Friday,March
2021-03-06,Product_1,494.81,36,85.24,Books,17813.16,Saturday,March
2021-03-07,Product_1,486.79,35,56.51,Books,17037.65,Sunday,March
2021-03-08,Product_1,439.51,32,68.64,Food,14064.32,Monday,March
2021-03-09,Product_1,372.59,27,56.0,Clothing,10059.929999999998,Tuesday,March
2021-03-10,Product_1,433.92,31,26.96,Food,13451.52,Wednesday,March
2021-03-11,Product_1,480.18,35,68.06,Toys,16806.3,Thursday,March
2021-03-12,Product_1,491.97,36,89.61,Food,17710.920000000002,Friday,March
2021-03-13,Product_1,441.17,32,49.27,Toys,14117.44,Saturday,March
2021-03-14,Product_1,508.72,37,89.32,Clothing,18822.64,Sunday,March
2021-03-15,Product_1,515.12,37,63.01,Toys,19059.44,Monday,March
2021-03-16,Product_1,533.52,39,25.06,Food,20807.28,Tuesday,March
2021-03-17,Product_1,443.85,32,35.62,Clothing,14203.2,Wednesday,March
2021-03-18,Product_1,544.04,39,38.69,Clothing,21217.559999999998,Thursday,March
2021-03-19,Product_1,480.76,35,94.47,Electronics,16826.6,Friday,March
2021-03-20,Product_1,525.47,38,30.24,Food,19967.86,Saturday,March
2021-03-21,Product_1,484.62,35,62.16,Toys,16961.7,Sunday,March
2021-03-22,Product_1,448.02,32,69.66,Toys,14336.64,Monday,March
2021-03-23,Product_1,457.34,33,54.89,Clothing,15092.22,Tuesday,March
2021-03-24,Product_1,521.96,38,94.73,Books,19834.480000000003,Wednesday,March
2021-03-25,Product_1,539.05,39,43.21,Food,21022.949999999997,Thursday,March
2021-03-26,Product_1,521.69,38,96.2,Electronics,19824.22,Friday,March
2021-03-27,Product_1,519.65,38,80.98,Books,19746.7,Saturday,March
2021-03-28,Product_1,482.75,35,94.49,Food,16896.25,Sunday,March
2021-03-29,Product_1,494.1,36,71.37,Electronics,17787.600000000002,Monday,March
2021-03-30,Product_1,532.85,39,61.28,Toys,20781.15,Tuesday,March
2021-03-31,Product_1,605.13,44,94.46,Clothing,26625.72,Wednesday,March
2021-04-01,Product_1,479.21,35,76.8,Electronics,16772.35,Thursday,April
2021-04-02,Product_1,510.76,37,65.46,Books,18898.12,Friday,April
2021-04-03,Product_1,521.89,38,90.25,Clothing,19831.82,Saturday,April
2021-04-04,Product_1,462.22,33,50.11,Electronics,15253.26,Sunday,April
2021-04-05,Product_1,427.04,31,51.17,Clothing,13238.24,Monday,April
2021-04-06,Product_1,472.4,34,45.93,Toys,16061.599999999999,Tuesday,April
2021-04-07,Product_1,478.82,35,91.25,Clothing,16758.7,Wednesday,April
2021-04-08,Product_1,505.87,37,98.85,Food,18717.19,Thursday,April
2021-04-09,Product_1,511.23,37,89.06,Electronics,18915.510000000002,Friday,April
2021-04-10,Product_1,482.22,35,39.31,Food,16877.7,Saturday,April
2021-04-11,Product_1,493.93,36,87.08,Food,17781.48,Sunday,April
2021-04-12,Product_1,490.35,35,85.64,Electronics,17162.25,Monday,April
2021-04-13,Product_1,406.7,29,57.92,Food,11794.3,Tuesday,April
2021-04-14,Product_1,609.35,44,72.34,Clothing,26811.4,Wednesday,April
2021-04-15,Product_1,505.69,37,79.93,Electronics,18710.53,Thursday,April
2021-04-16,Product_1,643.3,47,54.38,Food,30235.1,Friday,April
2021-04-17,Product_1,499.16,36,82.26,Toys,17969.760000000002,Saturday,April
2021-04-18,Product_1,448.72,32,43.01,Clothing,14359.04,Sunday,April
2021-04-19,Product_1,450.03,33,53.68,Electronics,14850.99,Monday,April
2021-04-20,Product_1,491.97,36,44.94,Toys,17710.920000000002,Tuesday,April
2021-04-21,Product_1,463.72,34,73.97,Electronics,15766.480000000001,Wednesday,April
2021-04-22,Product_1,519.63,38,51.67,Food,19745.94,Thursday,April
2021-04-23,Product_1,478.27,35,27.96,Electronics,16739.45,Friday,April
2021-04-24,Product_1,447.18,32,89.02,Books,14309.76,Saturday,April
2021-04-25,Product_1,474.88,34,80.7,Clothing,16145.92,Sunday,April
2021-04-26,Product_1,420.03,30,26.4,Toys,12600.9,Monday,April
2021-04-27,Product_1,455.23,33,86.98,Toys,15022.59,Tuesday,April
2021-04-28,Product_1,451.24,33,35.43,Electronics,14890.92,Wednesday,April
2021-04-29,Product_1,436.0,31,30.89,Food,13516.0,Thursday,April
2021-04-30,Product_1,490.63,35,38.09,Electronics,17172.05,Friday,April
2021-05-01,Product_1,439.66,32,93.14,Electronics,14069.12,Saturday,May
2021-05-02,Product_1,423.31,31,56.25,Electronics,13122.61,Sunday,May
2021-05-03,Product_1,473.63,34,81.59,Electronics,16103.42,Monday,May
2021-05-04,Product_1,521.16,38,48.21,Clothing,19804.079999999998,Tuesday,May
2021-05-05,Product_1,480.52,35,39.17,Clothing,16818.2,Wednesday,May
2021-05-06,Product_1,437.62,32,68.2,Electronics,14003.84,Thursday,May
2021-05-07,Product_1,501.75,36,94.96,Clothing,18063.0,Friday,May
2021-05-08,Product_1,472.95,34,37.31,Toys,16080.3,Saturday,May
2021-05-09,Product_1,464.21,34,69.6,Books,15783.14,Sunday,May
2021-05-10,Product_1,464.27,34,21.7,Toys,15785.18,Monday,May
2021-05-11,Product_1,452.19,33,35.24,Books,14922.27,Tuesday,May
2021-05-12,Product_1,476.32,34,25.25,Clothing,16194.88,Wednesday,May
2021-05-13,Product_1,482.17,35,36.23,Toys,16875.95,Thursday,May
2021-05-14,Product_1,516.81,37,86.81,Toys,19121.969999999998,Friday,May
2021-05-15,Product_1,531.11,38,31.24,Clothing,20182.18,Saturday,May
2021-05-16,Product_1,501.33,36,24.78,Toys,18047.88,Sunday,May
2021-05-17,Product_1,410.39,30,47.64,Electronics,12311.699999999999,Monday,May
2021-05-18,Product_1,427.34,31,98.63,Food,13247.539999999999,Tuesday,May
2021-05-19,Product_1,456.89,33,57.17,Electronics,15077.369999999999,Wednesday,May
2021-05-20,Product_1,453.0,33,50.1,Toys,14949.0,Thursday,May
2021-05-21,Product_1,515.84,37,85.37,Food,19086.08,Friday,May
2021-05-22,Product_1,486.16,35,99.38,Toys,17015.600000000002,Saturday,May
2021-05-23,Product_1,494.64,36,94.55,Electronics,17807.04,Sunday,May
2021-05-24,Product_1,429.37,31,24.07,Electronics,13310.47,Monday,May
2021-05-25,Product_1,423.75,31,60.48,Toys,13136.25,Tuesday,May
2021-05-26,Product_1,525.92,38,23.33,Food,19984.96,Wednesday,May
2021-05-27,Product_1,485.46,35,88.44,Clothing,16991.1,Thursday,May
2021-05-28,Product_1,503.36,36,59.21,Books,18120.96,Friday,May
2021-05-29,Product_1,505.66,37,34.44,Books,18709.420000000002,Saturday,May
2021-05-30,Product_1,478.44,35,60.99,Food,16745.4,Sunday,May
2021-05-31,Product_1,469.95,34,62.79,Electronics,15978.3,Monday,May
2021-06-01,Product_1,498.71,36,68.29,Toys,17953.559999999998,Tuesday,June
2021-06-02,Product_1,518.13,37,36.76,Books,19170.81,Wednesday,June
2021-06-03,Product_1,497.29,36,69.57,Clothing,17902.440000000002,Thursday,June
2021-06-04,Product_1,502.35,36,33.53,Toys,18084.600000000002,Friday,June
2021-06-05,Product_1,529.8,38,55.17,Electronics,20132.399999999998,Saturday,June
2021-06-06,Product_1,400.49,29,94.53,Clothing,11614.210000000001,Sunday,June
2021-06-07,Product_1,478.78,35,55.22,Clothing,16757.3,Monday,June
2021-06-08,Product_1,407.58,29,39.16,Books,11819.82,Tuesday,June
2021-06-09,Product_1,463.0,33,91.2,Electronics,15279.0,Wednesday,June
2021-06-10,Product_1,509.61,37,92.69,Clothing,18855.57,Thursday,June
2021-06-11,Product_1,426.25,31,56.83,Toys,13213.75,Friday,June
2021-06-12,Product_1,468.68,34,89.1,Books,15935.12,Saturday,June
2021-06-13,Product_1,479.44,35,85.28,Clothing,16780.4,Sunday,June
2021-06-14,Product_1,465.16,34,64.83,Clothing,15815.44,Monday,June
2021-06-15,Product_1,473.82,34,40.47,Books,16109.88,Tuesday,June
2021-06-16,Product_1,463.51,33,34.88,Toys,15295.83,Wednesday,June
2021-06-17,Product_1,502.84,36,37.41,Books,18102.239999999998,Thursday,June
2021-06-18,Product_1,476.53,34,31.65,Books,16202.019999999999,Friday,June
2021-06-19,Product_1,483.43,35,71.21,Books,16920.05,Saturday,June
2021-06-20,Product_1,422.48,30,20.45,Electronics,12674.400000000001,Sunday,June
2021-06-21,Product_1,519.1,38,52.57,Food,19725.8,Monday,June
2021-06-22,Product_1,407.82,29,37.52,Clothing,11826.78,Tuesday,June
2021-06-23,Product_1,437.04,32,99.0,Books,13985.28,Wednesday,June
2021-06-24,Product_1,410.55,30,30.1,Toys,12316.5,Thursday,June
2021-06-25,Product_1,502.77,36,89.63,Food,18099.72,Friday,June
2021-06-26,Product_1,424.77,31,80.17,Clothing,13167.869999999999,Saturday,June
2021-06-27,Product_1,459.25,33,74.8,Electronics,15155.25,Sunday,June
2021-06-28,Product_1,482.21,35,87.63,Books,16877.35,Monday,June
2021-06-29,Product_1,399.5,29,97.77,Food,11585.5,Tuesday,June
2021-06-30,Product_1,415.01,30,71.3,Clothing,12450.3,Wednesday,June
2021-07-01,Product_1,417.23,30,93.37,Food,12516.900000000001,Thursday,July
2021-07-02,Product_1,511.99,37,93.69,Clothing,18943.63,Friday,July
2021-07-03,Product_1,434.5,31,72.18,Food,13469.5,Saturday,July
2021-07-04,Product_1,417.01,30,55.49,Books,12510.3,Sunday,July
2021-07-05,Product_1,435.54,31,59.72,Electronics,13501.74,Monday,July
2021-07-06,Product_1,400.15,29,46.84,Electronics,11604.349999999999,Tuesday,July
2021-07-07,Product_1,440.55,32,60.93,Books,14097.6,Wednesday,July
2021-07-08,Product_1,505.95,37,23.89,Clothing,18720.149999999998,Thursday,July
2021-07-09,Product_1,442.98,32,63.56,Electronics,14175.36,Friday,July
2021-07-10,Product_1,409.2,30,52.81,Toys,12276.0,Saturday,July
2021-07-11,Product_1,421.56,30,44.21,Food,12646.8,Sunday,July
2021-07-12,Product_1,428.97,31,76.08,Toys,13298.070000000002,Monday,July
2021-07-13,Product_1,458.04,33,36.38,Food,15115.320000000002,Tuesday,July
2021-07-14,Product_1,446.39,32,80.23,Clothing,14284.48,Wednesday,July
2021-07-15,Product_1,385.21,28,54.39,Electronics,10785.88,Thursday,July
2021-07-16,Product_1,469.58,34,72.71,Books,15965.72,Friday,July
2021-07-17,Product_1,440.38,32,20.3,Electronics,14092.16,Saturday,July
2021-07-18,Product_1,353.6,25,71.1,Electronics,8840.0,Sunday,July
2021-07-19,Product_1,408.23,29,51.4,Electronics,11838.67,Monday,July
2021-07-20,Product_1,448.03,32,44.66,Clothing,14336.96,Tuesday,July
2021-07-21,Product_1,433.48,31,76.51,Clothing,13437.880000000001,Wednesday,July
2021-07-22,Product_1,440.62,32,99.52,Toys,14099.84,Thursday,July
2021-07-23,Product_1,445.8,32,40.76,Food,14265.6,Friday,July
2021-07-24,Product_1,428.38,31,36.53,Food,13279.78,Saturday,July
2021-07-25,Product_1,444.04,32,61.3,Food,14209.28,Sunday,July
2021-07-26,Product_1,436.95,32,74.09,Electronics,13982.4,Monday,July
2021-07-27,Product_1,472.96,34,99.87,Toys,16080.64,Tuesday,July
2021-07-28,Product_1,453.36,33,98.35,Food,14960.880000000001,Wednesday,July
2021-07-29,Product_1,470.02,34,97.75,Food,15980.68,Thursday,July
2021-07-30,Product_1,482.92,35,71.09,Food,16902.2,Friday,July
2021-07-31,Product_1,416.58,30,98.62,Books,12497.4,Saturday,July
2021-08-01,Product_1,386.86,28,51.95,Toys,10832.08,Sunday,August
2021-08-02,Product_1,430.71,31,27.88,Books,13352.01,Monday,August
2021-08-03,Product_1,428.11,31,97.31,Books,13271.41,Tuesday,August
2021-08-04,Product_1,399.12,29,94.37,Food,11574.48,Wednesday,August
2021-08-05,Product_1,394.43,28,47.56,Books,11044.04,Thursday,August
2021-08-06,Product_1,468.62,34,92.48,Food,15933.08,Friday,August
2021-08-07,Product_1,433.7,31,58.74,Electronics,13444.699999999999,Saturday,August
2021-08-08,Product_1,392.08,28,66.47,Electronics,10978.24,Sunday,August
2021-08-09,Product_1,378.16,27,67.09,Food,10210.320000000002,Monday,August
2021-08-10,Product_1,460.98,33,69.87,Books,15212.34,Tuesday,August
2021-08-11,Product_1,368.32,27,70.25,Clothing,9944.64,Wednesday,August
2021-08-12,Product_1,421.38,30,31.54,Clothing,12641.4,Thursday,August
2021-08-13,Product_1,427.88,31,68.25,Clothing,13264.28,Friday,August
2021-08-14,Product_1,453.91,33,29.57,Clothing,14979.03,Saturday,August
2021-08-15,Product_1,390.48,28,95.25,Books,10933.44,Sunday,August
2021-08-16,Product_1,476.0,34,54.86,Books,16184.0,Monday,August
2021-08-17,Product_1,376.36,27,88.99,Electronics,10161.720000000001,Tuesday,August
2021-08-18,Product_1,376.48,27,97.63,Books,10164.960000000001,Wednesday,August
2021-08-19,Product_1,478.02,35,70.82,Clothing,16730.7,Thursday,August
2021-08-20,Product_1,458.12,33,97.83,Food,15117.960000000001,Friday,August
2021-08-21,Product_1,470.33,34,36.27,Toys,15991.22,Saturday,August
2021-08-22,Product_1,388.99,28,44.99,Clothing,10891.720000000001,Sunday,August
2021-08-23,Product_1,369.18,27,51.21,Toys,9967.86,Monday,August
2021-08-24,Product_1,398.62,29,92.66,Books,11559.98,Tuesday,August
2021-08-25,Product_1,394.74,28,23.71,Food,11052.720000000001,Wednesday,August
2021-08-26,Product_1,431.71,31,38.82,Electronics,13383.01,Thursday,August
2021-08-27,Product_1,438.34,32,28.74,Toys,14026.88,Friday,August
2021-08-28,Product_1,401.7,29,86.47,Clothing,11649.3,Saturday,August
2021-08-29,Product_1,444.33,32,60.13,Clothing,14218.56,Sunday,August
2021-08-30,Product_1,392.05,28,77.42,Toys,10977.4,Monday,August
2021-08-31,Product_1,418.92,30,55.7,Toys,12567.6,Tuesday,August
2021-09-01,Product_1,405.2,29,89.1,Electronics,11750.8,Wednesday,September
2021-09-02,Product_1,419.35,30,78.87,Clothing,12580.5,Thursday,September
2021-09-03,Product_1,507.99,37,82.59,Toys,18795.63,Friday,September
2021-09-04,Product_1,397.26,29,73.43,Electronics,11520.539999999999,Saturday,September
2021-09-05,Product_1,423.21,31,85.19,Clothing,13119.51,Sunday,September
2021-09-06,Product_1,393.49,28,69.79,Clothing,11017.720000000001,Monday,September
2021-09-07,Product_1,430.64,31,95.34,Clothing,13349.84,Tuesday,September
2021-09-08,Product_1,431.04,31,46.49,Clothing,13362.24,Wednesday,September
2021-09-09,Product_1,425.28,31,36.19,Clothing,13183.679999999998,Thursday,September
2021-09-10,Product_1,435.76,31,76.31,Toys,13508.56,Friday,September
2021-09-11,Product_1,415.89,30,85.7,Clothing,12476.699999999999,Saturday,September
2021-09-12,Product_1,439.33,32,89.61,Electronics,14058.56,Sunday,September
2021-09-13,Product_1,418.57,30,31.72,Books,12557.1,Monday,September
2021-09-14,Product_1,339.93,24,73.29,Food,8158.32,Tuesday,September
2021-09-15,Product_1,395.81,29,50.36,Books,11478.49,Wednesday,September
2021-09-16,Product_1,401.87,29,34.08,Books,11654.23,Thursday,September
2021-09-17,Product_1,420.83,30,56.83,Clothing,12624.9,Friday,September
2021-09-18,Product_1,395.01,28,38.51,Electronics,11060.279999999999,Saturday,September
2021-09-19,Product_1,395.37,28,61.17,Toys,11070.36,Sunday,September
2021-09-20,Product_1,422.57,30,26.69,Food,12677.1,Monday,September
2021-09-21,Product_1,365.71,26,36.29,Books,9508.46,Tuesday,September
2021-09-22,Product_1,418.79,30,73.91,Books,12563.7,Wednesday,September
2021-09-23,Product_1,389.64,28,49.28,Electronics,10909.92,Thursday,September
2021-09-24,Product_1,396.72,29,41.65,Toys,11504.880000000001,Friday,September
2021-09-25,Product_1,446.03,32,69.72,Toys,14272.96,Saturday,September
2021-09-26,Product_1,419.04,30,86.28,Books,12571.2,Sunday,September
2021-09-27,Product_1,448.82,32,91.74,Food,14362.24,Monday,September
2021-09-28,Product_1,446.66,32,70.98,Electronics,14293.12,Tuesday,September
2021-09-29,Product_1,429.1,31,49.0,Books,13302.1,Wednesday,September
2021-09-30,Product_1,422.82,31,96.64,Clothing,13107.42,Thursday,September
2021-10-01,Product_1,460.99,33,54.83,Toys,15212.67,Friday,October
2021-10-02,Product_1,466.79,34,48.76,Clothing,15870.86,Saturday,October
2021-10-03,Product_1,398.39,29,33.56,Toys,11553.31,Sunday,October
2021-10-04,Product_1,378.57,27,25.36,Clothing,10221.39,Monday,October
2021-10-05,Product_1,413.06,30,95.71,Clothing,12391.8,Tuesday,October
2021-10-06,Product_1,399.25,29,40.53,Electronics,11578.25,Wednesday,October
2021-10-07,Product_1,400.29,29,64.46,Clothing,11608.41,Thursday,October
2021-10-08,Product_1,350.73,25,26.56,Food,8768.25,Friday,October
2021-10-09,Product_1,401.24,29,86.37,Electronics,11635.960000000001,Saturday,October
2021-10-10,Product_1,400.36,29,21.71,Books,11610.44,Sunday,October
2021-10-11,Product_1,367.55,26,86.24,Electronics,9556.300000000001,Monday,October
2021-10-12,Product_1,415.49,30,43.29,Books,12464.7,Tuesday,October
2021-10-13,Product_1,399.43,29,93.86,Toys,11583.47,Wednesday,October
2021-10-14,Product_1,405.59,29,70.39,Books,11762.109999999999,Thursday,October
2021-10-15,Product_1,447.0,32,20.87,Toys,14304.0,Friday,October
2021-10-16,Product_1,403.1,29,65.82,Toys,11689.900000000001,Saturday,October
2021-10-17,Product_1,384.82,28,80.5,Books,10774.96,Sunday,October
2021-10-18,Product_1,406.86,29,88.82,Books,11798.94,Monday,October
2021-10-19,Product_1,396.48,29,28.2,Electronics,11497.92,Tuesday,October
2021-10-20,Product_1,340.45,24,84.66,Clothing,8170.799999999999,Wednesday,October
2021-10-21,Product_1,435.11,31,23.56,Electronics,13488.41,Thursday,October
2021-10-22,Product_1,465.24,34,62.76,Clothing,15818.16,Friday,October
2021-10-23,Product_1,418.1,30,62.55,Food,12543.0,Saturday,October
2021-10-24,Product_1,404.41,29,47.48,Clothing,11727.890000000001,Sunday,October
2021-10-25,Product_1,412.31,30,61.61,Toys,12369.3,Monday,October
2021-10-26,Product_1,408.72,29,33.44,Toys,11852.880000000001,Tuesday,October
2021-10-27,Product_1,443.4,32,86.93,Toys,14188.8,Wednesday,October
2021-10-28,Product_1,450.89,33,46.34,Books,14879.369999999999,Thursday,October
2021-10-29,Product_1,372.98,27,73.74,Clothing,10070.460000000001,Friday,October
2021-10-30,Product_1,393.01,28,40.9,Toys,11004.279999999999,Saturday,October
2021-10-31,Product_1,421.13,30,56.16,Clothing,12633.9,Sunday,October
2021-11-01,Product_1,446.43,32,52.07,Food,14285.76,Monday,November
2021-11-02,Product_1,397.13,29,26.28,Toys,11516.77,Tuesday,November
2021-11-03,Product_1,431.4,31,49.32,Food,13373.4,Wednesday,November
2021-11-04,Product_1,434.08,31,55.73,Food,13456.48,Thursday,November
2021-11-05,Product_1,444.52,32,51.6,Books,14224.64,Friday,November
2021-11-06,Product_1,405.23,29,59.6,Clothing,11751.67,Saturday,November
2021-11-07,Product_1,385.62,28,70.64,Clothing,10797.36,Sunday,November
2021-11-08,Product_1,368.06,26,30.68,Toys,9569.56,Monday,November
2021-11-09,Product_1,422.95,31,88.28,Books,13111.449999999999,Tuesday,November
2021-11-10,Product_1,393.48,28,51.24,Electronics,11017.44,Wednesday,November
2021-11-11,Product_1,545.24,39,93.0,Food,21264.36,Thursday,November
2021-11-12,Product_1,421.23,30,42.65,Food,12636.900000000001,Friday,November
2021-11-13,Product_1,459.4,33,85.96,Toys,15160.199999999999,Saturday,November
2021-11-14,Product_1,370.07,27,83.06,Clothing,9991.89,Sunday,November
2021-11-15,Product_1,364.16,26,85.75,Books,9468.16,Monday,November
2021-11-16,Product_1,394.91,28,96.32,Clothing,11057.480000000001,Tuesday,November
2021-11-17,Product_1,402.33,29,66.88,Food,11667.57,Wednesday,November
2021-11-18,Product_1,417.73,30,39.81,Electronics,12531.900000000001,Thursday,November
2021-11-19,Product_1,461.42,33,63.41,Electronics,15226.86,Friday,November
2021-11-20,Product_1,483.55,35,31.73,Books,16924.25,Saturday,November
2021-11-21,Product_1,393.05,28,53.48,Food,11005.4,Sunday,November
2021-11-22,Product_1,453.61,33,40.55,Books,14969.130000000001,Monday,November
2021-11-23,Product_1,414.04,30,82.35,Food,12421.2,Tuesday,November
2021-11-24,Product_1,477.25,34,95.97,Books,16226.5,Wednesday,November
2021-11-25,Product_1,462.31,33,42.35,Toys,15256.23,Thursday,November
2021-11-26,Product_1,417.93,30,49.72,Electronics,12537.9,Friday,November
2021-11-27,Product_1,452.74,33,36.82,Electronics,14940.42,Saturday,November
2021-11-28,Product_1,407.23,29,44.7,Electronics,11809.67,Sunday,November
2021-11-29,Product_1,409.22,30,55.43,Clothing,12276.6,Monday,November
2021-11-30,Product_1,455.98,33,83.78,Clothing,15047.34,Tuesday,November
2021-12-01,Product_1,391.32,28,29.99,Clothing,10956.96,Wednesday,December
2021-12-02,Product_1,429.76,31,63.3,Clothing,13322.56,Thursday,December
2021-12-03,Product_1,478.45,35,91.56,Toys,16745.75,Friday,December
2021-12-04,Product_1,463.37,33,41.61,Books,15291.210000000001,Saturday,December
2021-12-05,Product_1,491.02,36,64.38,Toys,17676.72,Sunday,December
2021-12-06,Product_1,432.04,31,63.07,Food,13393.24,Monday,December
2021-12-07,Product_1,450.48,33,40.38,Books,14865.84,Tuesday,December
2021-12-08,Product_1,450.08,33,24.88,Books,14852.64,Wednesday,December
2021-12-09,Product_1,454.4,33,34.3,Clothing,14995.199999999999,Thursday,December
2021-12-10,Product_1,426.91,31,76.1,Toys,13234.210000000001,Friday,December
2021-12-11,Product_1,440.94,32,57.5,Clothing,14110.08,Saturday,December
2021-12-12,Product_1,458.87,33,87.13,Toys,15142.710000000001,Sunday,December
2021-12-13,Product_1,404.93,29,99.56,Electronics,11742.97,Monday,December
2021-12-14,Product_1,491.04,36,25.47,Clothing,17677.440000000002,Tuesday,December
2021-12-15,Product_1,394.53,28,31.43,Food,11046.84,Wednesday,December
2021-12-16,Product_1,489.09,35,21.09,Books,17118.149999999998,Thursday,December
2021-12-17,Product_1,462.24,33,80.3,Books,15253.92,Friday,December
2021-12-18,Product_1,468.24,34,66.41,Electronics,15920.16,Saturday,December
2021-12-19,Product_1,426.13,31,52.32,Electronics,13210.03,Sunday,December
2021-12-20,Product_1,435.21,31,84.22,Books,13491.51,Monday,December
2021-12-21,Product_1,452.33,33,47.89,Food,14926.89,Tuesday,December
2021-12-22,Product_1,430.69,31,35.96,Clothing,13351.39,Wednesday,December
2021-12-23,Product_1,476.64,34,46.55,Books,16205.76,Thursday,December
2021-12-24,Product_1,476.28,34,69.84,Clothing,16193.519999999999,Friday,December
2021-12-25,Product_1,452.51,33,77.79,Food,14932.83,Saturday,December
2021-12-26,Product_1,475.07,34,61.98,Toys,16152.38,Sunday,December
2021-12-27,Product_1,403.97,29,45.25,Electronics,11715.130000000001,Monday,December
2021-12-28,Product_1,412.06,30,79.35,Toys,12361.8,Tuesday,December
2021-12-29,Product_1,432.27,31,43.17,Toys,13400.369999999999,Wednesday,December
2021-12-30,Product_1,445.19,32,93.26,Books,14246.08,Thursday,December
2021-12-31,Product_1,506.77,37,22.94,Books,18750.489999999998,Friday,December
2022-01-01,Product_1,416.26,30,68.47,Food,12487.8,Saturday,January
2022-01-02,Product_1,544.98,39,93.11,Food,21254.22,Sunday,January
2022-01-03,Product_1,446.55,32,49.11,Clothing,14289.6,Monday,January
2022-01-04,Product_1,435.97,31,91.72,Clothing,13515.070000000002,Tuesday,January
2022-01-05,Product_1,435.58,31,20.04,Toys,13502.98,Wednesday,January
2022-01-06,Product_1,535.23,39,22.78,Food,20873.97,Thursday,January
2022-01-07,Product_1,514.41,37,86.81,Books,19033.17,Friday,January
2022-01-08,Product_1,493.02,36,61.23,Clothing,17748.72,Saturday,January
2022-01-09,Product_1,445.32,32,48.59,Toys,14250.24,Sunday,January
2022-01-10,Product_1,423.3,31,52.5,Food,13122.300000000001,Monday,January
2022-01-11,Product_1,472.04,34,45.32,Books,16049.36,Tuesday,January
2022-01-12,Product_1,490.21,35,64.44,Books,17157.35,Wednesday,January
2022-01-13,Product_1,528.65,38,84.14,Clothing,20088.7,Thursday,January
2022-01-14,Product_1,497.18,36,38.02,Clothing,17898.48,Friday,January
2022-01-15,Product_1,516.26,37,64.78,Toys,19101.62,Saturday,January
2022-01-16,Product_1,441.14,32,38.82,Food,14116.48,Sunday,January
2022-01-17,Product_1,452.86,33,39.94,Books,14944.380000000001,Monday,January
2022-01-18,Product_1,458.03,33,44.38,Books,15114.99,Tuesday,January
2022-01-19,Product_1,453.86,33,83.22,Food,14977.380000000001,Wednesday,January
2022-01-20,Product_1,538.75,39,37.2,Electronics,21011.25,Thursday,January
2022-01-21,Product_1,475.07,34,56.81,Electronics,16152.38,Friday,January
2022-01-22,Product_1,483.67,35,48.36,Electronics,16928.45,Saturday,January
2022-01-23,Product_1,431.75,31,65.88,Books,13384.25,Sunday,January
2022-01-24,Product_1,485.45,35,68.43,Toys,16990.75,Monday,January
2022-01-25,Product_1,459.02,33,54.53,Clothing,15147.66,Tuesday,January
2022-01-26,Product_1,504.06,36,26.43,Toys,18146.16,Wednesday,January
2022-01-27,Product_1,512.17,37,64.64,Clothing,18950.289999999997,Thursday,January
2022-01-28,Product_1,557.62,40,77.78,Clothing,22304.8,Friday,January
2022-01-29,Product_1,567.69,41,53.07,Toys,23275.29,Saturday,January
2022-01-30,Product_1,469.33,34,68.59,Books,15957.22,Sunday,January
2022-01-31,Product_1,502.78,36,78.86,Toys,18100.079999999998,Monday,January
2022-02-01,Product_1,511.43,37,83.97,Toys,18922.91,Tuesday,February
2022-02-02,Product_1,448.07,32,50.91,Clothing,14338.24,Wednesday,February
2022-02-03,Product_1,446.72,32,26.08,Electronics,14295.04,Thursday,February
2022-02-04,Product_1,560.81,41,52.86,Clothing,22993.21,Friday,February
2022-02-05,Product_1,553.79,40,62.81,Books,22151.6,Saturday,February
2022-02-06,Product_1,515.0,37,42.65,Food,19055.0,Sunday,February
2022-02-07,Product_1,396.81,29,65.23,Clothing,11507.49,Monday,February
2022-02-08,Product_1,467.08,34,42.7,Toys,15880.72,Tuesday,February
2022-02-09,Product_1,493.51,36,31.03,Books,17766.36,Wednesday,February
2022-02-10,Product_1,510.67,37,68.87,Toys,18894.79,Thursday,February
2022-02-11,Product_1,537.34,39,54.85,Food,20956.260000000002,Friday,February
2022-02-12,Product_1,516.53,37,40.75,Food,19111.61,Saturday,February
2022-02-13,Product_1,517.92,37,35.81,Books,19163.039999999997,Sunday,February
2022-02-14,Product_1,457.08,33,82.48,Clothing,15083.64,Monday,February
2022-02-15,Product_1,532.32,39,74.12,Electronics,20760.480000000003,Tuesday,February
2022-02-16,Product_1,466.72,34,51.92,Clothing,15868.480000000001,Wednesday,February
2022-02-17,Product_1,488.57,35,77.24,Clothing,17099.95,Thursday,February
2022-02-18,Product_1,555.72,40,82.65,Food,22228.800000000003,Friday,February
2022-02-19,Product_1,537.84,39,61.98,Toys,20975.760000000002,Saturday,February
2022-02-20,Product_1,481.24,35,77.64,Books,16843.4,Sunday,February
2022-02-21,Product_1,464.24,34,56.9,Electronics,15784.16,Monday,February
2022-02-22,Product_1,485.77,35,95.18,Food,17001.95,Tuesday,February
2022-02-23,Product_1,509.12,37,71.01,Clothing,18837.44,Wednesday,February
2022-02-24,Product_1,571.95,41,74.57,Electronics,23449.95,Thursday,February
2022-02-25,Product_1,523.79,38,44.19,Electronics,19904.019999999997,Friday,February
2022-02-26,Product_1,523.87,38,96.7,Electronics,19907.06,Saturday,February
2022-02-27,Product_1,504.37,36,26.96,Books,18157.32,Sunday,February
2022-02-28,Product_1,488.95,35,47.41,Books,17113.25,Monday,February
2022-03-01,Product_1,439.04,32,64.53,Electronics,14049.28,Tuesday,March
2022-03-02,Product_1,519.07,38,42.68,Toys,19724.660000000003,Wednesday,March
2022-03-03,Product_1,545.7,40,62.15,Clothing,21828.0,Thursday,March
2022-03-04,Product_1,532.19,39,90.03,Electronics,20755.410000000003,Friday,March
2022-03-05,Product_1,555.92,40,72.97,Electronics,22236.8,Saturday,March
2022-03-06,Product_1,555.51,40,89.05,Clothing,22220.4,Sunday,March
2022-03-07,Product_1,534.64,39,25.04,Clothing,20850.96,Monday,March
2022-03-08,Product_1,483.8,35,38.85,Clothing,16933.0,Tuesday,March
2022-03-09,Product_1,514.6,37,64.33,Electronics,19040.2,Wednesday,March
2022-03-10,Product_1,557.22,40,93.5,Books,22288.800000000003,Thursday,March
2022-03-11,Product_1,513.8,37,35.28,Electronics,19010.6,Friday,March
2022-03-12,Product_1,593.45,43,56.96,Toys,25518.350000000002,Saturday,March
2022-03-13,Product_1,570.98,41,52.18,Electronics,23410.18,Sunday,March
2022-03-14,Product_1,504.82,37,67.56,Electronics,18678.34,Monday,March
2022-03-15,Product_1,547.64,40,87.33,Electronics,21905.6,Tuesday,March
2022-03-16,Product_1,557.32,40,36.07,Clothing,22292.800000000003,Wednesday,March
2022-03-17,Product_1,555.91,40,27.7,Toys,22236.399999999998,Thursday,March
2022-03-18,Product_1,530.01,38,62.04,Electronics,20140.38,Friday,March
2022-03-19,Product_1,551.86,40,69.31,Books,22074.4,Saturday,March
2022-03-20,Product_1,491.23,36,56.72,Electronics,17684.28,Sunday,March
2022-03-21,Product_1,488.84,35,46.27,Books,17109.399999999998,Monday,March
2022-03-22,Product_1,545.14,39,90.42,Food,21260.46,Tuesday,March
2022-03-23,Product_1,557.39,40,90.16,Toys,22295.6,Wednesday,March
2022-03-24,Product_1,524.9,38,25.91,Food,19946.2,Thursday,March
2022-03-25,Product_1,485.53,35,66.7,Food,16993.55,Friday,March
2022-03-26,Product_1,517.35,37,85.7,Clothing,19141.95,Saturday,March
2022-03-27,Product_1,497.66,36,96.81,Electronics,17915.760000000002,Sunday,March
2022-03-28,Product_1,505.51,37,25.72,Clothing,18703.87,Monday,March
2022-03-29,Product_1,529.67,38,33.27,Electronics,20127.46,Tuesday,March
2022-03-30,Product_1,504.33,36,51.03,Electronics,18155.88,Wednesday,March
2022-03-31,Product_1,560.88,41,79.46,Books,22996.079999999998,Thursday,March
2022-04-01,Product_1,562.26,41,31.91,Clothing,23052.66,Friday,April
2022-04-02,Product_1,526.97,38,82.55,Food,20024.86,Saturday,April
2022-04-03,Product_1,500.06,36,24.27,Clothing,18002.16,Sunday,April
2022-04-04,Product_1,506.57,37,39.17,Electronics,18743.09,Monday,April
2022-04-05,Product_1,536.09,39,73.98,Books,20907.510000000002,Tuesday,April
2022-04-06,Product_1,510.29,37,53.85,Books,18880.73,Wednesday,April
2022-04-07,Product_1,560.85,41,52.85,Electronics,22994.850000000002,Thursday,April
2022-04-08,Product_1,560.78,41,92.84,Books,22991.98,Friday,April
2022-04-09,Product_1,548.48,40,87.67,Clothing,21939.2,Saturday,April
2022-04-10,Product_1,545.41,39,73.84,Electronics,21270.989999999998,Sunday,April
2022-04-11,Product_1,465.54,34,26.46,Clothing,15828.36,Monday,April
2022-04-12,Product_1,560.22,41,78.32,Books,22969.02,Tuesday,April
2022-04-13,Product_1,503.92,36,24.35,Books,18141.12,Wednesday,April
2022-04-14,Product_1,591.03,43,44.17,Food,25414.289999999997,Thursday,April
2022-04-15,Product_1,515.78,37,69.24,Electronics,19083.86,Friday,April
2022-04-16,Product_1,568.04,41,28.22,Food,23289.64,Saturday,April
2022-04-17,Product_1,505.87,37,33.43,Toys,18717.19,Sunday,April
2022-04-18,Product_1,505.14,37,32.17,Electronics,18690.18,Monday,April
2022-04-19,Product_1,517.4,37,72.92,Food,19143.8,Tuesday,April
2022-04-20,Product_1,520.71,38,64.54,Food,19786.980000000003,Wednesday,April
2022-04-21,Product_1,543.4,39,89.85,Clothing,21192.6,Thursday,April
2022-04-22,Product_1,558.84,40,93.88,Electronics,22353.600000000002,Friday,April
2022-04-23,Product_1,558.56,40,89.01,Clothing,22342.399999999998,Saturday,April
2022-04-24,Product_1,518.07,37,99.18,Electronics,19168.59,Sunday,April
2022-04-25,Product_1,476.83,34,22.36,Food,16212.22,Monday,April
2022-04-26,Product_1,527.61,38,52.45,Toys,20049.18,Tuesday,April
2022-04-27,Product_1,594.15,43,58.82,Books,25548.45,Wednesday,April
2022-04-28,Product_1,497.12,36,35.32,Food,17896.32,Thursday,April
2022-04-29,Product_1,561.95,41,55.67,Books,23039.95,Friday,April
2022-04-30,Product_1,524.49,38,33.55,Clothing,19930.62,Saturday,April
2022-05-01,Product_1,529.38,38,49.73,Toys,20116.44,Sunday,May
2022-05-02,Product_1,460.76,33,94.67,Electronics,15205.08,Monday,May
2022-05-03,Product_1,515.29,37,70.74,Clothing,19065.73,Tuesday,May
2022-05-04,Product_1,480.66,35,69.54,Electronics,16823.100000000002,Wednesday,May
2022-05-05,Product_1,541.29,39,92.43,Electronics,21110.309999999998,Thursday,May
2022-05-06,Product_1,567.9,41,95.31,Clothing,23283.899999999998,Friday,May
2022-05-07,Product_1,700.35,51,24.68,Toys,35717.85,Saturday,May
2022-05-08,Product_1,520.69,38,67.13,Electronics,19786.22,Sunday,May
2022-05-09,Product_1,518.88,38,93.78,Food,19717.44,Monday,May
2022-05-10,Product_1,524.85,38,41.97,Electronics,19944.3,Tuesday,May
2022-05-11,Product_1,496.96,36,69.71,Food,17890.559999999998,Wednesday,May
2022-05-12,Product_1,494.83,36,95.02,Clothing,17813.88,Thursday,May
2022-05-13,Product_1,552.2,40,79.77,Books,22088.0,Friday,May
2022-05-14,Product_1,523.46,38,52.21,Clothing,19891.480000000003,Saturday,May
2022-05-15,Product_1,519.37,38,30.31,Food,19736.06,Sunday,May
2022-05-16,Product_1,455.4,33,74.81,Food,15028.199999999999,Monday,May
2022-05-17,Product_1,476.76,34,29.53,Clothing,16209.84,Tuesday,May
2022-05-18,Product_1,520.45,38,73.51,Toys,19777.100000000002,Wednesday,May
2022-05-19,Product_1,579.52,42,86.09,Books,24339.84,Thursday,May
2022-05-20,Product_1,550.87,40,78.05,Electronics,22034.8,Friday,May
2022-05-21,Product_1,539.55,39,49.99,Food,21042.449999999997,Saturday,May
2022-05-22,Product_1,524.49,38,44.39,Electronics,19930.62,Sunday,May
2022-05-23,Product_1,435.08,31,71.35,Toys,13487.48,Monday,May
2022-05-24,Product_1,508.9,37,33.31,Food,18829.3,Tuesday,May
2022-05-25,Product_1,517.57,37,90.66,Electronics,19150.09,Wednesday,May
2022-05-26,Product_1,522.17,38,91.8,Clothing,19842.46,Thursday,May
2022-05-27,Product_1,602.28,44,20.85,Electronics,26500.32,Friday,May
2022-05-28,Product_1,483.13,35,80.68,Food,16909.55,Saturday,May
2022-05-29,Product_1,502.79,36,56.48,Food,18100.440000000002,Sunday,May
2022-05-30,Product_1,429.93,31,35.89,Toys,13327.83,Monday,May
2022-05-31,Product_1,551.95,40,66.8,Food,22078.0,Tuesday,May
2022-06-01,Product_1,473.96,34,69.83,Toys,16114.64,Wednesday,June
2022-06-02,Product_1,523.5,38,80.91,Books,19893.0,Thursday,June
2022-06-03,Product_1,529.24,38,84.91,Electronics,20111.12,Friday,June
2022-06-04,Product_1,520.1,38,72.08,Books,19763.8,Saturday,June
2022-06-05,Product_1,502.67,36,66.17,Clothing,18096.12,Sunday,June
2022-06-06,Product_1,493.26,36,20.28,Electronics,17757.36,Monday,June
2022-06-07,Product_1,520.19,38,77.49,Clothing,19767.22,Tuesday,June
2022-06-08,Product_1,516.77,37,23.39,Electronics,19120.489999999998,Wednesday,June
2022-06-09,Product_1,536.95,39,46.1,Clothing,20941.050000000003,Thursday,June
2022-06-10,Product_1,505.91,37,68.11,Books,18718.670000000002,Friday,June
2022-06-11,Product_1,481.29,35,82.3,Electronics,16845.15,Saturday,June
2022-06-12,Product_1,510.84,37,26.28,Food,18901.079999999998,Sunday,June
2022-06-13,Product_1,499.53,36,57.6,Clothing,17983.079999999998,Monday,June
2022-06-14,Product_1,497.35,36,26.3,Food,17904.600000000002,Tuesday,June
2022-06-15,Product_1,497.08,36,39.6,Toys,17894.88,Wednesday,June
2022-06-16,Product_1,523.5,38,66.34,Clothing,19893.0,Thursday,June
2022-06-17,Product_1,493.67,36,57.19,Electronics,17772.12,Friday,June
2022-06-18,Product_1,528.7,38,25.8,Electronics,20090.600000000002,Saturday,June
2022-06-19,Product_1,559.04,40,35.04,Food,22361.6,Sunday,June
2022-06-20,Product_1,487.48,35,47.76,Food,17061.8,Monday,June
2022-06-21,Product_1,475.47,34,42.19,Food,16165.980000000001,Tuesday,June
2022-06-22,Product_1,528.75,38,33.38,Food,20092.5,Wednesday,June
2022-06-23,Product_1,492.04,36,88.82,Clothing,17713.440000000002,Thursday,June
2022-06-24,Product_1,537.96,39,87.01,Electronics,20980.440000000002,Friday,June
2022-06-25,Product_1,492.59,36,49.64,Books,17733.239999999998,Saturday,June
2022-06-26,Product_1,496.27,36,56.07,Toys,17865.72,Sunday,June
2022-06-27,Product_1,505.18,37,38.64,Toys,18691.66,Monday,June
2022-06-28,Product_1,444.6,32,94.38,Food,14227.2,Tuesday,June
2022-06-29,Product_1,535.32,39,65.25,Clothing,20877.480000000003,Wednesday,June
2022-06-30,Product_1,495.1,36,84.68,Toys,17823.600000000002,Thursday,June
2022-07-01,Product_1,530.24,38,42.25,Books,20149.12,Friday,July
2022-07-02,Product_1,515.57,37,73.74,Electronics,19076.09,Saturday,July
2022-07-03,Product_1,517.66,37,76.99,Books,19153.42,Sunday,July
2022-07-04,Product_1,464.21,34,66.85,Clothing,15783.14,Monday,July
2022-07-05,Product_1,463.41,33,96.17,Toys,15292.53,Tuesday,July
2022-07-06,Product_1,523.48,38,25.13,Books,19892.24,Wednesday,July
2022-07-07,Product_1,506.83,37,95.4,Toys,18752.71,Thursday,July
2022-07-08,Product_1,511.94,37,30.47,Food,18941.78,Friday,July
2022-07-09,Product_1,509.89,37,87.67,Food,18865.93,Saturday,July
2022-07-10,Product_1,486.61,35,48.42,Books,17031.350000000002,Sunday,July
2022-07-11,Product_1,460.83,33,90.58,Books,15207.39,Monday,July
2022-07-12,Product_1,432.5,31,58.14,Clothing,13407.5,Tuesday,July
2022-07-13,Product_1,445.95,32,62.01,Toys,14270.4,Wednesday,July
2022-07-14,Product_1,415.03,30,91.42,Electronics,12450.9,Thursday,July
2022-07-15,Product_1,497.7,36,21.44,Books,17917.2,Friday,July
2022-07-16,Product_1,478.05,35,51.73,Food,16731.75,Saturday,July
2022-07-17,Product_1,418.94,30,78.41,Toys,12568.2,Sunday,July
2022-07-18,Product_1,433.82,31,61.16,Electronics,13448.42,Monday,July
2022-07-19,Product_1,475.77,34,50.55,Books,16176.18,Tuesday,July
2022-07-20,Product_1,509.02,37,68.77,Clothing,18833.739999999998,Wednesday,July
2022-07-21,Product_1,490.14,35,43.88,Books,17154.899999999998,Thursday,July
2022-07-22,Product_1,435.79,31,36.18,Toys,13509.49,Friday,July
2022-07-23,Product_1,456.42,33,67.61,Clothing,15061.86,Saturday,July
2022-07-24,Product_1,455.51,33,54.24,Food,15031.83,Sunday,July
2022-07-25,Product_1,474.35,34,41.21,Toys,16127.900000000001,Monday,July
2022-07-26,Product_1,472.98,34,65.8,Books,16081.32,Tuesday,July
2022-07-27,Product_1,452.79,33,25.21,Electronics,14942.070000000002,Wednesday,July
2022-07-28,Product_1,463.73,34,85.95,Electronics,15766.82,Thursday,July
2022-07-29,Product_1,462.84,33,51.78,Food,15273.72,Friday,July
2022-07-30,Product_1,498.87,36,76.84,Clothing,17959.32,Saturday,July
2022-07-31,Product_1,453.44,33,58.08,Electronics,14963.52,Sunday,July
2022-08-01,Product_1,450.58,33,91.82,Books,14869.14,Monday,August
2022-08-02,Product_1,431.83,31,72.2,Electronics,13386.73,Tuesday,August
2022-08-03,Product_1,463.62,33,22.0,Electronics,15299.460000000001,Wednesday,August
2022-08-04,Product_1,471.92,34,57.04,Clothing,16045.28,Thursday,August
2022-08-05,Product_1,482.57,35,73.91,Books,16889.95,Friday,August
2022-08-06,Product_1,445.88,32,47.65,Books,14268.16,Saturday,August
2022-08-07,Product_1,487.25,35,50.4,Food,17053.75,Sunday,August
2022-08-08,Product_1,454.05,33,65.84,Clothing,14983.65,Monday,August
2022-08-09,Product_1,467.7,34,56.2,Toys,15901.8,Tuesday,August
2022-08-10,Product_1,466.13,34,45.01,Toys,15848.42,Wednesday,August
2022-08-11,Product_1,494.65,36,66.24,Books,17807.399999999998,Thursday,August
2022-08-12,Product_1,437.86,32,39.37,Food,14011.52,Friday,August
2022-08-13,Product_1,436.52,32,66.84,Books,13968.64,Saturday,August
2022-08-14,Product_1,469.06,34,57.51,Books,15948.04,Sunday,August
2022-08-15,Product_1,443.97,32,31.41,Books,14207.04,Monday,August
2022-08-16,Product_1,454.46,33,96.04,Toys,14997.179999999998,Tuesday,August
2022-08-17,Product_1,352.02,25,31.01,Toys,8800.5,Wednesday,August
2022-08-18,Product_1,407.54,29,99.69,Books,11818.66,Thursday,August
2022-08-19,Product_1,468.37,34,23.3,Food,15924.58,Friday,August
2022-08-20,Product_1,457.23,33,88.6,Toys,15088.59,Saturday,August
2022-08-21,Product_1,390.47,28,44.73,Clothing,10933.16,Sunday,August
2022-08-22,Product_1,434.93,31,35.41,Books,13482.83,Monday,August
2022-08-23,Product_1,477.08,34,86.22,Clothing,16220.72,Tuesday,August
2022-08-24,Product_1,392.41,28,25.98,Clothing,10987.480000000001,Wednesday,August
2022-08-25,Product_1,482.83,35,42.95,Clothing,16899.05,Thursday,August
2022-08-26,Product_1,460.23,33,69.01,Books,15187.59,Friday,August
2022-08-27,Product_1,461.59,33,95.0,Food,15232.47,Saturday,August
2022-08-28,Product_1,448.73,32,53.91,Books,14359.36,Sunday,August
2022-08-29,Product_1,422.77,31,58.69,Books,13105.869999999999,Monday,August
2022-08-30,Product_1,470.84,34,29.85,Books,16008.56,Tuesday,August
2022-08-31,Product_1,481.48,35,55.4,Books,16851.8,Wednesday,August
2022-09-01,Product_1,489.86,35,92.11,Food,17145.100000000002,Thursday,September
2022-09-02,Product_1,486.38,35,46.1,Books,17023.3,Friday,September
2022-09-03,Product_1,486.62,35,89.28,Electronics,17031.7,Saturday,September
2022-09-04,Product_1,412.47,30,71.53,Clothing,12374.1,Sunday,September
2022-09-05,Product_1,409.24,30,75.55,Toys,12277.2,Monday,September
2022-09-06,Product_1,427.04,31,39.83,Toys,13238.24,Tuesday,September
2022-09-07,Product_1,453.99,33,74.07,Toys,14981.67,Wednesday,September
2022-09-08,Product_1,433.24,31,58.55,Books,13430.44,Thursday,September
2022-09-09,Product_1,472.97,34,26.7,Food,16080.980000000001,Friday,September
2022-09-10,Product_1,457.13,33,93.2,Clothing,15085.289999999999,Saturday,September
2022-09-11,Product_1,437.64,32,85.8,Food,14004.48,Sunday,September
2022-09-12,Product_1,433.24,31,34.97,Electronics,13430.44,Monday,September
2022-09-13,Product_1,435.55,31,31.19,Food,13502.050000000001,Tuesday,September
2022-09-14,Product_1,439.64,32,82.44,Books,14068.48,Wednesday,September
2022-09-15,Product_1,507.36,37,47.96,Electronics,18772.32,Thursday,September
2022-09-16,Product_1,457.08,33,67.29,Clothing,15083.64,Friday,September
2022-09-17,Product_1,460.3,33,76.43,Books,15189.9,Saturday,September
2022-09-18,Product_1,471.73,34,39.45,Food,16038.82,Sunday,September
2022-09-19,Product_1,397.58,29,98.01,Clothing,11529.82,Monday,September
2022-09-20,Product_1,394.5,28,54.35,Toys,11046.0,Tuesday,September
2022-09-21,Product_1,452.04,33,35.3,Food,14917.320000000002,Wednesday,September
2022-09-22,Product_1,475.55,34,33.7,Electronics,16168.7,Thursday,September
2022-09-23,Product_1,515.36,37,29.57,Books,19068.32,Friday,September
2022-09-24,Product_1,457.35,33,58.02,Toys,15092.550000000001,Saturday,September
2022-09-25,Product_1,459.99,33,90.7,Electronics,15179.67,Sunday,September
2022-09-26,Product_1,406.73,29,54.7,Electronics,11795.17,Monday,September
2022-09-27,Product_1,470.45,34,67.93,Toys,15995.3,Tuesday,September
2022-09-28,Product_1,405.81,29,73.41,Food,11768.49,Wednesday,September
2022-09-29,Product_1,473.44,34,95.06,Food,16096.96,Thursday,September
2022-09-30,Product_1,372.3,27,59.97,Electronics,10052.1,Friday,September
2022-10-01,Product_1,452.8,33,44.09,Electronics,14942.4,Saturday,October
2022-10-02,Product_1,467.79,34,96.21,Electronics,15904.86,Sunday,October
2022-10-03,Product_1,434.83,31,23.09,Toys,13479.73,Monday,October
2022-10-04,Product_1,446.58,32,86.48,Toys,14290.56,Tuesday,October
2022-10-05,Product_1,395.32,28,65.41,Toys,11068.96,Wednesday,October
2022-10-06,Product_1,516.36,37,98.93,Clothing,19105.32,Thursday,October
2022-10-07,Product_1,497.88,36,27.22,Electronics,17923.68,Friday,October
2022-10-08,Product_1,525.42,38,57.28,Clothing,19965.96,Saturday,October
2022-10-09,Product_1,462.39,33,26.4,Electronics,15258.869999999999,Sunday,October
2022-10-10,Product_1,390.96,28,28.88,Books,10946.88,Monday,October
2022-10-11,Product_1,395.18,28,84.86,Electronics,11065.04,Tuesday,October
2022-10-12,Product_1,448.61,32,62.43,Clothing,14355.52,Wednesday,October
2022-10-13,Product_1,454.99,33,59.62,Books,15014.67,Thursday,October
2022-10-14,Product_1,417.68,30,20.57,Books,12530.4,Friday,October
2022-10-15,Product_1,442.34,32,96.51,Toys,14154.88,Saturday,October
2022-10-16,Product_1,425.26,31,63.97,Clothing,13183.06,Sunday,October
2022-10-17,Product_1,442.2,32,45.73,Toys,14150.4,Monday,October
2022-10-18,Product_1,387.7,28,50.5,Toys,10855.6,Tuesday,October
2022-10-19,Product_1,430.4,31,62.15,Toys,13342.4,Wednesday,October
2022-10-20,Product_1,443.93,32,29.75,Books,14205.76,Thursday,October
2022-10-21,Product_1,483.45,35,81.78,Electronics,16920.75,Friday,October
2022-10-22,Product_1,524.0,38,92.71,Books,19912.0,Saturday,October
2022-10-23,Product_1,470.92,34,65.69,Clothing,16011.28,Sunday,October
2022-10-24,Product_1,431.18,31,83.48,Food,13366.58,Monday,October
2022-10-25,Product_1,439.11,32,36.64,Electronics,14051.52,Tuesday,October
2022-10-26,Product_1,442.9,32,71.85,Toys,14172.8,Wednesday,October
2022-10-27,Product_1,483.97,35,60.66,Books,16938.95,Thursday,October
2022-10-28,Product_1,446.57,32,96.65,Clothing,14290.24,Friday,October
2022-10-29,Product_1,476.16,34,79.13,Toys,16189.44,Saturday,October
2022-10-30,Product_1,443.39,32,38.3,Clothing,14188.48,Sunday,October
2022-10-31,Product_1,405.11,29,90.79,Books,11748.19,Monday,October
2022-11-01,Product_1,464.9,34,84.3,Food,15806.599999999999,Tuesday,November
2022-11-02,Product_1,467.1,34,84.25,Food,15881.400000000001,Wednesday,November
2022-11-03,Product_1,514.52,37,28.94,Food,19037.239999999998,Thursday,November
2022-11-04,Product_1,493.2,36,32.94,Electronics,17755.2,Friday,November
2022-11-05,Product_1,466.38,34,44.06,Toys,15856.92,Saturday,November
2022-11-06,Product_1,378.37,27,28.83,Electronics,10215.99,Sunday,November
2022-11-07,Product_1,479.87,35,77.14,Clothing,16795.45,Monday,November
2022-11-08,Product_1,461.89,33,33.79,Food,15242.369999999999,Tuesday,November
2022-11-09,Product_1,448.78,32,28.88,Books,14360.96,Wednesday,November
2022-11-10,Product_1,500.13,36,33.63,Clothing,18004.68,Thursday,November
2022-11-11,Product_1,458.63,33,52.42,Clothing,15134.789999999999,Friday,November
2022-11-12,Product_1,439.79,32,22.93,Toys,14073.28,Saturday,November
2022-11-13,Product_1,413.43,30,98.9,Clothing,12402.9,Sunday,November
2022-11-14,Product_1,464.2,34,77.97,Electronics,15782.8,Monday,November
2022-11-15,Product_1,414.89,30,23.52,Electronics,12446.699999999999,Tuesday,November
2022-11-16,Product_1,452.96,33,34.85,Electronics,14947.679999999998,Wednesday,November
2022-11-17,Product_1,478.02,35,96.12,Books,16730.7,Thursday,November
2022-11-18,Product_1,454.66,33,45.12,Toys,15003.78,Friday,November
2022-11-19,Product_1,438.13,32,23.09,Books,14020.16,Saturday,November
2022-11-20,Product_1,456.65,33,33.8,Clothing,15069.449999999999,Sunday,November
2022-11-21,Product_1,423.71,31,55.6,Electronics,13135.01,Monday,November
2022-11-22,Product_1,483.5,35,83.03,Clothing,16922.5,Tuesday,November
2022-11-23,Product_1,458.82,33,47.71,Electronics,15141.06,Wednesday,November
2022-11-24,Product_1,529.95,38,72.85,Food,20138.100000000002,Thursday,November
2022-11-25,Product_1,515.27,37,95.29,Clothing,19064.989999999998,Friday,November
2022-11-26,Product_1,516.89,37,56.95,Food,19124.93,Saturday,November
2022-11-27,Product_1,473.35,34,31.17,Electronics,16093.900000000001,Sunday,November
2022-11-28,Product_1,466.0,34,59.08,Toys,15844.0,Monday,November
2022-11-29,Product_1,519.65,38,92.2,Clothing,19746.7,Tuesday,November
2022-11-30,Product_1,505.48,37,88.25,Electronics,18702.760000000002,Wednesday,November
2022-12-01,Product_1,512.36,37,89.53,Electronics,18957.32,Thursday,December
2022-12-02,Product_1,543.62,39,20.42,Electronics,21201.18,Friday,December
2022-12-03,Product_1,484.27,35,56.99,Clothing,16949.45,Saturday,December
2022-12-04,Product_1,439.46,32,22.87,Clothing,14062.72,Sunday,December
2022-12-05,Product_1,462.6,33,94.55,Electronics,15265.800000000001,Monday,December
2022-12-06,Product_1,451.89,33,47.1,Toys,14912.369999999999,Tuesday,December
2022-12-07,Product_1,488.71,35,87.24,Books,17104.85,Wednesday,December
2022-12-08,Product_1,523.42,38,64.01,Electronics,19889.96,Thursday,December
2022-12-09,Product_1,467.63,34,55.04,Food,15899.42,Friday,December
2022-12-10,Product_1,464.89,34,74.37,Books,15806.26,Saturday,December
2022-12-11,Product_1,446.42,32,23.88,Electronics,14285.44,Sunday,December
2022-12-12,Product_1,525.41,38,99.55,Electronics,19965.579999999998,Monday,December
2022-12-13,Product_1,477.2,34,78.28,Electronics,16224.8,Tuesday,December
2022-12-14,Product_1,443.49,32,31.57,Electronics,14191.68,Wednesday,December
2022-12-15,Product_1,462.45,33,73.5,Clothing,15260.85,Thursday,December
2022-12-16,Product_1,500.68,36,42.21,Toys,18024.48,Friday,December
2022-12-17,Product_1,496.64,36,92.38,Toys,17879.04,Saturday,December
2022-12-18,Product_1,490.62,35,41.56,Clothing,17171.7,Sunday,December
2022-12-19,Product_1,453.38,33,52.73,Clothing,14961.539999999999,Monday,December
2022-12-20,Product_1,470.8,34,91.26,Books,16007.2,Tuesday,December
2022-12-21,Product_1,472.75,34,69.99,Clothing,16073.5,Wednesday,December
2022-12-22,Product_1,615.37,45,25.18,Food,27691.65,Thursday,December
2022-12-23,Product_1,530.61,38,38.11,Food,20163.18,Friday,December
2022-12-24,Product_1,502.06,36,36.25,Clothing,18074.16,Saturday,December
2022-12-25,Product_1,476.81,34,50.68,Toys,16211.54,Sunday,December
2022-12-26,Product_1,511.73,37,53.55,Clothing,18934.010000000002,Monday,December
2022-12-27,Product_1,474.19,34,59.76,Electronics,16122.46,Tuesday,December
2022-12-28,Product_1,501.73,36,97.09,Food,18062.28,Wednesday,December
2022-12-29,Product_1,511.05,37,40.01,Books,18908.850000000002,Thursday,December
2022-12-30,Product_1,546.53,40,24.96,Clothing,21861.199999999997,Friday,December
2022-12-31,Product_1,522.47,38,30.13,Clothing,19853.86,Saturday,December
2023-01-01,Product_1,568.12,41,53.02,Electronics,23292.920000000002,Sunday,January
2023-01-02,Product_1,503.96,36,66.77,Clothing,18142.559999999998,Monday,January
2023-01-03,Product_1,492.74,36,54.6,Toys,17738.64,Tuesday,January
2023-01-04,Product_1,514.55,37,91.73,Books,19038.35,Wednesday,January
2023-01-05,Product_1,520.33,38,56.57,Clothing,19772.54,Thursday,January
2023-01-06,Product_1,596.72,43,78.48,Food,25658.960000000003,Friday,January
2023-01-07,Product_1,525.95,38,27.3,Electronics,19986.100000000002,Saturday,January
2023-01-08,Product_1,569.38,41,63.16,Books,23344.579999999998,Sunday,January
2023-01-09,Product_1,478.0,35,50.54,Electronics,16730.0,Monday,January
2023-01-10,Product_1,500.93,36,67.61,Electronics,18033.48,Tuesday,January
2023-01-11,Product_1,518.24,38,64.63,Clothing,19693.12,Wednesday,January
2023-01-12,Product_1,479.26,35,95.6,Electronics,16774.1,Thursday,January
2023-01-13,Product_1,486.21,35,27.97,Toys,17017.35,Friday,January
2023-01-14,Product_1,514.18,37,96.79,Clothing,19024.66,Saturday,January
2023-01-15,Product_1,507.44,37,69.7,Toys,18775.28,Sunday,January
2023-01-16,Product_1,453.62,33,55.13,Clothing,14969.460000000001,Monday,January
2023-01-17,Product_1,483.57,35,92.96,Food,16924.95,Tuesday,January
2023-01-18,Product_1,540.48,39,98.54,Clothing,21078.72,Wednesday,January
2023-01-19,Product_1,577.16,42,54.56,Toys,24240.719999999998,Thursday,January
2023-01-20,Product_1,595.63,43,63.58,Clothing,25612.09,Friday,January
2023-01-21,Product_1,495.25,36,86.31,Clothing,17829.0,Saturday,January
2023-01-22,Product_1,519.45,38,76.38,Clothing,19739.100000000002,Sunday,January
2023-01-23,Product_1,517.79,37,86.07,Toys,19158.23,Monday,January
2023-01-24,Product_1,519.8,38,37.92,Clothing,19752.399999999998,Tuesday,January
2023-01-25,Product_1,478.71,35,63.64,Clothing,16754.85,Wednesday,January
2023-01-26,Product_1,571.4,41,70.04,Food,23427.399999999998,Thursday,January
2023-01-27,Product_1,552.62,40,78.23,Toys,22104.8,Friday,January
2023-01-28,Product_1,522.24,38,54.85,Clothing,19845.12,Saturday,January
2023-01-29,Product_1,514.88,37,74.28,Electronics,19050.56,Sunday,January
2023-01-30,Product_1,588.43,43,67.3,Books,25302.489999999998,Monday,January
2023-01-31,Product_1,509.55,37,76.38,Clothing,18853.350000000002,Tuesday,January
2023-02-01,Product_1,527.13,38,22.39,Toys,20030.94,Wednesday,February
2023-02-02,Product_1,505.65,37,49.65,Books,18709.05,Thursday,February
2023-02-03,Product_1,528.38,38,80.01,Electronics,20078.44,Friday,February
2023-02-04,Product_1,544.26,39,95.88,Toys,21226.14,Saturday,February
2023-02-05,Product_1,475.71,34,51.01,Food,16174.14,Sunday,February
2023-02-06,Product_1,526.77,38,27.77,Food,20017.26,Monday,February
2023-02-07,Product_1,505.93,37,76.53,Toys,18719.41,Tuesday,February
2023-02-08,Product_1,544.89,39,88.11,Toys,21250.71,Wednesday,February
2023-02-09,Product_1,603.37,44,32.94,Books,26548.28,Thursday,February
2023-02-10,Product_1,627.93,46,83.65,Toys,28884.78,Friday,February
2023-02-11,Product_1,544.99,39,65.8,Books,21254.61,Saturday,February
2023-02-12,Product_1,533.06,39,30.94,Electronics,20789.339999999997,Sunday,February
2023-02-13,Product_1,553.12,40,39.9,Clothing,22124.8,Monday,February
2023-02-14,Product_1,508.85,37,24.4,Books,18827.45,Tuesday,February
2023-02-15,Product_1,532.01,39,98.42,Books,20748.39,Wednesday,February
2023-02-16,Product_1,559.4,41,53.32,Toys,22935.399999999998,Thursday,February
2023-02-17,Product_1,559.42,41,47.66,Toys,22936.219999999998,Friday,February
2023-02-18,Product_1,565.67,41,46.51,Toys,23192.469999999998,Saturday,February
2023-02-19,Product_1,595.72,43,33.01,Electronics,25615.960000000003,Sunday,February
2023-02-20,Product_1,544.42,39,46.03,Clothing,21232.379999999997,Monday,February
2023-02-21,Product_1,505.65,37,41.81,Electronics,18709.05,Tuesday,February
2023-02-22,Product_1,535.44,39,56.38,Toys,20882.160000000003,Wednesday,February
2023-02-23,Product_1,576.48,42,25.09,Clothing,24212.16,Thursday,February
2023-02-24,Product_1,618.77,45,76.42,Books,27844.649999999998,Friday,February
2023-02-25,Product_1,572.08,41,95.36,Food,23455.280000000002,Saturday,February
2023-02-26,Product_1,571.89,41,81.21,Electronics,23447.489999999998,Sunday,February
2023-02-27,Product_1,482.79,35,90.02,Books,16897.65,Monday,February
2023-02-28,Product_1,549.42,40,24.18,Books,21976.8,Tuesday,February
2023-03-01,Product_1,565.86,41,31.8,Clothing,23200.260000000002,Wednesday,March
2023-03-02,Product_1,544.74,39,21.65,Clothing,21244.86,Thursday,March
2023-03-03,Product_1,547.03,40,52.29,Electronics,21881.199999999997,Friday,March
2023-03-04,Product_1,531.87,39,97.46,Clothing,20742.93,Saturday,March
2023-03-05,Product_1,577.59,42,51.44,Electronics,24258.780000000002,Sunday,March
2023-03-06,Product_1,533.74,39,83.06,Books,20815.86,Monday,March
2023-03-07,Product_1,572.58,41,81.0,Food,23475.780000000002,Tuesday,March
2023-03-08,Product_1,586.05,42,44.22,Toys,24614.1,Wednesday,March
2023-03-09,Product_1,580.65,42,39.71,Electronics,24387.3,Thursday,March
2023-03-10,Product_1,595.97,43,32.42,Food,25626.710000000003,Friday,March
2023-03-11,Product_1,610.8,44,73.68,Clothing,26875.199999999997,Saturday,March
2023-03-12,Product_1,515.68,37,33.52,Toys,19080.16,Sunday,March
2023-03-13,Product_1,549.63,40,84.54,Toys,21985.2,Monday,March
2023-03-14,Product_1,540.8,39,90.62,Books,21091.199999999997,Tuesday,March
2023-03-15,Product_1,558.39,40,63.1,Electronics,22335.6,Wednesday,March
2023-03-16,Product_1,567.09,41,37.07,Clothing,23250.690000000002,Thursday,March
2023-03-17,Product_1,560.88,41,62.82,Toys,22996.079999999998,Friday,March
2023-03-18,Product_1,546.44,40,79.74,Books,21857.600000000002,Saturday,March
2023-03-19,Product_1,561.69,41,26.82,Books,23029.29,Sunday,March
2023-03-20,Product_1,550.5,40,93.08,Clothing,22020.0,Monday,March
2023-03-21,Product_1,563.41,41,25.53,Electronics,23099.809999999998,Tuesday,March
2023-03-22,Product_1,551.43,40,56.54,Food,22057.199999999997,Wednesday,March
2023-03-23,Product_1,606.88,44,46.35,Clothing,26702.72,Thursday,March
2023-03-24,Product_1,566.31,41,40.53,Books,23218.71,Friday,March
2023-03-25,Product_1,594.37,43,42.87,Food,25557.91,Saturday,March
2023-03-26,Product_1,547.5,40,81.51,Electronics,21900.0,Sunday,March
2023-03-27,Product_1,591.37,43,65.08,Toys,25428.91,Monday,March
2023-03-28,Product_1,580.57,42,57.51,Food,24383.940000000002,Tuesday,March
2023-03-29,Product_1,546.47,40,43.2,Clothing,21858.800000000003,Wednesday,March
2023-03-30,Product_1,587.37,43,95.18,Books,25256.91,Thursday,March
2023-03-31,Product_1,587.53,43,54.63,Food,25263.789999999997,Friday,March
2023-04-01,Product_1,541.86,39,21.43,Books,21132.54,Saturday,April
2023-04-02,Product_1,560.12,41,99.0,Electronics,22964.920000000002,Sunday,April
2023-04-03,Product_1,589.42,43,20.19,Books,25345.059999999998,Monday,April
2023-04-04,Product_1,543.56,39,76.17,Clothing,21198.839999999997,Tuesday,April
2023-04-05,Product_1,610.81,44,66.73,Toys,26875.64,Wednesday,April
2023-04-06,Product_1,586.41,43,77.58,Toys,25215.629999999997,Thursday,April
2023-04-07,Product_1,545.19,39,21.93,Electronics,21262.410000000003,Friday,April
2023-04-08,Product_1,587.99,43,40.5,Electronics,25283.57,Saturday,April
2023-04-09,Product_1,562.69,41,44.03,Electronics,23070.29,Sunday,April
2023-04-10,Product_1,581.1,42,78.49,Electronics,24406.2,Monday,April
2023-04-11,Product_1,551.97,40,82.55,Electronics,22078.800000000003,Tuesday,April
2023-04-12,Product_1,546.49,40,53.9,Electronics,21859.6,Wednesday,April
2023-04-13,Product_1,537.91,39,93.77,Clothing,20978.489999999998,Thursday,April
2023-04-14,Product_1,539.64,39,22.24,Books,21045.96,Friday,April
2023-04-15,Product_1,557.15,40,93.33,Electronics,22286.0,Saturday,April
2023-04-16,Product_1,538.72,39,85.92,Books,21010.08,Sunday,April
2023-04-17,Product_1,553.12,40,91.88,Books,22124.8,Monday,April
2023-04-18,Product_1,566.44,41,46.36,Books,23224.04,Tuesday,April
2023-04-19,Product_1,567.16,41,93.56,Books,23253.559999999998,Wednesday,April
2023-04-20,Product_1,580.61,42,67.36,Food,24385.62,Thursday,April
2023-04-21,Product_1,570.63,41,81.59,Electronics,23395.829999999998,Friday,April
2023-04-22,Product_1,551.75,40,76.3,Electronics,22070.0,Saturday,April
2023-04-23,Product_1,574.71,42,36.72,Clothing,24137.82,Sunday,April
2023-04-24,Product_1,531.53,38,80.89,Clothing,20198.14,Monday,April
2023-04-25,Product_1,585.17,42,61.26,Electronics,24577.14,Tuesday,April
2023-04-26,Product_1,599.03,43,69.58,Electronics,25758.289999999997,Wednesday,April
2023-04-27,Product_1,570.7,41,62.68,Toys,23398.7,Thursday,April
2023-04-28,Product_1,590.59,43,85.68,Books,25395.370000000003,Friday,April
2023-04-29,Product_1,614.91,45,28.54,Food,27670.949999999997,Saturday,April
2023-04-30,Product_1,506.62,37,58.13,Electronics,18744.94,Sunday,April
2023-05-01,Product_1,517.25,37,47.23,Electronics,19138.25,Monday,May
2023-05-02,Product_1,548.26,40,49.9,Clothing,21930.4,Tuesday,May
2023-05-03,Product_1,526.34,38,61.78,Toys,20000.920000000002,Wednesday,May
2023-05-04,Product_1,554.76,40,94.05,Electronics,22190.4,Thursday,May
2023-05-05,Product_1,521.14,38,83.23,Toys,19803.32,Friday,May
2023-05-06,Product_1,595.39,43,47.0,Clothing,25601.77,Saturday,May
2023-05-07,Product_1,594.06,43,64.79,Books,25544.579999999998,Sunday,May
2023-05-08,Product_1,488.82,35,20.89,Food,17108.7,Monday,May
2023-05-09,Product_1,584.72,42,82.2,Books,24558.24,Tuesday,May
2023-05-10,Product_1,542.8,39,27.06,Toys,21169.199999999997,Wednesday,May
2023-05-11,Product_1,534.01,39,94.05,Clothing,20826.39,Thursday,May
2023-05-12,Product_1,563.98,41,94.96,Electronics,23123.18,Friday,May
2023-05-13,Product_1,581.09,42,37.05,Food,24405.780000000002,Saturday,May
2023-05-14,Product_1,604.65,44,35.44,Food,26604.6,Sunday,May
2023-05-15,Product_1,560.86,41,42.44,Toys,22995.260000000002,Monday,May
2023-05-16,Product_1,530.7,38,74.74,Food,20166.600000000002,Tuesday,May
2023-05-17,Product_1,494.63,36,23.48,Toys,17806.68,Wednesday,May
2023-05-18,Product_1,569.43,41,53.54,Toys,23346.629999999997,Thursday,May
2023-05-19,Product_1,595.38,43,69.66,Clothing,25601.34,Friday,May
2023-05-20,Product_1,607.26,44,20.65,Toys,26719.44,Saturday,May
2023-05-21,Product_1,539.03,39,79.72,Electronics,21022.17,Sunday,May
2023-05-22,Product_1,538.52,39,21.44,Toys,21002.28,Monday,May
2023-05-23,Product_1,539.43,39,93.84,Toys,21037.769999999997,Tuesday,May
2023-05-24,Product_1,550.54,40,24.46,Food,22021.6,Wednesday,May
2023-05-25,Product_1,516.78,37,66.34,Food,19120.86,Thursday,May
2023-05-26,Product_1,591.65,43,91.47,Books,25440.95,Friday,May
2023-05-27,Product_1,557.28,40,63.07,Books,22291.199999999997,Saturday,May
2023-05-28,Product_1,565.85,41,65.46,Clothing,23199.850000000002,Sunday,May
2023-05-29,Product_1,540.66,39,77.08,Clothing,21085.739999999998,Monday,May
2023-05-30,Product_1,564.93,41,75.75,Food,23162.129999999997,Tuesday,May
2023-05-31,Product_1,584.54,42,99.74,Toys,24550.68,Wednesday,May
2023-06-01,Product_1,556.29,40,91.29,Toys,22251.6,Thursday,June
2023-06-02,Product_1,576.05,42,38.16,Clothing,24194.1,Friday,June
2023-06-03,Product_1,600.59,44,77.86,Food,26425.960000000003,Saturday,June
2023-06-04,Product_1,522.18,38,91.46,Food,19842.839999999997,Sunday,June
2023-06-05,Product_1,424.63,31,48.0,Clothing,13163.53,Monday,June
2023-06-06,Product_1,442.06,32,57.0,Electronics,14145.92,Tuesday,June
2023-06-07,Product_1,535.69,39,90.0,Food,20891.910000000003,Wednesday,June
2023-06-08,Product_1,603.54,44,48.66,Electronics,26555.76,Thursday,June
2023-06-09,Product_1,561.65,41,59.01,Toys,23027.649999999998,Friday,June
2023-06-10,Product_1,533.79,39,33.79,Toys,20817.809999999998,Saturday,June
2023-06-11,Product_1,556.5,40,43.11,Clothing,22260.0,Sunday,June
2023-06-12,Product_1,514.59,37,27.49,Electronics,19039.83,Monday,June
2023-06-13,Product_1,508.79,37,43.33,Clothing,18825.23,Tuesday,June
2023-06-14,Product_1,574.09,42,74.47,Toys,24111.780000000002,Wednesday,June
2023-06-15,Product_1,536.5,39,73.16,Toys,20923.5,Thursday,June
2023-06-16,Product_1,597.28,43,69.67,Electronics,25683.039999999997,Friday,June
2023-06-17,Product_1,547.42,40,30.91,Food,21896.8,Saturday,June
2023-06-18,Product_1,555.22,40,34.16,Food,22208.800000000003,Sunday,June
2023-06-19,Product_1,542.74,39,69.42,Electronics,21166.86,Monday,June
2023-06-20,Product_1,536.27,39,87.96,Electronics,20914.53,Tuesday,June
2023-06-21,Product_1,547.64,40,80.49,Books,21905.6,Wednesday,June
2023-06-22,Product_1,535.4,39,56.67,Electronics,20880.6,Thursday,June
2023-06-23,Product_1,521.89,38,61.23,Books,19831.82,Friday,June
2023-06-24,Product_1,535.81,39,55.53,Food,20896.589999999997,Saturday,June
2023-06-25,Product_1,538.16,39,24.06,Books,20988.239999999998,Sunday,June
2023-06-26,Product_1,500.27,36,60.77,Clothing,18009.72,Monday,June
2023-06-27,Product_1,515.79,37,49.47,Books,19084.23,Tuesday,June
2023-06-28,Product_1,549.27,40,32.78,Food,21970.8,Wednesday,June
2023-06-29,Product_1,510.23,37,41.17,Food,18878.510000000002,Thursday,June
2023-06-30,Product_1,556.62,40,23.18,Food,22264.8,Friday,June
2023-07-01,Product_1,594.37,43,90.26,Clothing,25557.91,Saturday,July
2023-07-02,Product_1,540.2,39,89.74,Electronics,21067.800000000003,Sunday,July
2023-07-03,Product_1,535.7,39,63.55,Food,20892.300000000003,Monday,July
2023-07-04,Product_1,550.75,40,40.42,Food,22030.0,Tuesday,July
2023-07-05,Product_1,485.37,35,42.33,Books,16987.95,Wednesday,July
2023-07-06,Product_1,533.66,39,33.2,Food,20812.739999999998,Thursday,July
2023-07-07,Product_1,521.22,38,56.76,Books,19806.36,Friday,July
2023-07-08,Product_1,488.89,35,50.45,Electronics,17111.149999999998,Saturday,July
2023-07-09,Product_1,509.53,37,72.95,Electronics,18852.61,Sunday,July
2023-07-10,Product_1,475.77,34,22.32,Books,16176.18,Monday,July
2023-07-11,Product_1,508.26,37,90.75,Books,18805.62,Tuesday,July
2023-07-12,Product_1,495.97,36,59.22,Clothing,17854.920000000002,Wednesday,July
2023-07-13,Product_1,590.0,43,91.35,Toys,25370.0,Thursday,July
2023-07-14,Product_1,503.74,36,22.86,Clothing,18134.64,Friday,July
2023-07-15,Product_1,497.21,36,70.23,Toys,17899.559999999998,Saturday,July
2023-07-16,Product_1,491.49,36,33.41,Books,17693.64,Sunday,July
2023-07-17,Product_1,532.78,39,48.4,Books,20778.42,Monday,July
2023-07-18,Product_1,464.9,34,21.56,Toys,15806.599999999999,Tuesday,July
2023-07-19,Product_1,530.99,38,25.9,Food,20177.62,Wednesday,July
2023-07-20,Product_1,547.65,40,24.56,Electronics,21906.0,Thursday,July
2023-07-21,Product_1,535.6,39,42.4,Electronics,20888.4,Friday,July
2023-07-22,Product_1,526.9,38,87.34,Toys,20022.2,Saturday,July
2023-07-23,Product_1,525.63,38,54.55,Electronics,19973.94,Sunday,July
2023-07-24,Product_1,458.37,33,64.35,Toys,15126.210000000001,Monday,July
2023-07-25,Product_1,502.61,36,90.16,Clothing,18093.96,Tuesday,July
2023-07-26,Product_1,522.55,38,98.36,Clothing,19856.899999999998,Wednesday,July
2023-07-27,Product_1,557.0,40,77.93,Clothing,22280.0,Thursday,July
2023-07-28,Product_1,480.64,35,80.1,Electronics,16822.399999999998,Friday,July
2023-07-29,Product_1,462.33,33,56.22,Food,15256.89,Saturday,July
2023-07-30,Product_1,510.58,37,72.07,Food,18891.46,Sunday,July
2023-07-31,Product_1,479.55,35,87.32,Clothing,16784.25,Monday,July
2023-08-01,Product_1,484.31,35,99.38,Clothing,16950.85,Tuesday,August
2023-08-02,Product_1,461.01,33,81.41,Clothing,15213.33,Wednesday,August
2023-08-03,Product_1,534.82,39,39.23,Toys,20857.980000000003,Thursday,August
2023-08-04,Product_1,527.82,38,73.59,Food,20057.160000000003,Friday,August
2023-08-05,Product_1,515.55,37,58.72,Food,19075.35,Saturday,August
2023-08-06,Product_1,524.98,38,41.65,Clothing,19949.24,Sunday,August
2023-08-07,Product_1,511.54,37,21.61,Food,18926.98,Monday,August
2023-08-08,Product_1,507.18,37,96.67,Clothing,18765.66,Tuesday,August
2023-08-09,Product_1,509.17,37,81.97,Food,18839.29,Wednesday,August
2023-08-10,Product_1,506.67,37,89.37,Food,18746.79,Thursday,August
2023-08-11,Product_1,518.26,38,66.39,Books,19693.88,Friday,August
2023-08-12,Product_1,480.09,35,34.15,Books,16803.149999999998,Saturday,August
2023-08-13,Product_1,493.11,36,49.14,Books,17751.96,Sunday,August
2023-08-14,Product_1,430.7,31,27.77,Electronics,13351.699999999999,Monday,August
2023-08-15,Product_1,493.01,36,77.95,Toys,17748.36,Tuesday,August
2023-08-16,Product_1,459.7,33,86.13,Electronics,15170.1,Wednesday,August
2023-08-17,Product_1,524.19,38,81.06,Clothing,19919.22,Thursday,August
2023-08-18,Product_1,515.23,37,98.54,Clothing,19063.510000000002,Friday,August
2023-08-19,Product_1,438.04,32,49.17,Toys,14017.28,Saturday,August
2023-08-20,Product_1,466.79,34,63.47,Books,15870.86,Sunday,August
2023-08-21,Product_1,447.31,32,25.08,Food,14313.92,Monday,August
2023-08-22,Product_1,496.37,36,75.18,Books,17869.32,Tuesday,August
2023-08-23,Product_1,504.96,37,92.77,Books,18683.52,Wednesday,August
2023-08-24,Product_1,499.09,36,82.44,Clothing,17967.239999999998,Thursday,August
2023-08-25,Product_1,483.82,35,32.55,Clothing,16933.7,Friday,August
2023-08-26,Product_1,485.01,35,67.3,Electronics,16975.35,Saturday,August
2023-08-27,Product_1,521.45,38,79.71,Books,19815.100000000002,Sunday,August
2023-08-28,Product_1,482.37,35,20.99,Clothing,16882.95,Monday,August
2023-08-29,Product_1,478.02,35,79.86,Clothing,16730.7,Tuesday,August
2023-08-30,Product_1,515.48,37,55.71,Clothing,19072.760000000002,Wednesday,August
2023-08-31,Product_1,487.71,35,59.48,Books,17069.85,Thursday,August
2023-09-01,Product_1,488.55,35,64.67,Books,17099.25,Friday,September
2023-09-02,Product_1,463.69,34,68.89,Food,15765.46,Saturday,September
2023-09-03,Product_1,520.32,38,57.06,Clothing,19772.160000000003,Sunday,September
2023-09-04,Product_1,462.71,33,81.49,Food,15269.429999999998,Monday,September
2023-09-05,Product_1,527.19,38,33.92,Books,20033.22,Tuesday,September
2023-09-06,Product_1,516.91,37,31.9,Books,19125.67,Wednesday,September
2023-09-07,Product_1,479.04,35,80.63,Electronics,16766.4,Thursday,September
2023-09-08,Product_1,522.09,38,86.19,Electronics,19839.420000000002,Friday,September
2023-09-09,Product_1,480.27,35,37.2,Books,16809.45,Saturday,September
2023-09-10,Product_1,454.61,33,73.62,Books,15002.130000000001,Sunday,September
2023-09-11,Product_1,464.84,34,73.63,Books,15804.56,Monday,September
2023-09-12,Product_1,483.95,35,41.69,Electronics,16938.25,Tuesday,September
2023-09-13,Product_1,435.08,31,37.99,Books,13487.48,Wednesday,September
2023-09-14,Product_1,523.82,38,33.89,Electronics,19905.160000000003,Thursday,September
2023-09-15,Product_1,500.58,36,38.79,Toys,18020.88,Friday,September
2023-09-16,Product_1,593.35,43,49.99,Food,25514.05,Saturday,September
2023-09-17,Product_1,443.54,32,97.24,Toys,14193.28,Sunday,September
2023-09-18,Product_1,409.46,30,66.58,Electronics,12283.8,Monday,September
2023-09-19,Product_1,466.9,34,40.49,Electronics,15874.599999999999,Tuesday,September
2023-09-20,Product_1,530.43,38,48.48,Books,20156.339999999997,Wednesday,September
2023-09-21,Product_1,511.63,37,80.79,Books,18930.31,Thursday,September
2023-09-22,Product_1,493.45,36,63.58,Clothing,17764.2,Friday,September
2023-09-23,Product_1,514.85,37,74.43,Toys,19049.45,Saturday,September
2023-09-24,Product_1,532.51,39,40.11,Electronics,20767.89,Sunday,September
2023-09-25,Product_1,446.86,32,66.71,Toys,14299.52,Monday,September
2023-09-26,Product_1,464.7,34,53.22,Toys,15799.8,Tuesday,September
2023-09-27,Product_1,444.47,32,64.83,Toys,14223.04,Wednesday,September
2023-09-28,Product_1,499.16,36,92.94,Food,17969.760000000002,Thursday,September
2023-09-29,Product_1,480.19,35,95.3,Toys,16806.65,Friday,September
2023-09-30,Product_1,517.42,37,51.86,Books,19144.539999999997,Saturday,September
2023-10-01,Product_1,500.96,36,46.44,Books,18034.559999999998,Sunday,October
2023-10-02,Product_1,437.88,32,58.9,Toys,14012.16,Monday,October
2023-10-03,Product_1,458.61,33,71.99,Clothing,15134.130000000001,Tuesday,October
2023-10-04,Product_1,443.4,32,85.53,Books,14188.8,Wednesday,October
2023-10-05,Product_1,502.55,36,33.33,Clothing,18091.8,Thursday,October
2023-10-06,Product_1,481.51,35,26.44,Books,16852.85,Friday,October
2023-10-07,Product_1,453.98,33,66.88,Food,14981.34,Saturday,October
2023-10-08,Product_1,525.71,38,43.52,Books,19976.980000000003,Sunday,October
2023-10-09,Product_1,428.02,31,96.88,Books,13268.619999999999,Monday,October
2023-10-10,Product_1,502.68,36,93.76,Clothing,18096.48,Tuesday,October
2023-10-11,Product_1,492.7,36,49.01,Electronics,17737.2,Wednesday,October
2023-10-12,Product_1,550.75,40,68.32,Food,22030.0,Thursday,October
2023-10-13,Product_1,507.95,37,56.51,Books,18794.149999999998,Friday,October
2023-10-14,Product_1,520.75,38,49.97,Electronics,19788.5,Saturday,October
2023-10-15,Product_1,468.51,34,88.2,Books,15929.34,Sunday,October
2023-10-16,Product_1,479.05,35,53.32,Food,16766.75,Monday,October
2023-10-17,Product_1,511.87,37,98.46,Books,18939.19,Tuesday,October
2023-10-18,Product_1,444.95,32,84.33,Toys,14238.4,Wednesday,October
2023-10-19,Product_1,514.35,37,22.49,Clothing,19030.95,Thursday,October
2023-10-20,Product_1,482.06,35,68.71,Clothing,16872.1,Friday,October
2023-10-21,Product_1,475.89,34,22.5,Food,16180.26,Saturday,October
2023-10-22,Product_1,439.51,32,31.81,Toys,14064.32,Sunday,October
2023-10-23,Product_1,377.97,27,28.63,Toys,10205.19,Monday,October
2023-10-24,Product_1,444.81,32,65.02,Books,14233.92,Tuesday,October
2023-10-25,Product_1,533.31,39,60.28,Toys,20799.089999999997,Wednesday,October
2023-10-26,Product_1,520.98,38,79.51,Electronics,19797.24,Thursday,October
2023-10-27,Product_1,479.28,35,28.39,Toys,16774.8,Friday,October
2023-10-28,Product_1,523.45,38,77.98,Electronics,19891.100000000002,Saturday,October
2023-10-29,Product_1,413.69,30,82.58,Toys,12410.7,Sunday,October
2023-10-30,Product_1,526.82,38,66.86,Books,20019.160000000003,Monday,October
2023-10-31,Product_1,495.02,36,29.88,Electronics,17820.72,Tuesday,October
2023-11-01,Product_1,463.62,33,36.02,Toys,15299.460000000001,Wednesday,November
2023-11-02,Product_1,530.55,38,29.34,Toys,20160.899999999998,Thursday,November
2023-11-03,Product_1,508.29,37,56.73,Food,18806.73,Friday,November
2023-11-04,Product_1,511.25,37,86.13,Food,18916.25,Saturday,November
2023-11-05,Product_1,511.44,37,94.05,Books,18923.28,Sunday,November
2023-11-06,Product_1,488.76,35,74.76,Books,17106.6,Monday,November
2023-11-07,Product_1,451.6,33,56.99,Clothing,14902.800000000001,Tuesday,November
2023-11-08,Product_1,472.51,34,38.39,Clothing,16065.34,Wednesday,November
2023-11-09,Product_1,500.11,36,39.84,Books,18003.96,Thursday,November
2023-11-10,Product_1,505.75,37,56.71,Food,18712.75,Friday,November
2023-11-11,Product_1,472.58,34,99.8,Food,16067.72,Saturday,November
2023-11-12,Product_1,534.22,39,66.8,Food,20834.58,Sunday,November
2023-11-13,Product_1,517.16,37,94.43,Clothing,19134.92,Monday,November
2023-11-14,Product_1,479.44,35,36.12,Electronics,16780.4,Tuesday,November
2023-11-15,Product_1,470.05,34,67.21,Electronics,15981.7,Wednesday,November
2023-11-16,Product_1,513.16,37,75.31,Clothing,18986.92,Thursday,November
2023-11-17,Product_1,563.92,41,43.51,Books,23120.719999999998,Friday,November
2023-11-18,Product_1,478.42,35,73.45,Food,16744.7,Saturday,November
2023-11-19,Product_1,491.79,36,55.69,Toys,17704.440000000002,Sunday,November
2023-11-20,Product_1,510.93,37,73.5,Toys,18904.41,Monday,November
2023-11-21,Product_1,540.36,39,59.59,Clothing,21074.04,Tuesday,November
2023-11-22,Product_1,563.18,41,65.89,Electronics,23090.379999999997,Wednesday,November
2023-11-23,Product_1,533.04,39,90.37,Electronics,20788.559999999998,Thursday,November
2023-11-24,Product_1,585.96,42,87.48,Food,24610.32,Friday,November
2023-11-25,Product_1,480.85,35,66.31,Electronics,16829.75,Saturday,November
2023-11-26,Product_1,462.73,33,60.1,Toys,15270.09,Sunday,November
2023-11-27,Product_1,513.81,37,77.34,Food,19010.969999999998,Monday,November
2023-11-28,Product_1,473.53,34,38.13,Toys,16100.019999999999,Tuesday,November
2023-11-29,Product_1,507.42,37,87.15,Food,18774.54,Wednesday,November
2023-11-30,Product_1,520.93,38,62.24,Books,19795.339999999997,Thursday,November
2023-12-01,Product_1,517.35,37,49.55,Books,19141.95,Friday,December
2023-12-02,Product_1,546.08,40,72.93,Food,21843.2,Saturday,December
2023-12-03,Product_1,510.23,37,85.31,Electronics,18878.510000000002,Sunday,December
2023-12-04,Product_1,517.53,37,94.51,Books,19148.61,Monday,December
2023-12-05,Product_1,483.54,35,88.45,Toys,16923.9,Tuesday,December
2023-12-06,Product_1,517.52,37,34.65,Toys,19148.239999999998,Wednesday,December
2023-12-07,Product_1,505.22,37,99.14,Electronics,18693.14,Thursday,December
2023-12-08,Product_1,547.8,40,95.83,Electronics,21912.0,Friday,December
2023-12-09,Product_1,473.94,34,38.53,Food,16113.96,Saturday,December
2023-12-10,Product_1,499.45,36,51.43,Food,17980.2,Sunday,December
2023-12-11,Product_1,493.51,36,72.47,Toys,17766.36,Monday,December
2023-12-12,Product_1,513.71,37,58.3,Electronics,19007.27,Tuesday,December
2023-12-13,Product_1,440.47,32,52.61,Toys,14095.04,Wednesday,December
2023-12-14,Product_1,512.89,37,88.56,Electronics,18976.93,Thursday,December
2023-12-15,Product_1,575.23,42,86.49,Clothing,24159.66,Friday,December
2023-12-16,Product_1,573.19,42,55.39,Toys,24073.980000000003,Saturday,December
2023-12-17,Product_1,466.82,34,96.57,Food,15871.88,Sunday,December
2023-12-18,Product_1,533.68,39,97.03,Books,20813.519999999997,Monday,December
2023-12-19,Product_1,473.52,34,25.34,Toys,16099.68,Tuesday,December
2023-12-20,Product_1,539.04,39,58.36,Clothing,21022.559999999998,Wednesday,December
2023-12-21,Product_1,524.57,38,54.79,Electronics,19933.660000000003,Thursday,December
2023-12-22,Product_1,565.27,41,97.3,Books,23176.07,Friday,December
2023-12-23,Product_1,542.08,39,48.79,Toys,21141.120000000003,Saturday,December
2023-12-24,Product_1,540.14,39,21.05,Food,21065.46,Sunday,December
2023-12-25,Product_1,535.1,39,86.11,Food,20868.9,Monday,December
2023-12-26,Product_1,499.07,36,42.57,Clothing,17966.52,Tuesday,December
2023-12-27,Product_1,537.44,39,28.51,Food,20960.160000000003,Wednesday,December
2023-12-28,Product_1,571.65,41,37.64,Clothing,23437.649999999998,Thursday,December
2023-12-29,Product_1,559.76,41,38.33,Electronics,22950.16,Friday,December
2023-12-30,Product_1,519.19,38,63.17,Books,19729.22,Saturday,December
2023-12-31,Product_1,526.59,38,42.37,Food,20010.420000000002,Sunday,December
2024-01-01,Product_1,498.49,36,22.53,Electronics,17945.64,Monday,January
2024-01-02,Product_1,500.76,36,81.78,Clothing,18027.36,Tuesday,January
2024-01-03,Product_1,510.67,37,31.77,Clothing,18894.79,Wednesday,January
2024-01-04,Product_1,596.09,43,26.29,Clothing,25631.870000000003,Thursday,January
2024-01-05,Product_1,541.51,39,79.21,Electronics,21118.89,Friday,January
2024-01-06,Product_1,523.42,38,64.26,Food,19889.96,Saturday,January
2024-01-07,Product_1,539.92,39,63.57,Toys,21056.879999999997,Sunday,January
2024-01-08,Product_1,548.08,40,74.74,Toys,21923.2,Monday,January
2024-01-09,Product_1,594.75,43,25.84,Electronics,25574.25,Tuesday,January
2024-01-10,Product_1,563.34,41,34.77,Electronics,23096.940000000002,Wednesday,January
2024-01-11,Product_1,509.71,37,71.32,Books,18859.27,Thursday,January
2024-01-12,Product_1,551.48,40,29.38,Clothing,22059.2,Friday,January
2024-01-13,Product_1,576.85,42,78.34,Books,24227.7,Saturday,January
2024-01-14,Product_1,506.39,37,40.21,Food,18736.43,Sunday,January
2024-01-15,Product_1,513.6,37,29.59,Books,19003.2,Monday,January
2024-01-16,Product_1,608.94,44,23.79,Toys,26793.36,Tuesday,January
2024-01-17,Product_1,565.21,41,23.39,Toys,23173.61,Wednesday,January
2024-01-18,Product_1,548.8,40,58.79,Food,21952.0,Thursday,January
2024-01-19,Product_1,551.58,40,84.55,Toys,22063.2,Friday,January
2024-01-20,Product_1,683.88,50,43.78,Toys,34194.0,Saturday,January
2024-01-21,Product_1,579.77,42,85.83,Books,24350.34,Sunday,January
2024-01-22,Product_1,505.09,37,93.64,Clothing,18688.329999999998,Monday,January
2024-01-23,Product_1,525.2,38,35.53,Food,19957.600000000002,Tuesday,January
2024-01-24,Product_1,552.56,40,99.08,Books,22102.399999999998,Wednesday,January
2024-01-25,Product_1,607.99,44,59.64,Clothing,26751.56,Thursday,January
2024-01-26,Product_1,598.61,43,70.13,Clothing,25740.23,Friday,January
2024-01-27,Product_1,567.71,41,67.33,Food,23276.11,Saturday,January
2024-01-28,Product_1,503.2,36,84.73,Clothing,18115.2,Sunday,January
2024-01-29,Product_1,517.84,37,20.19,Toys,19160.08,Monday,January
2024-01-30,Product_1,522.21,38,93.04,Clothing,19843.980000000003,Tuesday,January
2024-01-31,Product_1,548.24,40,36.54,Books,21929.6,Wednesday,January
2024-02-01,Product_1,653.59,47,36.78,Toys,30718.730000000003,Thursday,February
2024-02-02,Product_1,585.05,42,20.65,Books,24572.1,Friday,February
2024-02-03,Product_1,581.96,42,44.04,Clothing,24442.32,Saturday,February
2024-02-04,Product_1,539.25,39,73.4,Food,21030.75,Sunday,February
2024-02-05,Product_1,582.8,42,78.19,Toys,24477.6,Monday,February
2024-02-06,Product_1,523.72,38,50.48,Books,19901.36,Tuesday,February
2024-02-07,Product_1,559.43,41,74.52,Clothing,22936.629999999997,Wednesday,February
2024-02-08,Product_1,620.76,45,56.89,Food,27934.2,Thursday,February
2024-02-09,Product_1,572.76,42,54.89,Toys,24055.92,Friday,February
2024-02-10,Product_1,565.41,41,81.25,Electronics,23181.809999999998,Saturday,February
2024-02-11,Product_1,566.49,41,89.55,Electronics,23226.09,Sunday,February
2024-02-12,Product_1,550.62,40,86.57,Books,22024.8,Monday,February
2024-02-13,Product_1,574.92,42,91.47,Electronics,24146.64,Tuesday,February
2024-02-14,Product_1,589.42,43,98.09,Books,25345.059999999998,Wednesday,February
2024-02-15,Product_1,590.66,43,25.6,Books,25398.379999999997,Thursday,February
2024-02-16,Product_1,595.81,43,72.13,Electronics,25619.829999999998,Friday,February
2024-02-17,Product_1,600.64,44,66.15,Books,26428.16,Saturday,February
2024-02-18,Product_1,589.31,43,67.61,Toys,25340.329999999998,Sunday,February
2024-02-19,Product_1,591.54,43,22.4,Toys,25436.219999999998,Monday,February
2024-02-20,Product_1,544.97,39,66.19,Books,21253.83,Tuesday,February
2024-02-21,Product_1,639.99,46,74.33,Books,29439.54,Wednesday,February
2024-02-22,Product_1,590.48,43,63.23,Food,25390.64,Thursday,February
2024-02-23,Product_1,594.52,43,37.34,Electronics,25564.36,Friday,February
2024-02-24,Product_1,588.97,43,49.41,Toys,25325.710000000003,Saturday,February
2024-02-25,Product_1,545.65,40,87.33,Books,21826.0,Sunday,February
2024-02-26,Product_1,583.74,42,74.87,Books,24517.08,Monday,February
2024-02-27,Product_1,551.32,40,50.69,Food,22052.800000000003,Tuesday,February
2024-02-28,Product_1,580.65,42,31.93,Food,24387.3,Wednesday,February
2024-02-29,Product_1,598.7,43,20.84,Electronics,25744.100000000002,Thursday,February
2024-03-01,Product_1,677.13,49,91.39,Books,33179.37,Friday,March
2024-03-02,Product_1,618.03,45,96.86,Food,27811.35,Saturday,March
2024-03-03,Product_1,541.65,39,50.06,Clothing,21124.35,Sunday,March
2024-03-04,Product_1,598.29,43,37.03,Books,25726.469999999998,Monday,March
2024-03-05,Product_1,626.84,45,51.63,Books,28207.800000000003,Tuesday,March
2024-03-06,Product_1,574.85,42,63.59,Books,24143.7,Wednesday,March
2024-03-07,Product_1,593.39,43,94.93,Clothing,25515.77,Thursday,March
2024-03-08,Product_1,614.47,45,63.03,Electronics,27651.15,Friday,March
2024-03-09,Product_1,628.06,46,64.29,Electronics,28890.76,Saturday,March
2024-03-10,Product_1,519.12,38,60.22,Books,19726.56,Sunday,March
2024-03-11,Product_1,562.65,41,97.84,Electronics,23068.649999999998,Monday,March
2024-03-12,Product_1,609.83,44,71.17,Food,26832.52,Tuesday,March
2024-03-13,Product_1,568.34,41,77.19,Clothing,23301.940000000002,Wednesday,March
2024-03-14,Product_1,564.56,41,92.93,Food,23146.96,Thursday,March
2024-03-15,Product_1,614.39,45,21.75,Books,27647.55,Friday,March
2024-03-16,Product_1,638.74,46,72.8,Books,29382.04,Saturday,March
2024-03-17,Product_1,600.95,44,85.76,Electronics,26441.800000000003,Sunday,March
2024-03-18,Product_1,603.94,44,24.13,Electronics,26573.36,Monday,March
2024-03-19,Product_1,598.82,43,20.12,Electronics,25749.260000000002,Tuesday,March
2024-03-20,Product_1,653.21,47,32.97,Toys,30700.870000000003,Wednesday,March
2024-03-21,Product_1,633.24,46,91.27,Clothing,29129.04,Thursday,March
2024-03-22,Product_1,594.56,43,92.56,Food,25566.079999999998,Friday,March
2024-03-23,Product_1,609.89,44,61.62,Food,26835.16,Saturday,March
2024-03-24,Product_1,597.77,43,29.14,Electronics,25704.11,Sunday,March
2024-03-25,Product_1,637.01,46,44.38,Electronics,29302.46,Monday,March
2024-03-26,Product_1,599.11,43,84.48,Toys,25761.73,Tuesday,March
2024-03-27,Product_1,588.58,43,48.47,Books,25308.940000000002,Wednesday,March
2024-03-28,Product_1,603.0,44,22.91,Food,26532.0,Thursday,March
2024-03-29,Product_1,627.48,46,89.91,Toys,28864.08,Friday,March
2024-03-30,Product_1,614.27,45,63.31,Food,27642.149999999998,Saturday,March
2024-03-31,Product_1,584.23,42,24.78,Food,24537.66,Sunday,March
2024-04-01,Product_1,586.49,43,59.55,Books,25219.07,Monday,April
2024-04-02,Product_1,590.94,43,40.38,Books,25410.420000000002,Tuesday,April
2024-04-03,Product_1,617.7,45,29.8,Clothing,27796.500000000004,Wednesday,April
2024-04-04,Product_1,603.93,44,29.86,Food,26572.92,Thursday,April
2024-04-05,Product_1,622.06,45,74.44,Food,27992.699999999997,Friday,April
2024-04-06,Product_1,606.47,44,48.27,Books,26684.68,Saturday,April
2024-04-07,Product_1,628.38,46,63.92,Books,28905.48,Sunday,April
2024-04-08,Product_1,628.74,46,46.83,Books,28922.04,Monday,April
2024-04-09,Product_1,591.98,43,40.53,Electronics,25455.14,Tuesday,April
2024-04-10,Product_1,620.16,45,73.61,Food,27907.199999999997,Wednesday,April
2024-04-11,Product_1,657.69,48,43.54,Clothing,31569.120000000003,Thursday,April
2024-04-12,Product_1,699.55,51,51.06,Books,35677.049999999996,Friday,April
2024-04-13,Product_1,575.76,42,39.28,Clothing,24181.92,Saturday,April
2024-04-14,Product_1,579.13,42,99.22,Food,24323.46,Sunday,April
2024-04-15,Product_1,621.57,45,27.02,Electronics,27970.65,Monday,April
2024-04-16,Product_1,604.16,44,73.1,Food,26583.039999999997,Tuesday,April
2024-04-17,Product_1,606.4,44,92.17,Electronics,26681.6,Wednesday,April
2024-04-18,Product_1,641.44,47,21.67,Food,30147.680000000004,Thursday,April
2024-04-19,Product_1,602.76,44,22.36,Books,26521.44,Friday,April
2024-04-20,Product_1,623.29,45,99.66,Electronics,28048.05,Saturday,April
2024-04-21,Product_1,597.68,43,33.64,Toys,25700.239999999998,Sunday,April
2024-04-22,Product_1,588.13,43,77.65,Clothing,25289.59,Monday,April
2024-04-23,Product_1,593.12,43,79.45,Food,25504.16,Tuesday,April
2024-04-24,Product_1,604.8,44,43.9,Books,26611.199999999997,Wednesday,April
2024-04-25,Product_1,572.18,41,52.77,Books,23459.379999999997,Thursday,April
2024-04-26,Product_1,630.13,46,33.25,Electronics,28985.98,Friday,April
2024-04-27,Product_1,617.92,45,57.73,Electronics,27806.399999999998,Saturday,April
2024-04-28,Product_1,633.3,46,79.66,Books,29131.8,Sunday,April
2024-04-29,Product_1,550.17,40,28.02,Books,22006.8,Monday,April
2024-04-30,Product_1,597.75,43,53.64,Books,25703.25,Tuesday,April
2024-05-01,Product_1,596.03,43,60.85,Toys,25629.289999999997,Wednesday,May
2024-05-02,Product_1,625.02,45,26.56,Toys,28125.899999999998,Thursday,May
2024-05-03,Product_1,569.74,41,98.82,Clothing,23359.34,Friday,May
2024-05-04,Product_1,602.2,44,80.78,Toys,26496.800000000003,Saturday,May
2024-05-05,Product_1,632.63,46,92.99,Toys,29100.98,Sunday,May
2024-05-06,Product_1,585.48,42,80.85,Electronics,24590.16,Monday,May
2024-05-07,Product_1,628.6,46,78.98,Food,28915.600000000002,Tuesday,May
2024-05-08,Product_1,597.44,43,23.57,Clothing,25689.920000000002,Wednesday,May
2024-05-09,Product_1,620.44,45,95.46,Food,27919.800000000003,Thursday,May
2024-05-10,Product_1,648.69,47,44.07,Books,30488.430000000004,Friday,May
2024-05-11,Product_1,607.21,44,28.92,Electronics,26717.24,Saturday,May
2024-05-12,Product_1,650.62,47,47.53,Clothing,30579.14,Sunday,May
2024-05-13,Product_1,583.92,42,21.89,Clothing,24524.64,Monday,May
2024-05-14,Product_1,599.17,43,31.01,Toys,25764.309999999998,Tuesday,May
2024-05-15,Product_1,521.44,38,70.76,Toys,19814.72,Wednesday,May
2024-05-16,Product_1,648.77,47,28.84,Toys,30492.19,Thursday,May
2024-05-17,Product_1,585.31,42,72.44,Books,24583.019999999997,Friday,May
2024-05-18,Product_1,614.79,45,48.25,Food,27665.55,Saturday,May
2024-05-19,Product_1,595.06,43,63.47,Toys,25587.579999999998,Sunday,May
2024-05-20,Product_1,593.59,43,45.83,Toys,25524.370000000003,Monday,May
2024-05-21,Product_1,618.73,45,89.86,Toys,27842.850000000002,Tuesday,May
2024-05-22,Product_1,621.52,45,26.48,Books,27968.399999999998,Wednesday,May
2024-05-23,Product_1,600.59,44,66.29,Books,26425.960000000003,Thursday,May
2024-05-24,Product_1,641.17,47,78.95,Books,30134.989999999998,Friday,May
2024-05-25,Product_1,583.87,42,53.06,Clothing,24522.54,Saturday,May
2024-05-26,Product_1,555.74,40,36.86,Toys,22229.6,Sunday,May
2024-05-27,Product_1,588.42,43,65.48,Electronics,25302.059999999998,Monday,May
2024-05-28,Product_1,543.54,39,54.68,Electronics,21198.059999999998,Tuesday,May
2024-05-29,Product_1,574.68,42,61.76,Toys,24136.559999999998,Wednesday,May
2024-05-30,Product_1,580.95,42,95.01,Clothing,24399.9,Thursday,May
2024-05-31,Product_1,665.25,48,75.13,Electronics,31932.0,Friday,May
2024-06-01,Product_1,552.9,40,55.74,Toys,22116.0,Saturday,June
2024-06-02,Product_1,585.06,42,77.32,Electronics,24572.519999999997,Sunday,June
2024-06-03,Product_1,587.63,43,78.14,Clothing,25268.09,Monday,June
2024-06-04,Product_1,523.45,38,35.05,Clothing,19891.100000000002,Tuesday,June
2024-06-05,Product_1,559.77,41,97.71,Toys,22950.57,Wednesday,June
2024-06-06,Product_1,589.67,43,30.85,Books,25355.809999999998,Thursday,June
2024-06-07,Product_1,611.36,44,61.91,Books,26899.84,Friday,June
2024-06-08,Product_1,618.48,45,91.21,Clothing,27831.600000000002,Saturday,June
2024-06-09,Product_1,555.11,40,67.28,Food,22204.4,Sunday,June
2024-06-10,Product_1,548.44,40,63.72,Clothing,21937.600000000002,Monday,June
2024-06-11,Product_1,599.48,43,23.79,Books,25777.64,Tuesday,June
2024-06-12,Product_1,530.38,38,41.88,Clothing,20154.44,Wednesday,June
2024-06-13,Product_1,560.24,41,50.0,Toys,22969.84,Thursday,June
2024-06-14,Product_1,627.9,46,91.01,Food,28883.399999999998,Friday,June
2024-06-15,Product_1,624.44,45,95.4,Electronics,28099.800000000003,Saturday,June
2024-06-16,Product_1,555.25,40,64.76,Toys,22210.0,Sunday,June
2024-06-17,Product_1,578.84,42,22.88,Clothing,24311.280000000002,Monday,June
2024-06-18,Product_1,574.42,42,70.83,Clothing,24125.64,Tuesday,June
2024-06-19,Product_1,582.25,42,27.95,Electronics,24454.5,Wednesday,June
2024-06-20,Product_1,614.78,45,35.31,Clothing,27665.1,Thursday,June
2024-06-21,Product_1,648.99,47,54.51,Clothing,30502.53,Friday,June
2024-06-22,Product_1,570.84,41,54.54,Toys,23404.440000000002,Saturday,June
2024-06-23,Product_1,552.38,40,72.47,Electronics,22095.2,Sunday,June
2024-06-24,Product_1,524.87,38,62.77,Toys,19945.06,Monday,June
2024-06-25,Product_1,533.79,39,70.94,Toys,20817.809999999998,Tuesday,June
2024-06-26,Product_1,583.0,42,27.37,Books,24486.0,Wednesday,June
2024-06-27,Product_1,527.96,38,73.06,Books,20062.480000000003,Thursday,June
2024-06-28,Product_1,574.95,42,85.73,Food,24147.9,Friday,June
2024-06-29,Product_1,687.1,50,44.01,Food,34355.0,Saturday,June
2024-06-30,Product_1,603.9,44,86.47,Books,26571.6,Sunday,June
2024-07-01,Product_1,522.5,38,60.8,Books,19855.0,Monday,July
2024-07-02,Product_1,571.45,41,66.62,Clothing,23429.45,Tuesday,July
2024-07-03,Product_1,532.88,39,80.73,Food,20782.32,Wednesday,July
2024-07-04,Product_1,571.28,41,46.06,Toys,23422.48,Thursday,July
2024-07-05,Product_1,545.01,39,20.25,Food,21255.39,Friday,July
2024-07-06,Product_1,555.59,40,30.72,Food,22223.600000000002,Saturday,July
2024-07-07,Product_1,603.26,44,30.31,Books,26543.44,Sunday,July
2024-07-08,Product_1,562.6,41,53.81,Clothing,23066.600000000002,Monday,July
2024-07-09,Product_1,542.22,39,96.29,Books,21146.58,Tuesday,July
2024-07-10,Product_1,694.0,50,94.21,Books,34700.0,Wednesday,July
2024-07-11,Product_1,553.53,40,30.31,Books,22141.199999999997,Thursday,July
2024-07-12,Product_1,548.17,40,84.3,Food,21926.8,Friday,July
2024-07-13,Product_1,564.62,41,44.62,Books,23149.420000000002,Saturday,July
2024-07-14,Product_1,519.67,38,53.72,Food,19747.46,Sunday,July
2024-07-15,Product_1,551.97,40,80.45,Clothing,22078.800000000003,Monday,July
2024-07-16,Product_1,544.21,39,99.5,Clothing,21224.190000000002,Tuesday,July
2024-07-17,Product_1,586.28,42,27.02,Books,24623.76,Wednesday,July
2024-07-18,Product_1,599.23,43,60.46,Food,25766.89,Thursday,July
2024-07-19,Product_1,631.13,46,41.26,Books,29031.98,Friday,July
2024-07-20,Product_1,611.0,44,67.22,Electronics,26884.0,Saturday,July
2024-07-21,Product_1,547.81,40,78.69,Food,21912.399999999998,Sunday,July
2024-07-22,Product_1,505.93,37,77.63,Food,18719.41,Monday,July
2024-07-23,Product_1,535.4,39,60.99,Electronics,20880.6,Tuesday,July
2024-07-24,Product_1,560.32,41,50.49,Books,22973.120000000003,Wednesday,July
2024-07-25,Product_1,528.76,38,26.67,Books,20092.88,Thursday,July
2024-07-26,Product_1,572.5,41,59.99,Food,23472.5,Friday,July
2024-07-27,Product_1,484.6,35,56.92,Electronics,16961.0,Saturday,July
2024-07-28,Product_1,480.59,35,35.13,Food,16820.649999999998,Sunday,July
2024-07-29,Product_1,582.41,42,37.63,Toys,24461.219999999998,Monday,July
2024-07-30,Product_1,578.61,42,28.88,Books,24301.62,Tuesday,July
2024-07-31,Product_1,614.67,45,75.85,Clothing,27660.149999999998,Wednesday,July
2024-08-01,Product_1,575.8,42,83.89,Books,24183.6,Thursday,August
2024-08-02,Product_1,589.95,43,67.54,Books,25367.850000000002,Friday,August
2024-08-03,Product_1,549.44,40,27.26,Food,21977.600000000002,Saturday,August
2024-08-04,Product_1,531.8,38,45.18,Toys,20208.399999999998,Sunday,August
2024-08-05,Product_1,534.22,39,41.34,Electronics,20834.58,Monday,August
2024-08-06,Product_1,591.02,43,50.77,Clothing,25413.86,Tuesday,August
2024-08-07,Product_1,503.04,36,27.78,Books,18109.440000000002,Wednesday,August
2024-08-08,Product_1,537.57,39,72.63,Books,20965.230000000003,Thursday,August
2024-08-09,Product_1,581.68,42,71.4,Clothing,24430.559999999998,Friday,August
2024-08-10,Product_1,597.5,43,25.53,Electronics,25692.5,Saturday,August
2024-08-11,Product_1,551.06,40,53.33,Toys,22042.399999999998,Sunday,August
2024-08-12,Product_1,526.89,38,89.68,Books,20021.82,Monday,August
2024-08-13,Product_1,520.62,38,42.32,Food,19783.56,Tuesday,August
2024-08-14,Product_1,596.15,43,76.72,Books,25634.45,Wednesday,August
2024-08-15,Product_1,525.36,38,46.8,Clothing,19963.68,Thursday,August
2024-08-16,Product_1,674.67,49,79.29,Clothing,33058.829999999994,Friday,August
2024-08-17,Product_1,517.1,37,54.66,Toys,19132.7,Saturday,August
2024-08-18,Product_1,523.4,38,99.85,Electronics,19889.2,Sunday,August
2024-08-19,Product_1,471.11,34,32.34,Food,16017.74,Monday,August
2024-08-20,Product_1,541.93,39,32.26,Food,21135.269999999997,Tuesday,August
2024-08-21,Product_1,545.48,40,51.87,Food,21819.2,Wednesday,August
2024-08-22,Product_1,527.58,38,36.32,Clothing,20048.04,Thursday,August
2024-08-23,Product_1,560.35,41,44.4,Toys,22974.350000000002,Friday,August
2024-08-24,Product_1,489.07,35,80.07,Food,17117.45,Saturday,August
2024-08-25,Product_1,588.89,43,58.95,Toys,25322.27,Sunday,August
2024-08-26,Product_1,510.73,37,35.74,Toys,18897.010000000002,Monday,August
2024-08-27,Product_1,494.64,36,34.66,Books,17807.04,Tuesday,August
2024-08-28,Product_1,532.75,39,65.46,Books,20777.25,Wednesday,August
2024-08-29,Product_1,581.41,42,95.83,Food,24419.219999999998,Thursday,August
2024-08-30,Product_1,551.02,40,63.54,Food,22040.8,Friday,August
2024-08-31,Product_1,577.18,42,27.67,Toys,24241.559999999998,Saturday,August
2024-09-01,Product_1,485.4,35,47.41,Books,16989.0,Sunday,September
2024-09-02,Product_1,507.36,37,32.12,Electronics,18772.32,Monday,September
2024-09-03,Product_1,497.24,36,28.87,Toys,17900.64,Tuesday,September
2024-09-04,Product_1,494.98,36,97.0,Food,17819.28,Wednesday,September
2024-09-05,Product_1,541.98,39,37.05,Electronics,21137.22,Thursday,September
2024-09-06,Product_1,541.86,39,77.25,Books,21132.54,Friday,September
2024-09-07,Product_1,557.26,40,78.75,Books,22290.4,Saturday,September
2024-09-08,Product_1,519.17,38,75.31,Books,19728.46,Sunday,September
2024-09-09,Product_1,498.89,36,76.54,Food,17960.04,Monday,September
2024-09-10,Product_1,523.82,38,22.27,Electronics,19905.160000000003,Tuesday,September
2024-09-11,Product_1,571.46,41,52.94,Clothing,23429.86,Wednesday,September
2024-09-12,Product_1,518.94,38,62.3,Food,19719.72,Thursday,September
2024-09-13,Product_1,503.91,36,78.7,Toys,18140.760000000002,Friday,September
2024-09-14,Product_1,494.68,36,75.93,Toys,17808.48,Saturday,September
2024-09-15,Product_1,512.64,37,30.28,Electronics,18967.68,Sunday,September
2024-09-16,Product_1,520.22,38,93.1,Food,19768.36,Monday,September
2024-09-17,Product_1,501.11,36,70.79,Food,18039.96,Tuesday,September
2024-09-18,Product_1,479.62,35,79.4,Toys,16786.7,Wednesday,September
2024-09-19,Product_1,527.28,38,85.04,Electronics,20036.64,Thursday,September
2024-09-20,Product_1,557.81,40,93.22,Electronics,22312.399999999998,Friday,September
2024-09-21,Product_1,528.51,38,77.48,Books,20083.38,Saturday,September
2024-09-22,Product_1,560.05,41,69.84,Electronics,22962.05,Sunday,September
2024-09-23,Product_1,477.77,35,69.4,Toys,16721.95,Monday,September
2024-09-24,Product_1,528.94,38,68.29,Toys,20099.72,Tuesday,September
2024-09-25,Product_1,542.81,39,90.73,Electronics,21169.589999999997,Wednesday,September
2024-09-26,Product_1,529.77,38,22.3,Books,20131.26,Thursday,September
2024-09-27,Product_1,546.7,40,49.75,Toys,21868.0,Friday,September
2024-09-28,Product_1,559.31,41,53.93,Clothing,22931.71,Saturday,September
2024-09-29,Product_1,530.92,38,50.37,Clothing,20174.96,Sunday,September
2024-09-30,Product_1,513.28,37,20.01,Electronics,18991.36,Monday,September
2024-10-01,Product_1,496.95,36,28.06,Toys,17890.2,Tuesday,October
2024-10-02,Product_1,494.94,36,86.32,Books,17817.84,Wednesday,October
2024-10-03,Product_1,522.28,38,71.67,Books,19846.64,Thursday,October
2024-10-04,Product_1,553.0,40,35.53,Electronics,22120.0,Friday,October
2024-10-05,Product_1,517.63,37,64.21,Electronics,19152.31,Saturday,October
2024-10-06,Product_1,552.96,40,39.14,Clothing,22118.4,Sunday,October
2024-10-07,Product_1,462.89,33,63.0,Toys,15275.369999999999,Monday,October
2024-10-08,Product_1,508.21,37,29.26,Clothing,18803.77,Tuesday,October
2024-10-09,Product_1,494.03,36,79.93,Toys,17785.079999999998,Wednesday,October
2024-10-10,Product_1,520.94,38,20.34,Electronics,19795.72,Thursday,October
2024-10-11,Product_1,534.75,39,48.31,Electronics,20855.25,Friday,October
2024-10-12,Product_1,514.04,37,78.21,Food,19019.48,Saturday,October
2024-10-13,Product_1,521.53,38,75.93,Electronics,19818.14,Sunday,October
2024-10-14,Product_1,517.75,37,81.05,Clothing,19156.75,Monday,October
2024-10-15,Product_1,553.65,40,82.43,Electronics,22146.0,Tuesday,October
2024-10-16,Product_1,490.12,35,94.23,Electronics,17154.2,Wednesday,October
2024-10-17,Product_1,501.67,36,31.19,Food,18060.12,Thursday,October
2024-10-18,Product_1,535.13,39,93.95,Food,20870.07,Friday,October
2024-10-19,Product_1,522.64,38,47.83,Electronics,19860.32,Saturday,October
2024-10-20,Product_1,508.46,37,60.44,Toys,18813.02,Sunday,October
2024-10-21,Product_1,553.74,40,54.64,Electronics,22149.6,Monday,October
2024-10-22,Product_1,466.14,34,61.87,Clothing,15848.76,Tuesday,October
2024-10-23,Product_1,528.36,38,54.47,Food,20077.68,Wednesday,October
2024-10-24,Product_1,568.66,41,39.11,Toys,23315.059999999998,Thursday,October
2024-10-25,Product_1,558.89,40,66.01,Books,22355.6,Friday,October
2024-10-26,Product_1,585.2,42,48.07,Electronics,24578.4,Saturday,October
2024-10-27,Product_1,523.17,38,56.51,Clothing,19880.46,Sunday,October
2024-10-28,Product_1,457.29,33,71.53,Clothing,15090.570000000002,Monday,October
2024-10-29,Product_1,527.55,38,43.82,Clothing,20046.899999999998,Tuesday,October
2024-10-30,Product_1,488.75,35,78.88,Food,17106.25,Wednesday,October
2024-10-31,Product_1,539.81,39,46.43,Clothing,21052.589999999997,Thursday,October
2024-11-01,Product_1,546.26,40,94.2,Food,21850.4,Friday,November
2024-11-02,Product_1,487.55,35,67.47,Electronics,17064.25,Saturday,November
2024-11-03,Product_1,472.95,34,21.15,Toys,16080.3,Sunday,November
2024-11-04,Product_1,541.99,39,22.68,Clothing,21137.61,Monday,November
2024-11-05,Product_1,487.99,35,90.87,Toys,17079.65,Tuesday,November
2024-11-06,Product_1,555.05,40,85.5,Clothing,22202.0,Wednesday,November
2024-11-07,Product_1,565.85,41,59.42,Food,23199.850000000002,Thursday,November
2024-11-08,Product_1,560.3,41,30.66,Toys,22972.3,Friday,November
2024-11-09,Product_1,537.76,39,29.47,Clothing,20972.64,Saturday,November
2024-11-10,Product_1,522.97,38,27.45,Electronics,19872.86,Sunday,November
2024-11-11,Product_1,526.89,38,82.45,Food,20021.82,Monday,November
2024-11-12,Product_1,545.26,39,96.54,Books,21265.14,Tuesday,November
2024-11-13,Product_1,512.73,37,84.69,Toys,18971.010000000002,Wednesday,November
2024-11-14,Product_1,536.09,39,44.42,Clothing,20907.510000000002,Thursday,November
2024-11-15,Product_1,553.29,40,33.85,Electronics,22131.6,Friday,November
2024-11-16,Product_1,546.32,40,54.97,Toys,21852.800000000003,Saturday,November
2024-11-17,Product_1,571.8,41,26.08,Clothing,23443.8,Sunday,November
2024-11-18,Product_1,574.44,42,68.59,Books,24126.480000000003,Monday,November
2024-11-19,Product_1,533.22,39,42.12,Toys,20795.58,Tuesday,November
2024-11-20,Product_1,534.99,39,29.54,Books,20864.61,Wednesday,November
2024-11-21,Product_1,545.0,39,77.88,Electronics,21255.0,Thursday,November
2024-11-22,Product_1,506.98,37,48.85,Clothing,18758.260000000002,Friday,November
2024-11-23,Product_1,546.24,40,70.26,Books,21849.6,Saturday,November
2024-11-24,Product_1,506.88,37,69.82,Clothing,18754.56,Sunday,November
2024-11-25,Product_1,573.11,42,72.27,Clothing,24070.62,Monday,November
2024-11-26,Product_1,460.95,33,97.23,Clothing,15211.35,Tuesday,November
2024-11-27,Product_1,526.19,38,72.9,Electronics,19995.22,Wednesday,November
2024-11-28,Product_1,534.4,39,94.06,Clothing,20841.6,Thursday,November
2024-11-29,Product_1,559.14,41,60.03,Books,22924.739999999998,Friday,November
2024-11-30,Product_1,616.35,45,82.48,Books,27735.75,Saturday,November
2024-12-01,Product_1,553.77,40,88.37,Electronics,22150.8,Sunday,December
2024-12-02,Product_1,506.66,37,80.06,Food,18746.420000000002,Monday,December
2024-12-03,Product_1,545.9,40,38.91,Books,21836.0,Tuesday,December
2024-12-04,Product_1,613.56,44,65.96,Electronics,26996.64,Wednesday,December
2024-12-05,Product_1,593.49,43,35.12,Food,25520.07,Thursday,December
2024-12-06,Product_1,601.48,44,49.15,Books,26465.120000000003,Friday,December
2024-12-07,Product_1,587.97,43,85.53,Toys,25282.710000000003,Saturday,December
2024-12-08,Product_1,584.51,42,66.5,Clothing,24549.42,Sunday,December
2024-12-09,Product_1,513.39,37,79.14,Toys,18995.43,Monday,December
2024-12-10,Product_1,540.38,39,71.05,Clothing,21074.82,Tuesday,December
2024-12-11,Product_1,598.63,43,72.67,Books,25741.09,Wednesday,December
2024-12-12,Product_1,570.17,41,50.98,Food,23376.969999999998,Thursday,December
2024-12-13,Product_1,574.94,42,54.16,Books,24147.480000000003,Friday,December
2024-12-14,Product_1,591.72,43,90.42,Clothing,25443.960000000003,Saturday,December
2024-12-15,Product_1,546.35,40,46.45,Clothing,21854.0,Sunday,December
2024-12-16,Product_1,548.5,40,71.58,Clothing,21940.0,Monday,December
2024-12-17,Product_1,675.17,49,39.59,Clothing,33083.329999999994,Tuesday,December
2024-12-18,Product_1,568.46,41,75.83,Food,23306.86,Wednesday,December
2024-12-19,Product_1,561.11,41,78.63,Toys,23005.510000000002,Thursday,December
2024-12-20,Product_1,613.86,45,53.31,Books,27623.7,Friday,December
2024-12-21,Product_1,565.89,41,73.02,Electronics,23201.489999999998,Saturday,December
2024-12-22,Product_1,549.83,40,76.04,Books,21993.2,Sunday,December
2024-12-23,Product_1,556.6,40,35.63,Electronics,22264.0,Monday,December
2024-12-24,Product_1,520.89,38,61.47,Toys,19793.82,Tuesday,December
2024-12-25,Product_1,651.38,47,51.05,Books,30614.86,Wednesday,December
2024-12-26,Product_1,608.38,44,92.82,Toys,26768.72,Thursday,December
2024-12-27,Product_1,613.21,44,69.15,Clothing,26981.24,Friday,December
2024-12-28,Product_1,580.33,42,36.32,Electronics,24373.86,Saturday,December
2024-12-29,Product_1,536.36,39,90.15,Electronics,20918.04,Sunday,December
2024-12-30,Product_1,537.24,39,64.6,Books,20952.36,Monday,December
2024-12-31,Product_1,585.51,42,20.7,Electronics,24591.42,Tuesday,December
2020-01-01,Product_2,379.49,11,24.73,Clothing,4174.39,Wednesday,January
2020-01-02,Product_2,399.14,11,96.93,Clothing,4390.54,Thursday,January
2020-01-03,Product_2,365.95,10,62.08,Books,3659.5,Friday,January
2020-01-04,Product_2,329.29,9,57.32,Electronics,2963.61,Saturday,January
2020-01-05,Product_2,316.56,9,45.69,Food,2849.04,Sunday,January
2020-01-06,Product_2,332.87,9,72.06,Toys,2995.83,Monday,January
2020-01-07,Product_2,365.66,10,55.0,Electronics,3656.6000000000004,Tuesday,January
2020-01-08,Product_2,392.93,11,64.68,Electronics,4322.2300000000005,Wednesday,January
2020-01-09,Product_2,387.61,11,21.45,Electronics,4263.71,Thursday,January
2020-01-10,Product_2,408.56,12,76.29,Clothing,4902.72,Friday,January
2020-01-11,Product_2,365.9,10,86.98,Food,3659.0,Saturday,January
2020-01-12,Product_2,364.18,10,42.67,Clothing,3641.8,Sunday,January
2020-01-13,Product_2,309.96,9,92.3,Toys,2789.64,Monday,January
2020-01-14,Product_2,355.58,10,69.19,Books,3555.7999999999997,Tuesday,January
2020-01-15,Product_2,387.75,11,77.78,Food,4265.25,Wednesday,January
2020-01-16,Product_2,399.33,11,83.8,Electronics,4392.63,Thursday,January
2020-01-17,Product_2,420.91,12,83.01,Clothing,5050.92,Friday,January
2020-01-18,Product_2,369.16,10,54.85,Food,3691.6000000000004,Saturday,January
2020-01-19,Product_2,450.53,13,86.04,Clothing,5856.889999999999,Sunday,January
2020-01-20,Product_2,373.57,11,79.46,Food,4109.2699999999995,Monday,January
2020-01-21,Product_2,385.69,11,67.39,Books,4242.59,Tuesday,January
2020-01-22,Product_2,364.78,10,43.16,Toys,3647.7999999999997,Wednesday,January
2020-01-23,Product_2,391.72,11,63.86,Books,4308.92,Thursday,January
2020-01-24,Product_2,379.18,11,82.51,Toys,4170.9800000000005,Friday,January
2020-01-25,Product_2,390.44,11,60.47,Toys,4294.84,Saturday,January
2020-01-26,Product_2,390.53,11,82.94,Books,4295.83,Sunday,January
2020-01-27,Product_2,358.63,10,43.57,Books,3586.3,Monday,January
2020-01-28,Product_2,363.15,10,75.92,Toys,3631.5,Tuesday,January
2020-01-29,Product_2,412.17,12,68.82,Clothing,4946.04,Wednesday,January
2020-01-30,Product_2,425.03,12,83.57,Toys,5100.36,Thursday,January
2020-01-31,Product_2,412.47,12,52.25,Food,4949.64,Friday,January
2020-02-01,Product_2,387.18,11,67.02,Toys,4258.9800000000005,Saturday,February
2020-02-02,Product_2,403.98,12,31.01,Electronics,4847.76,Sunday,February
2020-02-03,Product_2,353.39,10,52.28,Clothing,3533.8999999999996,Monday,February
2020-02-04,Product_2,320.51,9,20.13,Toys,2884.59,Tuesday,February
2020-02-05,Product_2,422.39,12,55.64,Food,5068.68,Wednesday,February
2020-02-06,Product_2,455.42,13,27.81,Toys,5920.46,Thursday,February
2020-02-07,Product_2,406.87,12,37.2,Books,4882.4400000000005,Friday,February
2020-02-08,Product_2,384.32,11,93.15,Books,4227.5199999999995,Saturday,February
2020-02-09,Product_2,390.42,11,57.89,Electronics,4294.62,Sunday,February
2020-02-10,Product_2,395.37,11,83.08,Toys,4349.07,Monday,February
2020-02-11,Product_2,344.41,10,97.13,Books,3444.1000000000004,Tuesday,February
2020-02-12,Product_2,341.49,10,43.19,Toys,3414.9,Wednesday,February
2020-02-13,Product_2,345.36,10,44.94,Food,3453.6000000000004,Thursday,February
2020-02-14,Product_2,377.21,11,37.23,Food,4149.3099999999995,Friday,February
2020-02-15,Product_2,421.43,12,54.72,Clothing,5057.16,Saturday,February
2020-02-16,Product_2,408.35,12,97.06,Toys,4900.200000000001,Sunday,February
2020-02-17,Product_2,368.77,10,79.4,Toys,3687.7,Monday,February
2020-02-18,Product_2,398.59,11,40.52,Toys,4384.49,Tuesday,February
2020-02-19,Product_2,388.32,11,31.38,Food,4271.5199999999995,Wednesday,February
2020-02-20,Product_2,452.14,13,65.75,Electronics,5877.82,Thursday,February
2020-02-21,Product_2,431.97,12,65.89,Electronics,5183.64,Friday,February
2020-02-22,Product_2,444.45,13,78.76,Electronics,5777.849999999999,Saturday,February
2020-02-23,Product_2,356.0,10,58.26,Electronics,3560.0,Sunday,February
2020-02-24,Product_2,370.78,11,72.94,Electronics,4078.58,Monday,February
2020-02-25,Product_2,417.61,12,50.3,Electronics,5011.32,Tuesday,February
2020-02-26,Product_2,412.08,12,72.96,Food,4944.96,Wednesday,February
2020-02-27,Product_2,405.44,12,27.93,Toys,4865.28,Thursday,February
2020-02-28,Product_2,437.45,13,31.38,Electronics,5686.849999999999,Friday,February
2020-02-29,Product_2,395.84,11,58.05,Books,4354.24,Saturday,February
2020-03-01,Product_2,467.46,13,58.32,Electronics,6076.98,Sunday,March
2020-03-02,Product_2,359.42,10,54.92,Toys,3594.2000000000003,Monday,March
2020-03-03,Product_2,362.46,10,33.25,Electronics,3624.6,Tuesday,March
2020-03-04,Product_2,442.11,13,65.84,Food,5747.43,Wednesday,March
2020-03-05,Product_2,403.29,12,29.26,Electronics,4839.4800000000005,Thursday,March
2020-03-06,Product_2,462.5,13,78.6,Electronics,6012.5,Friday,March
2020-03-07,Product_2,420.39,12,84.37,Clothing,5044.68,Saturday,March
2020-03-08,Product_2,417.71,12,33.32,Toys,5012.5199999999995,Sunday,March
2020-03-09,Product_2,416.41,12,83.37,Books,4996.92,Monday,March
2020-03-10,Product_2,381.81,11,55.88,Food,4199.91,Tuesday,March
2020-03-11,Product_2,397.91,11,71.69,Books,4377.01,Wednesday,March
2020-03-12,Product_2,480.81,14,21.78,Food,6731.34,Thursday,March
2020-03-13,Product_2,428.98,12,29.94,Toys,5147.76,Friday,March
2020-03-14,Product_2,364.98,10,30.04,Clothing,3649.8,Saturday,March
2020-03-15,Product_2,371.62,11,58.54,Clothing,4087.82,Sunday,March
2020-03-16,Product_2,389.84,11,29.71,Books,4288.24,Monday,March
2020-03-17,Product_2,458.09,13,65.11,Food,5955.17,Tuesday,March
2020-03-18,Product_2,348.77,10,67.95,Clothing,3487.7,Wednesday,March
2020-03-19,Product_2,429.07,12,32.61,Toys,5148.84,Thursday,March
2020-03-20,Product_2,446.53,13,29.09,Food,5804.889999999999,Friday,March
2020-03-21,Product_2,409.63,12,22.24,Toys,4915.5599999999995,Saturday,March
2020-03-22,Product_2,421.67,12,68.19,Books,5060.04,Sunday,March
2020-03-23,Product_2,404.79,12,59.52,Food,4857.4800000000005,Monday,March
2020-03-24,Product_2,412.43,12,47.56,Food,4949.16,Tuesday,March
2020-03-25,Product_2,454.4,13,87.18,Electronics,5907.2,Wednesday,March
2020-03-26,Product_2,382.34,11,50.08,Food,4205.74,Thursday,March
2020-03-27,Product_2,384.9,11,72.61,Clothing,4233.9,Friday,March
2020-03-28,Product_2,378.14,11,40.58,Clothing,4159.54,Saturday,March
2020-03-29,Product_2,416.91,12,42.94,Clothing,5002.92,Sunday,March
2020-03-30,Product_2,372.05,11,84.69,Clothing,4092.55,Monday,March
2020-03-31,Product_2,431.95,12,47.71,Electronics,5183.4,Tuesday,March
2020-04-01,Product_2,412.03,12,73.47,Clothing,4944.36,Wednesday,April
2020-04-02,Product_2,404.97,12,28.19,Clothing,4859.64,Thursday,April
2020-04-03,Product_2,462.29,13,54.19,Food,6009.77,Friday,April
2020-04-04,Product_2,427.64,12,59.32,Books,5131.68,Saturday,April
2020-04-05,Product_2,450.29,13,82.38,Electronics,5853.77,Sunday,April
2020-04-06,Product_2,372.99,11,81.01,Clothing,4102.89,Monday,April
2020-04-07,Product_2,394.89,11,73.31,Books,4343.79,Tuesday,April
2020-04-08,Product_2,417.6,12,99.59,Clothing,5011.200000000001,Wednesday,April
2020-04-09,Product_2,461.72,13,74.32,Books,6002.360000000001,Thursday,April
2020-04-10,Product_2,443.11,13,99.45,Clothing,5760.43,Friday,April
2020-04-11,Product_2,398.74,11,79.96,Books,4386.14,Saturday,April
2020-04-12,Product_2,381.72,11,91.46,Electronics,4198.92,Sunday,April
2020-04-13,Product_2,365.48,10,45.72,Electronics,3654.8,Monday,April
2020-04-14,Product_2,360.6,10,22.68,Clothing,3606.0,Tuesday,April
2020-04-15,Product_2,446.53,13,53.46,Toys,5804.889999999999,Wednesday,April
2020-04-16,Product_2,376.9,11,90.49,Books,4145.9,Thursday,April
2020-04-17,Product_2,414.46,12,90.75,Food,4973.5199999999995,Friday,April
2020-04-18,Product_2,444.18,13,30.6,Books,5774.34,Saturday,April
2020-04-19,Product_2,457.43,13,61.27,Clothing,5946.59,Sunday,April
2020-04-20,Product_2,368.63,10,27.74,Food,3686.3,Monday,April
2020-04-21,Product_2,402.32,11,77.15,Books,4425.5199999999995,Tuesday,April
2020-04-22,Product_2,441.38,13,84.3,Books,5737.94,Wednesday,April
2020-04-23,Product_2,408.29,12,46.21,Clothing,4899.4800000000005,Thursday,April
2020-04-24,Product_2,402.53,11,68.32,Electronics,4427.83,Friday,April
2020-04-25,Product_2,405.15,12,73.88,Food,4861.799999999999,Saturday,April
2020-04-26,Product_2,477.06,14,60.52,Books,6678.84,Sunday,April
2020-04-27,Product_2,370.83,11,30.97,Clothing,4079.1299999999997,Monday,April
2020-04-28,Product_2,327.73,9,53.55,Food,2949.57,Tuesday,April
2020-04-29,Product_2,441.39,13,57.4,Books,5738.07,Wednesday,April
2020-04-30,Product_2,476.53,14,47.39,Books,6671.42,Thursday,April
2020-05-01,Product_2,422.56,12,43.15,Toys,5070.72,Friday,May
2020-05-02,Product_2,435.88,12,57.59,Toys,5230.5599999999995,Saturday,May
2020-05-03,Product_2,409.05,12,79.68,Books,4908.6,Sunday,May
2020-05-04,Product_2,386.14,11,74.75,Food,4247.54,Monday,May
2020-05-05,Product_2,437.17,13,99.04,Electronics,5683.21,Tuesday,May
2020-05-06,Product_2,459.23,13,80.59,Clothing,5969.99,Wednesday,May
2020-05-07,Product_2,386.61,11,59.47,Electronics,4252.71,Thursday,May
2020-05-08,Product_2,397.89,11,23.24,Food,4376.79,Friday,May
2020-05-09,Product_2,437.08,13,28.78,Electronics,5682.04,Saturday,May
2020-05-10,Product_2,413.16,12,58.72,Food,4957.92,Sunday,May
2020-05-11,Product_2,413.14,12,66.21,Electronics,4957.68,Monday,May
2020-05-12,Product_2,377.31,11,49.63,Electronics,4150.41,Tuesday,May
2020-05-13,Product_2,441.44,13,34.9,Clothing,5738.72,Wednesday,May
2020-05-14,Product_2,441.32,13,59.68,Books,5737.16,Thursday,May
2020-05-15,Product_2,438.58,13,95.03,Books,5701.54,Friday,May
2020-05-16,Product_2,371.05,11,35.21,Books,4081.55,Saturday,May
2020-05-17,Product_2,382.22,11,46.06,Food,4204.42,Sunday,May
2020-05-18,Product_2,419.39,12,36.16,Electronics,5032.68,Monday,May
2020-05-19,Product_2,373.01,11,98.9,Clothing,4103.11,Tuesday,May
2020-05-20,Product_2,334.25,9,85.35,Toys,3008.25,Wednesday,May
2020-05-21,Product_2,435.8,12,26.07,Electronics,5229.6,Thursday,May
2020-05-22,Product_2,335.62,9,34.9,Food,3020.58,Friday,May
2020-05-23,Product_2,452.77,13,65.72,Food,5886.01,Saturday,May
2020-05-24,Product_2,384.42,11,20.57,Food,4228.62,Sunday,May
2020-05-25,Product_2,334.39,9,80.14,Food,3009.5099999999998,Monday,May
2020-05-26,Product_2,352.29,10,35.16,Food,3522.9,Tuesday,May
2020-05-27,Product_2,383.19,11,78.71,Toys,4215.09,Wednesday,May
2020-05-28,Product_2,467.31,13,59.7,Toys,6075.03,Thursday,May
2020-05-29,Product_2,392.53,11,26.14,Books,4317.83,Friday,May
2020-05-30,Product_2,408.74,12,47.22,Toys,4904.88,Saturday,May
2020-05-31,Product_2,339.78,10,32.23,Clothing,3397.7999999999997,Sunday,May
2020-06-01,Product_2,379.71,11,85.21,Toys,4176.8099999999995,Monday,June
2020-06-02,Product_2,371.51,11,27.04,Clothing,4086.6099999999997,Tuesday,June
2020-06-03,Product_2,465.57,13,48.44,Electronics,6052.41,Wednesday,June
2020-06-04,Product_2,398.75,11,37.96,Books,4386.25,Thursday,June
2020-06-05,Product_2,437.99,13,69.27,Clothing,5693.87,Friday,June
2020-06-06,Product_2,428.29,12,37.46,Books,5139.4800000000005,Saturday,June
2020-06-07,Product_2,407.32,12,71.47,Food,4887.84,Sunday,June
2020-06-08,Product_2,352.59,10,79.57,Toys,3525.8999999999996,Monday,June
2020-06-09,Product_2,318.58,9,68.83,Clothing,2867.22,Tuesday,June
2020-06-10,Product_2,368.24,10,38.25,Clothing,3682.4,Wednesday,June
2020-06-11,Product_2,454.85,13,55.15,Electronics,5913.05,Thursday,June
2020-06-12,Product_2,437.61,13,90.57,Clothing,5688.93,Friday,June
2020-06-13,Product_2,448.1,13,98.84,Electronics,5825.3,Saturday,June
2020-06-14,Product_2,370.36,11,39.52,Food,4073.96,Sunday,June
2020-06-15,Product_2,355.98,10,47.02,Food,3559.8,Monday,June
2020-06-16,Product_2,390.84,11,86.29,Books,4299.24,Tuesday,June
2020-06-17,Product_2,318.75,9,48.67,Toys,2868.75,Wednesday,June
2020-06-18,Product_2,432.92,12,67.21,Food,5195.04,Thursday,June
2020-06-19,Product_2,401.02,11,54.8,Toys,4411.219999999999,Friday,June
2020-06-20,Product_2,366.13,10,32.5,Food,3661.3,Saturday,June
2020-06-21,Product_2,383.94,11,59.65,Electronics,4223.34,Sunday,June
2020-06-22,Product_2,320.42,9,24.64,Books,2883.78,Monday,June
2020-06-23,Product_2,390.63,11,38.94,Food,4296.93,Tuesday,June
2020-06-24,Product_2,404.18,12,54.87,Books,4850.16,Wednesday,June
2020-06-25,Product_2,402.25,11,43.33,Food,4424.75,Thursday,June
2020-06-26,Product_2,385.33,11,45.85,Toys,4238.63,Friday,June
2020-06-27,Product_2,407.36,12,60.93,Clothing,4888.32,Saturday,June
2020-06-28,Product_2,407.78,12,24.98,Electronics,4893.36,Sunday,June
2020-06-29,Product_2,353.63,10,45.05,Toys,3536.3,Monday,June
2020-06-30,Product_2,336.58,10,96.4,Books,3365.7999999999997,Tuesday,June
2020-07-01,Product_2,405.62,12,65.21,Toys,4867.4400000000005,Wednesday,July
2020-07-02,Product_2,453.35,13,21.52,Electronics,5893.55,Thursday,July
2020-07-03,Product_2,435.27,12,88.82,Electronics,5223.24,Friday,July
2020-07-04,Product_2,396.66,11,62.27,Books,4363.26,Saturday,July
2020-07-05,Product_2,352.95,10,28.59,Food,3529.5,Sunday,July
2020-07-06,Product_2,337.63,10,98.75,Toys,3376.3,Monday,July
2020-07-07,Product_2,364.78,10,85.56,Food,3647.7999999999997,Tuesday,July
2020-07-08,Product_2,401.64,11,59.05,Food,4418.04,Wednesday,July
2020-07-09,Product_2,418.64,12,35.59,Toys,5023.68,Thursday,July
2020-07-10,Product_2,381.72,11,89.25,Electronics,4198.92,Friday,July
2020-07-11,Product_2,377.94,11,59.05,Food,4157.34,Saturday,July
2020-07-12,Product_2,355.23,10,81.01,Books,3552.3,Sunday,July
2020-07-13,Product_2,351.46,10,90.26,Books,3514.6,Monday,July
2020-07-14,Product_2,385.35,11,58.65,Clothing,4238.85,Tuesday,July
2020-07-15,Product_2,401.37,11,31.73,Clothing,4415.07,Wednesday,July
2020-07-16,Product_2,457.07,13,79.77,Food,5941.91,Thursday,July
2020-07-17,Product_2,320.82,9,29.71,Clothing,2887.38,Friday,July
2020-07-18,Product_2,339.4,10,54.27,Clothing,3394.0,Saturday,July
2020-07-19,Product_2,357.19,10,53.7,Toys,3571.9,Sunday,July
2020-07-20,Product_2,320.57,9,72.14,Toys,2885.13,Monday,July
2020-07-21,Product_2,353.42,10,68.07,Clothing,3534.2000000000003,Tuesday,July
2020-07-22,Product_2,337.83,10,63.28,Toys,3378.2999999999997,Wednesday,July
2020-07-23,Product_2,387.43,11,21.24,Clothing,4261.7300000000005,Thursday,July
2020-07-24,Product_2,353.52,10,59.14,Clothing,3535.2,Friday,July
2020-07-25,Product_2,381.3,11,20.03,Food,4194.3,Saturday,July
2020-07-26,Product_2,359.26,10,33.83,Books,3592.6,Sunday,July
2020-07-27,Product_2,378.01,11,75.9,Toys,4158.11,Monday,July
2020-07-28,Product_2,346.36,10,90.83,Books,3463.6000000000004,Tuesday,July
2020-07-29,Product_2,329.2,9,60.61,Food,2962.7999999999997,Wednesday,July
2020-07-30,Product_2,373.28,11,64.46,Clothing,4106.08,Thursday,July
2020-07-31,Product_2,342.12,10,52.99,Food,3421.2,Friday,July
2020-08-01,Product_2,335.07,9,95.36,Books,3015.63,Saturday,August
2020-08-02,Product_2,320.98,9,47.91,Toys,2888.82,Sunday,August
2020-08-03,Product_2,303.93,9,66.25,Books,2735.37,Monday,August
2020-08-04,Product_2,356.87,10,44.48,Books,3568.7,Tuesday,August
2020-08-05,Product_2,392.33,11,46.8,Clothing,4315.63,Wednesday,August
2020-08-06,Product_2,368.7,10,89.05,Books,3687.0,Thursday,August
2020-08-07,Product_2,389.76,11,67.37,Electronics,4287.36,Friday,August
2020-08-08,Product_2,377.63,11,42.11,Electronics,4153.93,Saturday,August
2020-08-09,Product_2,392.16,11,88.64,Toys,4313.76,Sunday,August
2020-08-10,Product_2,319.0,9,32.78,Clothing,2871.0,Monday,August
2020-08-11,Product_2,311.48,9,87.17,Toys,2803.32,Tuesday,August
2020-08-12,Product_2,351.79,10,47.07,Books,3517.9,Wednesday,August
2020-08-13,Product_2,350.61,10,20.2,Books,3506.1000000000004,Thursday,August
2020-08-14,Product_2,376.08,11,69.61,Toys,4136.88,Friday,August
2020-08-15,Product_2,338.98,10,76.28,Clothing,3389.8,Saturday,August
2020-08-16,Product_2,336.37,10,56.39,Books,3363.7,Sunday,August
2020-08-17,Product_2,288.3,8,88.73,Clothing,2306.4,Monday,August
2020-08-18,Product_2,354.4,10,39.69,Books,3544.0,Tuesday,August
2020-08-19,Product_2,336.49,10,99.36,Toys,3364.9,Wednesday,August
2020-08-20,Product_2,367.49,10,54.63,Electronics,3674.9,Thursday,August
2020-08-21,Product_2,376.8,11,89.91,Electronics,4144.8,Friday,August
2020-08-22,Product_2,334.78,9,97.41,Books,3013.0199999999995,Saturday,August
2020-08-23,Product_2,328.9,9,74.46,Clothing,2960.1,Sunday,August
2020-08-24,Product_2,333.95,9,62.95,Clothing,3005.5499999999997,Monday,August
2020-08-25,Product_2,326.48,9,62.96,Toys,2938.32,Tuesday,August
2020-08-26,Product_2,341.89,10,62.61,Toys,3418.8999999999996,Wednesday,August
2020-08-27,Product_2,388.87,11,77.19,Toys,4277.57,Thursday,August
2020-08-28,Product_2,393.96,11,96.49,Books,4333.5599999999995,Friday,August
2020-08-29,Product_2,354.65,10,34.29,Clothing,3546.5,Saturday,August
2020-08-30,Product_2,352.53,10,61.76,Books,3525.2999999999997,Sunday,August
2020-08-31,Product_2,279.79,8,83.96,Electronics,2238.32,Monday,August
2020-09-01,Product_2,387.36,11,20.61,Books,4260.96,Tuesday,September
2020-09-02,Product_2,292.37,8,52.13,Food,2338.96,Wednesday,September
2020-09-03,Product_2,305.66,9,71.66,Food,2750.94,Thursday,September
2020-09-04,Product_2,403.22,12,45.52,Books,4838.64,Friday,September
2020-09-05,Product_2,338.65,10,50.86,Books,3386.5,Saturday,September
2020-09-06,Product_2,330.47,9,82.37,Food,2974.2300000000005,Sunday,September
2020-09-07,Product_2,303.98,9,21.53,Electronics,2735.82,Monday,September
2020-09-08,Product_2,291.4,8,43.1,Clothing,2331.2,Tuesday,September
2020-09-09,Product_2,307.97,9,65.06,Clothing,2771.7300000000005,Wednesday,September
2020-09-10,Product_2,346.11,10,67.88,Clothing,3461.1000000000004,Thursday,September
2020-09-11,Product_2,377.28,11,20.25,Electronics,4150.08,Friday,September
2020-09-12,Product_2,334.87,9,33.9,Electronics,3013.83,Saturday,September
2020-09-13,Product_2,371.81,11,47.65,Food,4089.91,Sunday,September
2020-09-14,Product_2,281.9,8,46.61,Electronics,2255.2,Monday,September
2020-09-15,Product_2,300.22,8,64.96,Books,2401.76,Tuesday,September
2020-09-16,Product_2,303.65,9,67.93,Food,2732.85,Wednesday,September
2020-09-17,Product_2,342.54,10,51.02,Toys,3425.4,Thursday,September
2020-09-18,Product_2,367.76,10,79.43,Clothing,3677.6,Friday,September
2020-09-19,Product_2,343.56,10,97.17,Electronics,3435.6,Saturday,September
2020-09-20,Product_2,311.5,9,24.01,Books,2803.5,Sunday,September
2020-09-21,Product_2,347.94,10,99.0,Food,3479.4,Monday,September
2020-09-22,Product_2,346.05,10,60.01,Toys,3460.5,Tuesday,September
2020-09-23,Product_2,350.11,10,46.67,Toys,3501.1000000000004,Wednesday,September
2020-09-24,Product_2,347.6,10,32.12,Books,3476.0,Thursday,September
2020-09-25,Product_2,361.0,10,59.16,Toys,3610.0,Friday,September
2020-09-26,Product_2,367.84,10,27.41,Books,3678.3999999999996,Saturday,September
2020-09-27,Product_2,329.38,9,61.48,Clothing,2964.42,Sunday,September
2020-09-28,Product_2,318.89,9,66.07,Books,2870.0099999999998,Monday,September
2020-09-29,Product_2,312.71,9,84.83,Books,2814.39,Tuesday,September
2020-09-30,Product_2,349.84,10,55.26,Electronics,3498.3999999999996,Wednesday,September
2020-10-01,Product_2,310.18,9,75.4,Toys,2791.62,Thursday,October
2020-10-02,Product_2,340.39,10,69.38,Clothing,3403.8999999999996,Friday,October
2020-10-03,Product_2,387.22,11,40.88,Electronics,4259.42,Saturday,October
2020-10-04,Product_2,408.27,12,82.8,Electronics,4899.24,Sunday,October
2020-10-05,Product_2,312.85,9,65.14,Food,2815.65,Monday,October
2020-10-06,Product_2,336.68,10,20.2,Food,3366.8,Tuesday,October
2020-10-07,Product_2,363.64,10,23.13,Electronics,3636.3999999999996,Wednesday,October
2020-10-08,Product_2,341.62,10,88.39,Books,3416.2,Thursday,October
2020-10-09,Product_2,366.05,10,39.09,Books,3660.5,Friday,October
2020-10-10,Product_2,338.29,10,80.59,Electronics,3382.9,Saturday,October
2020-10-11,Product_2,340.47,10,66.76,Food,3404.7000000000003,Sunday,October
2020-10-12,Product_2,304.63,9,93.51,Clothing,2741.67,Monday,October
2020-10-13,Product_2,282.77,8,51.9,Electronics,2262.16,Tuesday,October
2020-10-14,Product_2,346.73,10,80.11,Food,3467.3,Wednesday,October
2020-10-15,Product_2,376.7,11,20.51,Toys,4143.7,Thursday,October
2020-10-16,Product_2,330.25,9,62.92,Books,2972.25,Friday,October
2020-10-17,Product_2,322.84,9,49.73,Food,2905.56,Saturday,October
2020-10-18,Product_2,310.59,9,58.51,Food,2795.31,Sunday,October
2020-10-19,Product_2,358.29,10,91.05,Books,3582.9,Monday,October
2020-10-20,Product_2,355.18,10,65.76,Books,3551.8,Tuesday,October
2020-10-21,Product_2,356.5,10,39.32,Toys,3565.0,Wednesday,October
2020-10-22,Product_2,350.69,10,88.78,Toys,3506.9,Thursday,October
2020-10-23,Product_2,320.67,9,52.9,Electronics,2886.03,Friday,October
2020-10-24,Product_2,350.13,10,37.28,Food,3501.3,Saturday,October
2020-10-25,Product_2,282.81,8,47.84,Clothing,2262.48,Sunday,October
2020-10-26,Product_2,361.67,10,25.85,Food,3616.7000000000003,Monday,October
2020-10-27,Product_2,328.61,9,36.52,Food,2957.4900000000002,Tuesday,October
2020-10-28,Product_2,314.29,9,38.56,Food,2828.61,Wednesday,October
2020-10-29,Product_2,363.11,10,80.91,Toys,3631.1000000000004,Thursday,October
2020-10-30,Product_2,396.99,11,64.14,Electronics,4366.89,Friday,October
2020-10-31,Product_2,369.31,10,50.53,Toys,3693.1,Saturday,October
2020-11-01,Product_2,343.22,10,56.47,Clothing,3432.2000000000003,Sunday,November
2020-11-02,Product_2,315.53,9,52.8,Toys,2839.7699999999995,Monday,November
2020-11-03,Product_2,363.86,10,54.57,Food,3638.6000000000004,Tuesday,November
2020-11-04,Product_2,354.59,10,77.5,Clothing,3545.8999999999996,Wednesday,November
2020-11-05,Product_2,333.11,9,21.18,Food,2997.9900000000002,Thursday,November
2020-11-06,Product_2,402.95,11,82.58,Books,4432.45,Friday,November
2020-11-07,Product_2,355.14,10,30.01,Food,3551.3999999999996,Saturday,November
2020-11-08,Product_2,363.98,10,96.64,Food,3639.8,Sunday,November
2020-11-09,Product_2,359.15,10,27.5,Books,3591.5,Monday,November
2020-11-10,Product_2,368.44,10,46.76,Food,3684.4,Tuesday,November
2020-11-11,Product_2,349.4,10,35.0,Electronics,3494.0,Wednesday,November
2020-11-12,Product_2,382.13,11,21.17,Electronics,4203.43,Thursday,November
2020-11-13,Product_2,429.64,12,86.25,Electronics,5155.68,Friday,November
2020-11-14,Product_2,374.75,11,22.29,Books,4122.25,Saturday,November
2020-11-15,Product_2,338.34,10,32.34,Electronics,3383.3999999999996,Sunday,November
2020-11-16,Product_2,359.32,10,62.04,Food,3593.2,Monday,November
2020-11-17,Product_2,357.26,10,74.73,Clothing,3572.6,Tuesday,November
2020-11-18,Product_2,374.78,11,92.2,Books,4122.58,Wednesday,November
2020-11-19,Product_2,400.7,11,81.75,Toys,4407.7,Thursday,November
2020-11-20,Product_2,394.5,11,42.02,Electronics,4339.5,Friday,November
2020-11-21,Product_2,391.51,11,58.04,Books,4306.61,Saturday,November
2020-11-22,Product_2,308.86,9,64.54,Books,2779.7400000000002,Sunday,November
2020-11-23,Product_2,335.05,9,58.04,Clothing,3015.4500000000003,Monday,November
2020-11-24,Product_2,317.78,9,20.71,Toys,2860.0199999999995,Tuesday,November
2020-11-25,Product_2,327.97,9,70.33,Electronics,2951.7300000000005,Wednesday,November
2020-11-26,Product_2,370.82,11,58.74,Electronics,4079.02,Thursday,November
2020-11-27,Product_2,299.81,8,95.65,Toys,2398.48,Friday,November
2020-11-28,Product_2,368.25,10,63.83,Clothing,3682.5,Saturday,November
2020-11-29,Product_2,355.41,10,42.57,Electronics,3554.1000000000004,Sunday,November
2020-11-30,Product_2,269.54,8,94.82,Food,2156.32,Monday,November
2020-12-01,Product_2,342.48,10,72.41,Clothing,3424.8,Tuesday,December
2020-12-02,Product_2,394.33,11,72.35,Food,4337.63,Wednesday,December
2020-12-03,Product_2,356.51,10,37.21,Food,3565.1,Thursday,December
2020-12-04,Product_2,363.16,10,33.09,Clothing,3631.6000000000004,Friday,December
2020-12-05,Product_2,376.58,11,65.47,Electronics,4142.38,Saturday,December
2020-12-06,Product_2,397.04,11,31.59,Electronics,4367.4400000000005,Sunday,December
2020-12-07,Product_2,363.58,10,91.29,Toys,3635.7999999999997,Monday,December
2020-12-08,Product_2,388.86,11,98.26,Clothing,4277.46,Tuesday,December
2020-12-09,Product_2,384.01,11,79.39,Toys,4224.11,Wednesday,December
2020-12-10,Product_2,388.39,11,89.57,Food,4272.29,Thursday,December
2020-12-11,Product_2,374.46,11,76.41,Electronics,4119.0599999999995,Friday,December
2020-12-12,Product_2,377.19,11,75.01,Clothing,4149.09,Saturday,December
2020-12-13,Product_2,358.59,10,44.36,Food,3585.8999999999996,Sunday,December
2020-12-14,Product_2,410.25,12,22.42,Food,4923.0,Monday,December
2020-12-15,Product_2,380.22,11,91.18,Food,4182.42,Tuesday,December
2020-12-16,Product_2,425.19,12,40.43,Toys,5102.28,Wednesday,December
2020-12-17,Product_2,360.4,10,35.98,Electronics,3604.0,Thursday,December
2020-12-18,Product_2,412.93,12,55.48,Electronics,4955.16,Friday,December
2020-12-19,Product_2,413.79,12,29.71,Food,4965.4800000000005,Saturday,December
2020-12-20,Product_2,337.55,10,77.9,Food,3375.5,Sunday,December
2020-12-21,Product_2,386.92,11,24.75,Books,4256.12,Monday,December
2020-12-22,Product_2,373.11,11,50.97,Food,4104.21,Tuesday,December
2020-12-23,Product_2,417.92,12,79.06,Electronics,5015.04,Wednesday,December
2020-12-24,Product_2,425.71,12,93.18,Books,5108.5199999999995,Thursday,December
2020-12-25,Product_2,398.92,11,68.95,Clothing,4388.12,Friday,December
2020-12-26,Product_2,414.5,12,95.29,Toys,4974.0,Saturday,December
2020-12-27,Product_2,315.5,9,37.77,Clothing,2839.5,Sunday,December
2020-12-28,Product_2,377.73,11,41.09,Electronics,4155.030000000001,Monday,December
2020-12-29,Product_2,374.36,11,35.57,Clothing,4117.96,Tuesday,December
2020-12-30,Product_2,381.86,11,96.99,Food,4200.46,Wednesday,December
2020-12-31,Product_2,419.93,12,52.16,Books,5039.16,Thursday,December
2021-01-01,Product_2,568.51,16,97.1,Toys,9096.16,Friday,January
2021-01-02,Product_2,495.74,14,86.93,Electronics,6940.360000000001,Saturday,January
2021-01-03,Product_2,340.2,10,59.9,Clothing,3402.0,Sunday,January
2021-01-04,Product_2,398.76,11,68.78,Food,4386.36,Monday,January
2021-01-05,Product_2,372.91,11,72.47,Clothing,4102.01,Tuesday,January
2021-01-06,Product_2,399.54,11,23.04,Books,4394.9400000000005,Wednesday,January
2021-01-07,Product_2,421.91,12,88.98,Electronics,5062.92,Thursday,January
2021-01-08,Product_2,459.33,13,42.9,Clothing,5971.29,Friday,January
2021-01-09,Product_2,406.49,12,93.45,Books,4877.88,Saturday,January
2021-01-10,Product_2,364.85,10,58.0,Electronics,3648.5,Sunday,January
2021-01-11,Product_2,404.18,12,28.37,Electronics,4850.16,Monday,January
2021-01-12,Product_2,395.9,11,22.74,Books,4354.9,Tuesday,January
2021-01-13,Product_2,364.38,10,31.29,Food,3643.8,Wednesday,January
2021-01-14,Product_2,408.59,12,90.61,Clothing,4903.08,Thursday,January
2021-01-15,Product_2,417.45,12,29.78,Clothing,5009.4,Friday,January
2021-01-16,Product_2,459.3,13,59.74,Clothing,5970.900000000001,Saturday,January
2021-01-17,Product_2,396.52,11,63.36,Food,4361.719999999999,Sunday,January
2021-01-18,Product_2,381.68,11,29.78,Clothing,4198.4800000000005,Monday,January
2021-01-19,Product_2,367.84,10,22.19,Food,3678.3999999999996,Tuesday,January
2021-01-20,Product_2,377.31,11,48.16,Clothing,4150.41,Wednesday,January
2021-01-21,Product_2,461.23,13,21.17,Books,5995.99,Thursday,January
2021-01-22,Product_2,391.45,11,51.12,Toys,4305.95,Friday,January
2021-01-23,Product_2,428.15,12,84.63,Books,5137.799999999999,Saturday,January
2021-01-24,Product_2,444.32,13,60.92,Food,5776.16,Sunday,January
2021-01-25,Product_2,374.42,11,91.81,Books,4118.62,Monday,January
2021-01-26,Product_2,442.9,13,41.52,Clothing,5757.7,Tuesday,January
2021-01-27,Product_2,409.01,12,32.47,Books,4908.12,Wednesday,January
2021-01-28,Product_2,405.4,12,51.37,Food,4864.799999999999,Thursday,January
2021-01-29,Product_2,413.46,12,72.84,Books,4961.5199999999995,Friday,January
2021-01-30,Product_2,446.49,13,54.44,Books,5804.37,Saturday,January
2021-01-31,Product_2,403.19,12,67.06,Toys,4838.28,Sunday,January
2021-02-01,Product_2,364.46,10,59.09,Clothing,3644.6,Monday,February
2021-02-02,Product_2,407.14,12,91.64,Toys,4885.68,Tuesday,February
2021-02-03,Product_2,423.9,12,28.26,Electronics,5086.799999999999,Wednesday,February
2021-02-04,Product_2,424.67,12,78.18,Books,5096.04,Thursday,February
2021-02-05,Product_2,435.56,12,78.2,Books,5226.72,Friday,February
2021-02-06,Product_2,397.64,11,76.38,Food,4374.04,Saturday,February
2021-02-07,Product_2,429.47,12,91.11,Electronics,5153.64,Sunday,February
2021-02-08,Product_2,415.66,12,93.79,Toys,4987.92,Monday,February
2021-02-09,Product_2,431.56,12,66.22,Food,5178.72,Tuesday,February
2021-02-10,Product_2,429.38,12,70.04,Electronics,5152.5599999999995,Wednesday,February
2021-02-11,Product_2,437.35,13,87.54,Toys,5685.55,Thursday,February
2021-02-12,Product_2,481.31,14,50.88,Electronics,6738.34,Friday,February
2021-02-13,Product_2,423.25,12,59.36,Electronics,5079.0,Saturday,February
2021-02-14,Product_2,421.91,12,56.35,Electronics,5062.92,Sunday,February
2021-02-15,Product_2,386.92,11,37.37,Books,4256.12,Monday,February
2021-02-16,Product_2,452.62,13,62.65,Toys,5884.06,Tuesday,February
2021-02-17,Product_2,459.71,13,21.27,Toys,5976.23,Wednesday,February
2021-02-18,Product_2,441.12,13,71.54,Food,5734.56,Thursday,February
2021-02-19,Product_2,421.69,12,25.2,Toys,5060.28,Friday,February
2021-02-20,Product_2,444.77,13,60.59,Electronics,5782.01,Saturday,February
2021-02-21,Product_2,421.97,12,51.36,Toys,5063.64,Sunday,February
2021-02-22,Product_2,459.82,13,34.2,Food,5977.66,Monday,February
2021-02-23,Product_2,424.63,12,65.59,Books,5095.5599999999995,Tuesday,February
2021-02-24,Product_2,400.27,11,81.28,Electronics,4402.969999999999,Wednesday,February
2021-02-25,Product_2,499.57,14,80.92,Toys,6993.98,Thursday,February
2021-02-26,Product_2,475.14,14,95.22,Electronics,6651.96,Friday,February
2021-02-27,Product_2,471.91,14,50.71,Clothing,6606.740000000001,Saturday,February
2021-02-28,Product_2,382.39,11,77.34,Toys,4206.29,Sunday,February
2021-03-01,Product_2,409.16,12,33.39,Clothing,4909.92,Monday,March
2021-03-02,Product_2,446.65,13,72.29,Books,5806.45,Tuesday,March
2021-03-03,Product_2,410.92,12,32.71,Electronics,4931.04,Wednesday,March
2021-03-04,Product_2,404.23,12,78.97,Books,4850.76,Thursday,March
2021-03-05,Product_2,441.25,13,61.24,Books,5736.25,Friday,March
2021-03-06,Product_2,403.61,12,23.77,Electronics,4843.32,Saturday,March
2021-03-07,Product_2,414.53,12,71.18,Food,4974.36,Sunday,March
2021-03-08,Product_2,458.57,13,68.71,Toys,5961.41,Monday,March
2021-03-09,Product_2,475.0,14,66.97,Clothing,6650.0,Tuesday,March
2021-03-10,Product_2,432.95,12,57.04,Food,5195.4,Wednesday,March
2021-03-11,Product_2,474.39,14,50.81,Clothing,6641.46,Thursday,March
2021-03-12,Product_2,443.2,13,94.32,Clothing,5761.599999999999,Friday,March
2021-03-13,Product_2,498.92,14,91.89,Food,6984.88,Saturday,March
2021-03-14,Product_2,498.93,14,91.32,Clothing,6985.02,Sunday,March
2021-03-15,Product_2,480.92,14,40.0,Food,6732.88,Monday,March
2021-03-16,Product_2,414.68,12,84.73,Books,4976.16,Tuesday,March
2021-03-17,Product_2,462.81,13,94.72,Electronics,6016.53,Wednesday,March
2021-03-18,Product_2,470.6,14,76.93,Books,6588.400000000001,Thursday,March
2021-03-19,Product_2,477.47,14,59.94,Food,6684.58,Friday,March
2021-03-20,Product_2,458.84,13,28.32,Toys,5964.92,Saturday,March
2021-03-21,Product_2,359.69,10,84.6,Clothing,3596.9,Sunday,March
2021-03-22,Product_2,461.15,13,81.51,Books,5994.95,Monday,March
2021-03-23,Product_2,457.45,13,91.12,Books,5946.849999999999,Tuesday,March
2021-03-24,Product_2,475.94,14,23.95,Food,6663.16,Wednesday,March
2021-03-25,Product_2,490.55,14,74.42,Clothing,6867.7,Thursday,March
2021-03-26,Product_2,500.39,14,97.73,Food,7005.46,Friday,March
2021-03-27,Product_2,458.78,13,31.16,Toys,5964.139999999999,Saturday,March
2021-03-28,Product_2,429.69,12,64.88,Food,5156.28,Sunday,March
2021-03-29,Product_2,418.61,12,80.95,Clothing,5023.32,Monday,March
2021-03-30,Product_2,500.57,14,38.17,Books,7007.98,Tuesday,March
2021-03-31,Product_2,426.82,12,65.15,Books,5121.84,Wednesday,March
2021-04-01,Product_2,525.21,15,59.64,Books,7878.150000000001,Thursday,April
2021-04-02,Product_2,435.9,12,66.48,Electronics,5230.799999999999,Friday,April
2021-04-03,Product_2,462.01,13,76.65,Food,6006.13,Saturday,April
2021-04-04,Product_2,457.21,13,84.82,Toys,5943.73,Sunday,April
2021-04-05,Product_2,367.59,10,32.68,Books,3675.8999999999996,Monday,April
2021-04-06,Product_2,494.38,14,54.35,Food,6921.32,Tuesday,April
2021-04-07,Product_2,477.11,14,75.02,Electronics,6679.54,Wednesday,April
2021-04-08,Product_2,477.08,14,99.78,Books,6679.12,Thursday,April
2021-04-09,Product_2,507.9,15,81.16,Clothing,7618.5,Friday,April
2021-04-10,Product_2,427.95,12,21.8,Books,5135.4,Saturday,April
2021-04-11,Product_2,392.27,11,31.7,Books,4314.969999999999,Sunday,April
2021-04-12,Product_2,460.47,13,51.77,Books,5986.110000000001,Monday,April
2021-04-13,Product_2,429.15,12,67.95,Food,5149.799999999999,Tuesday,April
2021-04-14,Product_2,441.2,13,65.17,Clothing,5735.599999999999,Wednesday,April
2021-04-15,Product_2,459.6,13,85.32,Toys,5974.8,Thursday,April
2021-04-16,Product_2,477.65,14,54.98,Books,6687.099999999999,Friday,April
2021-04-17,Product_2,465.59,13,86.77,Clothing,6052.67,Saturday,April
2021-04-18,Product_2,441.14,13,87.03,Electronics,5734.82,Sunday,April
2021-04-19,Product_2,363.9,10,74.68,Food,3639.0,Monday,April
2021-04-20,Product_2,431.35,12,59.61,Electronics,5176.200000000001,Tuesday,April
2021-04-21,Product_2,430.7,12,81.52,Clothing,5168.4,Wednesday,April
2021-04-22,Product_2,467.85,13,80.31,Food,6082.05,Thursday,April
2021-04-23,Product_2,468.83,13,24.12,Electronics,6094.79,Friday,April
2021-04-24,Product_2,514.9,15,92.19,Food,7723.5,Saturday,April
2021-04-25,Product_2,443.67,13,59.93,Food,5767.71,Sunday,April
2021-04-26,Product_2,397.27,11,72.79,Electronics,4369.969999999999,Monday,April
2021-04-27,Product_2,455.65,13,49.65,Books,5923.45,Tuesday,April
2021-04-28,Product_2,491.85,14,34.7,Clothing,6885.900000000001,Wednesday,April
2021-04-29,Product_2,463.18,13,70.68,Electronics,6021.34,Thursday,April
2021-04-30,Product_2,455.8,13,48.45,Books,5925.400000000001,Friday,April
2021-05-01,Product_2,446.12,13,44.28,Electronics,5799.56,Saturday,May
2021-05-02,Product_2,440.47,13,77.54,Food,5726.110000000001,Sunday,May
2021-05-03,Product_2,463.89,13,86.48,Clothing,6030.57,Monday,May
2021-05-04,Product_2,385.89,11,25.21,Books,4244.79,Tuesday,May
2021-05-05,Product_2,421.52,12,41.73,Clothing,5058.24,Wednesday,May
2021-05-06,Product_2,482.62,14,90.06,Food,6756.68,Thursday,May
2021-05-07,Product_2,452.42,13,76.12,Toys,5881.46,Friday,May
2021-05-08,Product_2,501.48,14,85.86,Food,7020.72,Saturday,May
2021-05-09,Product_2,466.92,13,96.04,Food,6069.96,Sunday,May
2021-05-10,Product_2,443.58,13,93.93,Food,5766.54,Monday,May
2021-05-11,Product_2,476.37,14,93.42,Clothing,6669.18,Tuesday,May
2021-05-12,Product_2,461.56,13,50.96,Books,6000.28,Wednesday,May
2021-05-13,Product_2,477.46,14,30.21,Clothing,6684.44,Thursday,May
2021-05-14,Product_2,413.71,12,25.7,Books,4964.5199999999995,Friday,May
2021-05-15,Product_2,436.93,13,62.78,Toys,5680.09,Saturday,May
2021-05-16,Product_2,425.55,12,56.46,Toys,5106.6,Sunday,May
2021-05-17,Product_2,435.19,12,49.78,Clothing,5222.28,Monday,May
2021-05-18,Product_2,479.35,14,35.32,Clothing,6710.900000000001,Tuesday,May
2021-05-19,Product_2,460.62,13,81.86,Food,5988.06,Wednesday,May
2021-05-20,Product_2,440.11,13,47.88,Books,5721.43,Thursday,May
2021-05-21,Product_2,453.5,13,88.93,Food,5895.5,Friday,May
2021-05-22,Product_2,414.76,12,30.46,Clothing,4977.12,Saturday,May
2021-05-23,Product_2,365.84,10,30.97,Toys,3658.3999999999996,Sunday,May
2021-05-24,Product_2,405.75,12,23.52,Toys,4869.0,Monday,May
2021-05-25,Product_2,458.18,13,24.04,Clothing,5956.34,Tuesday,May
2021-05-26,Product_2,451.39,13,85.1,Books,5868.07,Wednesday,May
2021-05-27,Product_2,460.53,13,49.43,Toys,5986.889999999999,Thursday,May
2021-05-28,Product_2,420.12,12,73.46,Toys,5041.4400000000005,Friday,May
2021-05-29,Product_2,360.59,10,21.41,Toys,3605.8999999999996,Saturday,May
2021-05-30,Product_2,481.32,14,85.95,Books,6738.48,Sunday,May
2021-05-31,Product_2,402.76,11,62.76,Food,4430.36,Monday,May
2021-06-01,Product_2,388.44,11,61.11,Books,4272.84,Tuesday,June
2021-06-02,Product_2,430.32,12,30.45,Clothing,5163.84,Wednesday,June
2021-06-03,Product_2,474.44,14,30.15,Clothing,6642.16,Thursday,June
2021-06-04,Product_2,433.13,12,81.48,Electronics,5197.5599999999995,Friday,June
2021-06-05,Product_2,477.88,14,87.56,Toys,6690.32,Saturday,June
2021-06-06,Product_2,421.55,12,72.48,Electronics,5058.6,Sunday,June
2021-06-07,Product_2,396.83,11,63.07,Clothing,4365.13,Monday,June
2021-06-08,Product_2,432.96,12,72.14,Electronics,5195.5199999999995,Tuesday,June
2021-06-09,Product_2,431.84,12,67.71,Electronics,5182.08,Wednesday,June
2021-06-10,Product_2,470.24,13,55.26,Toys,6113.12,Thursday,June
2021-06-11,Product_2,427.75,12,67.95,Electronics,5133.0,Friday,June
2021-06-12,Product_2,386.81,11,37.85,Clothing,4254.91,Saturday,June
2021-06-13,Product_2,495.16,14,92.87,Toys,6932.240000000001,Sunday,June
2021-06-14,Product_2,442.69,13,36.31,Books,5754.97,Monday,June
2021-06-15,Product_2,388.68,11,23.26,Electronics,4275.4800000000005,Tuesday,June
2021-06-16,Product_2,448.83,13,60.18,Food,5834.79,Wednesday,June
2021-06-17,Product_2,412.81,12,86.17,Toys,4953.72,Thursday,June
2021-06-18,Product_2,492.34,14,97.24,Electronics,6892.759999999999,Friday,June
2021-06-19,Product_2,420.74,12,46.86,Toys,5048.88,Saturday,June
2021-06-20,Product_2,376.98,11,25.76,Electronics,4146.780000000001,Sunday,June
2021-06-21,Product_2,444.23,13,63.95,Toys,5774.99,Monday,June
2021-06-22,Product_2,374.27,11,88.57,Toys,4116.969999999999,Tuesday,June
2021-06-23,Product_2,453.38,13,27.47,Food,5893.94,Wednesday,June
2021-06-24,Product_2,423.29,12,74.76,Toys,5079.4800000000005,Thursday,June
2021-06-25,Product_2,418.21,12,60.54,Toys,5018.5199999999995,Friday,June
2021-06-26,Product_2,403.7,12,84.67,Food,4844.4,Saturday,June
2021-06-27,Product_2,390.37,11,48.19,Electronics,4294.07,Sunday,June
2021-06-28,Product_2,357.83,10,99.09,Books,3578.2999999999997,Monday,June
2021-06-29,Product_2,358.85,10,77.28,Clothing,3588.5,Tuesday,June
2021-06-30,Product_2,415.98,12,44.42,Toys,4991.76,Wednesday,June
2021-07-01,Product_2,421.65,12,90.73,Electronics,5059.799999999999,Thursday,July
2021-07-02,Product_2,378.4,11,56.2,Books,4162.4,Friday,July
2021-07-03,Product_2,413.68,12,48.98,Toys,4964.16,Saturday,July
2021-07-04,Product_2,497.43,14,40.04,Clothing,6964.02,Sunday,July
2021-07-05,Product_2,402.81,11,82.93,Food,4430.91,Monday,July
2021-07-06,Product_2,369.95,11,76.76,Electronics,4069.45,Tuesday,July
2021-07-07,Product_2,386.55,11,89.3,Toys,4252.05,Wednesday,July
2021-07-08,Product_2,407.39,12,94.59,Clothing,4888.68,Thursday,July
2021-07-09,Product_2,427.74,12,95.98,Clothing,5132.88,Friday,July
2021-07-10,Product_2,429.72,12,55.84,Electronics,5156.64,Saturday,July
2021-07-11,Product_2,395.68,11,70.08,Clothing,4352.4800000000005,Sunday,July
2021-07-12,Product_2,398.23,11,99.55,Electronics,4380.530000000001,Monday,July
2021-07-13,Product_2,410.4,12,81.88,Food,4924.799999999999,Tuesday,July
2021-07-14,Product_2,408.93,12,74.46,Clothing,4907.16,Wednesday,July
2021-07-15,Product_2,404.22,12,59.04,Books,4850.64,Thursday,July
2021-07-16,Product_2,417.91,12,68.64,Food,5014.92,Friday,July
2021-07-17,Product_2,360.58,10,42.31,Clothing,3605.7999999999997,Saturday,July
2021-07-18,Product_2,361.54,10,37.88,Books,3615.4,Sunday,July
2021-07-19,Product_2,353.53,10,85.2,Clothing,3535.2999999999997,Monday,July
2021-07-20,Product_2,382.61,11,34.48,Books,4208.71,Tuesday,July
2021-07-21,Product_2,358.46,10,20.62,Food,3584.6,Wednesday,July
2021-07-22,Product_2,406.35,12,39.66,Books,4876.200000000001,Thursday,July
2021-07-23,Product_2,404.53,12,74.95,Food,4854.36,Friday,July
2021-07-24,Product_2,381.79,11,20.34,Electronics,4199.6900000000005,Saturday,July
2021-07-25,Product_2,426.18,12,37.8,Books,5114.16,Sunday,July
2021-07-26,Product_2,424.4,12,41.21,Books,5092.799999999999,Monday,July
2021-07-27,Product_2,384.95,11,74.9,Books,4234.45,Tuesday,July
2021-07-28,Product_2,374.04,11,49.34,Electronics,4114.4400000000005,Wednesday,July
2021-07-29,Product_2,413.55,12,61.84,Electronics,4962.6,Thursday,July
2021-07-30,Product_2,445.48,13,89.67,Books,5791.24,Friday,July
2021-07-31,Product_2,384.28,11,50.57,Toys,4227.08,Saturday,July
2021-08-01,Product_2,417.44,12,75.71,Toys,5009.28,Sunday,August
2021-08-02,Product_2,332.21,9,20.28,Books,2989.89,Monday,August
2021-08-03,Product_2,359.59,10,59.46,Books,3595.8999999999996,Tuesday,August
2021-08-04,Product_2,346.63,10,54.74,Toys,3466.3,Wednesday,August
2021-08-05,Product_2,368.25,10,65.42,Clothing,3682.5,Thursday,August
2021-08-06,Product_2,391.73,11,27.48,Toys,4309.030000000001,Friday,August
2021-08-07,Product_2,318.96,9,55.41,Food,2870.64,Saturday,August
2021-08-08,Product_2,342.64,10,28.15,Electronics,3426.3999999999996,Sunday,August
2021-08-09,Product_2,378.88,11,29.29,Electronics,4167.68,Monday,August
2021-08-10,Product_2,357.86,10,33.34,Books,3578.6000000000004,Tuesday,August
2021-08-11,Product_2,371.95,11,54.9,Clothing,4091.45,Wednesday,August
2021-08-12,Product_2,411.59,12,43.32,Electronics,4939.08,Thursday,August
2021-08-13,Product_2,342.12,10,92.3,Clothing,3421.2,Friday,August
2021-08-14,Product_2,350.16,10,24.32,Books,3501.6000000000004,Saturday,August
2021-08-15,Product_2,420.15,12,99.93,Toys,5041.799999999999,Sunday,August
2021-08-16,Product_2,387.68,11,34.84,Clothing,4264.4800000000005,Monday,August
2021-08-17,Product_2,400.11,11,85.26,Clothing,4401.21,Tuesday,August
2021-08-18,Product_2,362.73,10,62.58,Food,3627.3,Wednesday,August
2021-08-19,Product_2,406.11,12,93.21,Electronics,4873.32,Thursday,August
2021-08-20,Product_2,373.22,11,73.67,Books,4105.42,Friday,August
2021-08-21,Product_2,396.43,11,87.37,Toys,4360.7300000000005,Saturday,August
2021-08-22,Product_2,367.92,10,82.48,Toys,3679.2000000000003,Sunday,August
2021-08-23,Product_2,337.9,10,20.55,Electronics,3379.0,Monday,August
2021-08-24,Product_2,382.73,11,21.83,Clothing,4210.030000000001,Tuesday,August
2021-08-25,Product_2,437.59,13,49.46,Electronics,5688.67,Wednesday,August
2021-08-26,Product_2,395.61,11,20.68,Books,4351.71,Thursday,August
2021-08-27,Product_2,380.03,11,74.82,Food,4180.33,Friday,August
2021-08-28,Product_2,411.55,12,36.83,Books,4938.6,Saturday,August
2021-08-29,Product_2,379.16,11,81.06,Food,4170.76,Sunday,August
2021-08-30,Product_2,359.91,10,94.57,Food,3599.1000000000004,Monday,August
2021-08-31,Product_2,327.93,9,98.59,Toys,2951.37,Tuesday,August
2021-09-01,Product_2,375.87,11,87.56,Electronics,4134.57,Wednesday,September
2021-09-02,Product_2,357.05,10,74.58,Clothing,3570.5,Thursday,September
2021-09-03,Product_2,419.99,12,46.76,Toys,5039.88,Friday,September
2021-09-04,Product_2,366.4,10,26.1,Books,3664.0,Saturday,September
2021-09-05,Product_2,341.05,10,77.17,Electronics,3410.5,Sunday,September
2021-09-06,Product_2,344.15,10,77.46,Food,3441.5,Monday,September
2021-09-07,Product_2,416.32,12,21.93,Clothing,4995.84,Tuesday,September
2021-09-08,Product_2,392.48,11,39.27,Clothing,4317.280000000001,Wednesday,September
2021-09-09,Product_2,377.01,11,74.68,Electronics,4147.11,Thursday,September
2021-09-10,Product_2,409.81,12,37.96,Clothing,4917.72,Friday,September
2021-09-11,Product_2,373.2,11,42.67,Books,4105.2,Saturday,September
2021-09-12,Product_2,355.01,10,33.8,Toys,3550.1,Sunday,September
2021-09-13,Product_2,324.1,9,66.93,Food,2916.9,Monday,September
2021-09-14,Product_2,357.53,10,53.15,Electronics,3575.2999999999997,Tuesday,September
2021-09-15,Product_2,367.23,10,59.07,Books,3672.3,Wednesday,September
2021-09-16,Product_2,382.28,11,55.22,Food,4205.08,Thursday,September
2021-09-17,Product_2,349.86,10,96.38,Clothing,3498.6000000000004,Friday,September
2021-09-18,Product_2,360.98,10,67.16,Clothing,3609.8,Saturday,September
2021-09-19,Product_2,333.47,9,82.09,Food,3001.2300000000005,Sunday,September
2021-09-20,Product_2,363.63,10,87.91,Toys,3636.3,Monday,September
2021-09-21,Product_2,385.98,11,53.21,Toys,4245.780000000001,Tuesday,September
2021-09-22,Product_2,407.22,12,97.19,Toys,4886.64,Wednesday,September
2021-09-23,Product_2,355.14,10,58.09,Clothing,3551.3999999999996,Thursday,September
2021-09-24,Product_2,383.54,11,44.19,Books,4218.9400000000005,Friday,September
2021-09-25,Product_2,380.37,11,25.58,Food,4184.07,Saturday,September
2021-09-26,Product_2,396.96,11,44.54,Electronics,4366.5599999999995,Sunday,September
2021-09-27,Product_2,353.68,10,21.74,Books,3536.8,Monday,September
2021-09-28,Product_2,368.46,10,93.51,Clothing,3684.6,Tuesday,September
2021-09-29,Product_2,398.62,11,47.16,Food,4384.82,Wednesday,September
2021-09-30,Product_2,385.6,11,75.78,Toys,4241.6,Thursday,September
2021-10-01,Product_2,397.16,11,96.69,Clothing,4368.76,Friday,October
2021-10-02,Product_2,383.73,11,78.9,Clothing,4221.030000000001,Saturday,October
2021-10-03,Product_2,365.0,10,76.99,Electronics,3650.0,Sunday,October
2021-10-04,Product_2,327.38,9,60.3,Books,2946.42,Monday,October
2021-10-05,Product_2,373.92,11,23.3,Electronics,4113.12,Tuesday,October
2021-10-06,Product_2,357.13,10,45.74,Clothing,3571.3,Wednesday,October
2021-10-07,Product_2,424.52,12,91.18,Food,5094.24,Thursday,October
2021-10-08,Product_2,355.32,10,26.21,Toys,3553.2,Friday,October
2021-10-09,Product_2,399.37,11,55.15,Books,4393.07,Saturday,October
2021-10-10,Product_2,372.17,11,31.57,Electronics,4093.8700000000003,Sunday,October
2021-10-11,Product_2,384.36,11,61.24,Toys,4227.96,Monday,October
2021-10-12,Product_2,370.53,11,49.75,Clothing,4075.83,Tuesday,October
2021-10-13,Product_2,355.69,10,29.76,Food,3556.9,Wednesday,October
2021-10-14,Product_2,366.06,10,27.4,Clothing,3660.6,Thursday,October
2021-10-15,Product_2,426.2,12,59.45,Books,5114.4,Friday,October
2021-10-16,Product_2,421.79,12,90.34,Books,5061.4800000000005,Saturday,October
2021-10-17,Product_2,381.21,11,93.68,Toys,4193.3099999999995,Sunday,October
2021-10-18,Product_2,324.78,9,30.56,Electronics,2923.0199999999995,Monday,October
2021-10-19,Product_2,358.59,10,97.21,Toys,3585.8999999999996,Tuesday,October
2021-10-20,Product_2,379.8,11,60.3,Clothing,4177.8,Wednesday,October
2021-10-21,Product_2,396.29,11,59.4,Electronics,4359.1900000000005,Thursday,October
2021-10-22,Product_2,392.7,11,26.17,Electronics,4319.7,Friday,October
2021-10-23,Product_2,419.73,12,85.61,Toys,5036.76,Saturday,October
2021-10-24,Product_2,351.03,10,92.6,Toys,3510.2999999999997,Sunday,October
2021-10-25,Product_2,375.34,11,77.43,Books,4128.74,Monday,October
2021-10-26,Product_2,429.51,12,90.73,Clothing,5154.12,Tuesday,October
2021-10-27,Product_2,427.29,12,98.29,Clothing,5127.4800000000005,Wednesday,October
2021-10-28,Product_2,408.57,12,38.81,Clothing,4902.84,Thursday,October
2021-10-29,Product_2,422.6,12,69.17,Toys,5071.200000000001,Friday,October
2021-10-30,Product_2,398.46,11,41.25,Toys,4383.0599999999995,Saturday,October
2021-10-31,Product_2,350.67,10,36.09,Food,3506.7000000000003,Sunday,October
2021-11-01,Product_2,380.18,11,96.61,Food,4181.9800000000005,Monday,November
2021-11-02,Product_2,445.99,13,47.73,Food,5797.87,Tuesday,November
2021-11-03,Product_2,374.67,11,29.66,Food,4121.37,Wednesday,November
2021-11-04,Product_2,413.64,12,76.44,Clothing,4963.68,Thursday,November
2021-11-05,Product_2,398.49,11,66.99,Food,4383.39,Friday,November
2021-11-06,Product_2,404.92,12,50.52,Electronics,4859.04,Saturday,November
2021-11-07,Product_2,383.36,11,51.3,Electronics,4216.96,Sunday,November
2021-11-08,Product_2,337.15,10,24.15,Toys,3371.5,Monday,November
2021-11-09,Product_2,419.11,12,41.46,Food,5029.32,Tuesday,November
2021-11-10,Product_2,405.11,12,76.36,Books,4861.32,Wednesday,November
2021-11-11,Product_2,421.25,12,41.8,Electronics,5055.0,Thursday,November
2021-11-12,Product_2,439.69,13,26.02,Food,5715.97,Friday,November
2021-11-13,Product_2,411.91,12,85.44,Books,4942.92,Saturday,November
2021-11-14,Product_2,389.66,11,72.07,Toys,4286.26,Sunday,November
2021-11-15,Product_2,377.01,11,30.43,Electronics,4147.11,Monday,November
2021-11-16,Product_2,415.4,12,63.8,Electronics,4984.799999999999,Tuesday,November
2021-11-17,Product_2,381.0,11,28.75,Electronics,4191.0,Wednesday,November
2021-11-18,Product_2,434.66,12,34.16,Electronics,5215.92,Thursday,November
2021-11-19,Product_2,433.35,12,29.99,Toys,5200.200000000001,Friday,November
2021-11-20,Product_2,375.48,11,48.28,Books,4130.280000000001,Saturday,November
2021-11-21,Product_2,448.06,13,60.55,Electronics,5824.78,Sunday,November
2021-11-22,Product_2,390.46,11,54.04,Books,4295.0599999999995,Monday,November
2021-11-23,Product_2,358.16,10,33.32,Toys,3581.6000000000004,Tuesday,November
2021-11-24,Product_2,333.27,9,84.15,Food,2999.43,Wednesday,November
2021-11-25,Product_2,523.87,15,36.03,Clothing,7858.05,Thursday,November
2021-11-26,Product_2,409.73,12,97.84,Clothing,4916.76,Friday,November
2021-11-27,Product_2,457.86,13,75.06,Books,5952.18,Saturday,November
2021-11-28,Product_2,370.55,11,82.46,Books,4076.05,Sunday,November
2021-11-29,Product_2,406.86,12,20.54,Food,4882.32,Monday,November
2021-11-30,Product_2,393.89,11,61.89,Books,4332.79,Tuesday,November
2021-12-01,Product_2,440.04,13,34.17,Books,5720.52,Wednesday,December
2021-12-02,Product_2,441.38,13,22.37,Toys,5737.94,Thursday,December
2021-12-03,Product_2,447.4,13,40.1,Electronics,5816.2,Friday,December
2021-12-04,Product_2,415.18,12,45.24,Food,4982.16,Saturday,December
2021-12-05,Product_2,426.26,12,96.49,Food,5115.12,Sunday,December
2021-12-06,Product_2,375.72,11,65.69,Food,4132.92,Monday,December
2021-12-07,Product_2,399.4,11,21.99,Food,4393.4,Tuesday,December
2021-12-08,Product_2,424.62,12,94.66,Electronics,5095.4400000000005,Wednesday,December
2021-12-09,Product_2,441.73,13,56.84,Toys,5742.49,Thursday,December
2021-12-10,Product_2,418.5,12,76.53,Food,5022.0,Friday,December
2021-12-11,Product_2,462.5,13,98.25,Food,6012.5,Saturday,December
2021-12-12,Product_2,336.67,10,60.44,Clothing,3366.7000000000003,Sunday,December
2021-12-13,Product_2,393.39,11,92.6,Electronics,4327.29,Monday,December
2021-12-14,Product_2,390.61,11,50.44,Toys,4296.71,Tuesday,December
2021-12-15,Product_2,444.45,13,73.68,Books,5777.849999999999,Wednesday,December
2021-12-16,Product_2,450.38,13,55.77,Electronics,5854.94,Thursday,December
2021-12-17,Product_2,443.94,13,94.18,Books,5771.22,Friday,December
2021-12-18,Product_2,460.37,13,33.11,Clothing,5984.81,Saturday,December
2021-12-19,Product_2,401.97,11,44.5,Food,4421.67,Sunday,December
2021-12-20,Product_2,381.09,11,51.83,Books,4191.99,Monday,December
2021-12-21,Product_2,440.15,13,86.12,Food,5721.95,Tuesday,December
2021-12-22,Product_2,390.71,11,62.88,Toys,4297.8099999999995,Wednesday,December
2021-12-23,Product_2,497.43,14,94.82,Books,6964.02,Thursday,December
2021-12-24,Product_2,465.3,13,47.93,Clothing,6048.900000000001,Friday,December
2021-12-25,Product_2,455.91,13,85.64,Food,5926.83,Saturday,December
2021-12-26,Product_2,396.54,11,92.74,Toys,4361.9400000000005,Sunday,December
2021-12-27,Product_2,429.04,12,77.27,Books,5148.4800000000005,Monday,December
2021-12-28,Product_2,399.63,11,28.17,Food,4395.93,Tuesday,December
2021-12-29,Product_2,373.01,11,98.76,Books,4103.11,Wednesday,December
2021-12-30,Product_2,464.54,13,87.2,Toys,6039.02,Thursday,December
2021-12-31,Product_2,419.36,12,74.89,Food,5032.32,Friday,December
2022-01-01,Product_2,447.72,13,73.81,Books,5820.360000000001,Saturday,January
2022-01-02,Product_2,392.14,11,89.1,Clothing,4313.54,Sunday,January
2022-01-03,Product_2,407.93,12,31.39,Toys,4895.16,Monday,January
2022-01-04,Product_2,467.33,13,76.92,Toys,6075.29,Tuesday,January
2022-01-05,Product_2,436.99,13,67.5,Toys,5680.87,Wednesday,January
2022-01-06,Product_2,382.04,11,84.85,Books,4202.4400000000005,Thursday,January
2022-01-07,Product_2,449.27,13,59.73,Clothing,5840.51,Friday,January
2022-01-08,Product_2,418.12,12,50.63,Clothing,5017.4400000000005,Saturday,January
2022-01-09,Product_2,387.01,11,68.6,Food,4257.11,Sunday,January
2022-01-10,Product_2,409.39,12,42.01,Electronics,4912.68,Monday,January
2022-01-11,Product_2,472.62,14,38.06,Food,6616.68,Tuesday,January
2022-01-12,Product_2,496.45,14,88.69,Books,6950.3,Wednesday,January
2022-01-13,Product_2,506.75,15,43.07,Books,7601.25,Thursday,January
2022-01-14,Product_2,435.42,12,91.69,Food,5225.04,Friday,January
2022-01-15,Product_2,538.96,16,29.52,Food,8623.36,Saturday,January
2022-01-16,Product_2,421.57,12,36.06,Toys,5058.84,Sunday,January
2022-01-17,Product_2,448.26,13,44.64,Books,5827.38,Monday,January
2022-01-18,Product_2,408.77,12,56.69,Electronics,4905.24,Tuesday,January
2022-01-19,Product_2,444.02,13,68.15,Books,5772.26,Wednesday,January
2022-01-20,Product_2,515.46,15,81.82,Toys,7731.900000000001,Thursday,January
2022-01-21,Product_2,445.08,13,39.04,Electronics,5786.04,Friday,January
2022-01-22,Product_2,491.74,14,24.46,Food,6884.360000000001,Saturday,January
2022-01-23,Product_2,481.06,14,72.89,Toys,6734.84,Sunday,January
2022-01-24,Product_2,418.74,12,99.05,Food,5024.88,Monday,January
2022-01-25,Product_2,430.07,12,64.41,Books,5160.84,Tuesday,January
2022-01-26,Product_2,430.05,12,61.97,Clothing,5160.6,Wednesday,January
2022-01-27,Product_2,485.58,14,61.42,Clothing,6798.12,Thursday,January
2022-01-28,Product_2,551.18,16,20.28,Electronics,8818.88,Friday,January
2022-01-29,Product_2,478.31,14,94.03,Food,6696.34,Saturday,January
2022-01-30,Product_2,465.26,13,41.32,Electronics,6048.38,Sunday,January
2022-01-31,Product_2,420.72,12,65.58,Electronics,5048.64,Monday,January
2022-02-01,Product_2,488.0,14,59.6,Books,6832.0,Tuesday,February
2022-02-02,Product_2,457.41,13,22.76,Toys,5946.33,Wednesday,February
2022-02-03,Product_2,499.73,14,56.05,Clothing,6996.22,Thursday,February
2022-02-04,Product_2,514.17,15,53.75,Books,7712.549999999999,Friday,February
2022-02-05,Product_2,437.71,13,42.8,Toys,5690.23,Saturday,February
2022-02-06,Product_2,436.09,12,57.08,Toys,5233.08,Sunday,February
2022-02-07,Product_2,490.27,14,26.25,Books,6863.78,Monday,February
2022-02-08,Product_2,397.56,11,42.45,Toys,4373.16,Tuesday,February
2022-02-09,Product_2,407.27,12,40.29,Toys,4887.24,Wednesday,February
2022-02-10,Product_2,462.82,13,56.83,Electronics,6016.66,Thursday,February
2022-02-11,Product_2,469.06,13,84.63,Food,6097.78,Friday,February
2022-02-12,Product_2,455.49,13,62.29,Electronics,5921.37,Saturday,February
2022-02-13,Product_2,483.77,14,34.01,Food,6772.78,Sunday,February
2022-02-14,Product_2,451.18,13,63.45,Electronics,5865.34,Monday,February
2022-02-15,Product_2,421.45,12,70.86,Food,5057.4,Tuesday,February
2022-02-16,Product_2,468.03,13,93.87,Food,6084.389999999999,Wednesday,February
2022-02-17,Product_2,529.21,15,66.21,Books,7938.150000000001,Thursday,February
2022-02-18,Product_2,524.46,15,82.55,Electronics,7866.900000000001,Friday,February
2022-02-19,Product_2,463.21,13,59.12,Toys,6021.73,Saturday,February
2022-02-20,Product_2,459.9,13,68.65,Electronics,5978.7,Sunday,February
2022-02-21,Product_2,456.33,13,27.59,Food,5932.29,Monday,February
2022-02-22,Product_2,419.23,12,30.8,Toys,5030.76,Tuesday,February
2022-02-23,Product_2,489.97,14,76.94,Food,6859.58,Wednesday,February
2022-02-24,Product_2,481.32,14,99.63,Food,6738.48,Thursday,February
2022-02-25,Product_2,513.08,15,99.98,Electronics,7696.200000000001,Friday,February
2022-02-26,Product_2,560.75,16,43.35,Electronics,8972.0,Saturday,February
2022-02-27,Product_2,461.11,13,58.8,Toys,5994.43,Sunday,February
2022-02-28,Product_2,389.75,11,21.44,Clothing,4287.25,Monday,February
2022-03-01,Product_2,429.09,12,97.35,Books,5149.08,Tuesday,March
2022-03-02,Product_2,472.71,14,75.29,Toys,6617.94,Wednesday,March
2022-03-03,Product_2,483.14,14,84.67,Toys,6763.96,Thursday,March
2022-03-04,Product_2,582.69,17,60.3,Clothing,9905.730000000001,Friday,March
2022-03-05,Product_2,486.42,14,36.68,Clothing,6809.88,Saturday,March
2022-03-06,Product_2,430.54,12,77.69,Food,5166.4800000000005,Sunday,March
2022-03-07,Product_2,514.48,15,27.88,Toys,7717.200000000001,Monday,March
2022-03-08,Product_2,460.6,13,83.82,Toys,5987.8,Tuesday,March
2022-03-09,Product_2,445.62,13,82.58,Toys,5793.06,Wednesday,March
2022-03-10,Product_2,403.51,12,73.91,Food,4842.12,Thursday,March
2022-03-11,Product_2,513.51,15,55.13,Toys,7702.65,Friday,March
2022-03-12,Product_2,485.18,14,42.67,Food,6792.52,Saturday,March
2022-03-13,Product_2,479.23,14,73.35,Electronics,6709.22,Sunday,March
2022-03-14,Product_2,474.85,14,54.07,Food,6647.900000000001,Monday,March
2022-03-15,Product_2,472.12,14,86.74,Food,6609.68,Tuesday,March
2022-03-16,Product_2,469.88,13,77.93,Books,6108.44,Wednesday,March
2022-03-17,Product_2,537.24,15,39.37,Food,8058.6,Thursday,March
2022-03-18,Product_2,508.21,15,84.62,Food,7623.15,Friday,March
2022-03-19,Product_2,525.36,15,74.19,Clothing,7880.400000000001,Saturday,March
2022-03-20,Product_2,476.92,14,35.53,Food,6676.88,Sunday,March
2022-03-21,Product_2,525.72,15,92.29,Clothing,7885.8,Monday,March
2022-03-22,Product_2,495.3,14,95.09,Books,6934.2,Tuesday,March
2022-03-23,Product_2,469.44,13,57.05,Food,6102.72,Wednesday,March
2022-03-24,Product_2,490.52,14,76.19,Books,6867.28,Thursday,March
2022-03-25,Product_2,533.99,15,74.91,Clothing,8009.85,Friday,March
2022-03-26,Product_2,522.77,15,93.56,Books,7841.549999999999,Saturday,March
2022-03-27,Product_2,469.61,13,68.03,Clothing,6104.93,Sunday,March
2022-03-28,Product_2,491.52,14,38.62,Electronics,6881.28,Monday,March
2022-03-29,Product_2,438.21,13,39.66,Clothing,5696.73,Tuesday,March
2022-03-30,Product_2,510.21,15,29.64,Food,7653.15,Wednesday,March
2022-03-31,Product_2,482.94,14,31.16,Food,6761.16,Thursday,March
2022-04-01,Product_2,478.26,14,84.65,Toys,6695.639999999999,Friday,April
2022-04-02,Product_2,457.92,13,63.81,Electronics,5952.96,Saturday,April
2022-04-03,Product_2,499.17,14,25.71,Toys,6988.38,Sunday,April
2022-04-04,Product_2,456.22,13,68.76,Electronics,5930.860000000001,Monday,April
2022-04-05,Product_2,496.71,14,28.29,Books,6953.94,Tuesday,April
2022-04-06,Product_2,472.99,14,55.07,Food,6621.860000000001,Wednesday,April
2022-04-07,Product_2,481.6,14,39.24,Toys,6742.400000000001,Thursday,April
2022-04-08,Product_2,674.24,20,83.85,Clothing,13484.8,Friday,April
2022-04-09,Product_2,523.55,15,72.66,Food,7853.249999999999,Saturday,April
2022-04-10,Product_2,476.35,14,95.46,Electronics,6668.900000000001,Sunday,April
2022-04-11,Product_2,492.25,14,63.35,Books,6891.5,Monday,April
2022-04-12,Product_2,444.79,13,23.44,Toys,5782.27,Tuesday,April
2022-04-13,Product_2,492.89,14,91.26,Toys,6900.46,Wednesday,April
2022-04-14,Product_2,468.97,13,55.5,Books,6096.610000000001,Thursday,April
2022-04-15,Product_2,464.37,13,63.63,Toys,6036.81,Friday,April
2022-04-16,Product_2,463.75,13,24.48,Toys,6028.75,Saturday,April
2022-04-17,Product_2,476.67,14,97.33,Toys,6673.38,Sunday,April
2022-04-18,Product_2,507.65,15,64.05,Books,7614.75,Monday,April
2022-04-19,Product_2,459.45,13,30.88,Electronics,5972.849999999999,Tuesday,April
2022-04-20,Product_2,458.8,13,40.42,Toys,5964.400000000001,Wednesday,April
2022-04-21,Product_2,514.88,15,99.27,Books,7723.2,Thursday,April
2022-04-22,Product_2,497.82,14,21.94,Clothing,6969.48,Friday,April
2022-04-23,Product_2,517.38,15,88.45,Clothing,7760.7,Saturday,April
2022-04-24,Product_2,453.99,13,26.5,Food,5901.87,Sunday,April
2022-04-25,Product_2,423.7,12,53.73,Clothing,5084.4,Monday,April
2022-04-26,Product_2,516.96,15,39.53,Books,7754.400000000001,Tuesday,April
2022-04-27,Product_2,447.38,13,81.31,Food,5815.94,Wednesday,April
2022-04-28,Product_2,455.67,13,75.4,Food,5923.71,Thursday,April
2022-04-29,Product_2,485.5,14,41.02,Clothing,6797.0,Friday,April
2022-04-30,Product_2,509.67,15,67.05,Books,7645.05,Saturday,April
2022-05-01,Product_2,478.55,14,72.53,Toys,6699.7,Sunday,May
2022-05-02,Product_2,484.09,14,53.78,Electronics,6777.259999999999,Monday,May
2022-05-03,Product_2,397.09,11,26.78,Electronics,4367.99,Tuesday,May
2022-05-04,Product_2,498.44,14,29.08,Electronics,6978.16,Wednesday,May
2022-05-05,Product_2,493.56,14,39.36,Food,6909.84,Thursday,May
2022-05-06,Product_2,485.98,14,36.74,Food,6803.72,Friday,May
2022-05-07,Product_2,473.36,14,71.6,Food,6627.04,Saturday,May
2022-05-08,Product_2,435.69,12,78.11,Clothing,5228.28,Sunday,May
2022-05-09,Product_2,541.28,16,24.47,Toys,8660.48,Monday,May
2022-05-10,Product_2,421.36,12,56.4,Clothing,5056.32,Tuesday,May
2022-05-11,Product_2,479.12,14,55.84,Electronics,6707.68,Wednesday,May
2022-05-12,Product_2,514.82,15,66.74,Food,7722.300000000001,Thursday,May
2022-05-13,Product_2,521.95,15,41.95,Toys,7829.250000000001,Friday,May
2022-05-14,Product_2,493.81,14,49.97,Food,6913.34,Saturday,May
2022-05-15,Product_2,459.44,13,36.6,Toys,5972.72,Sunday,May
2022-05-16,Product_2,450.27,13,79.24,Electronics,5853.51,Monday,May
2022-05-17,Product_2,455.44,13,38.62,Electronics,5920.72,Tuesday,May
2022-05-18,Product_2,501.54,14,54.15,Toys,7021.56,Wednesday,May
2022-05-19,Product_2,551.19,16,20.71,Food,8819.04,Thursday,May
2022-05-20,Product_2,511.51,15,33.89,Food,7672.65,Friday,May
2022-05-21,Product_2,485.48,14,53.71,Clothing,6796.72,Saturday,May
2022-05-22,Product_2,514.73,15,44.98,Food,7720.950000000001,Sunday,May
2022-05-23,Product_2,472.03,14,51.41,Clothing,6608.42,Monday,May
2022-05-24,Product_2,432.96,12,62.7,Books,5195.5199999999995,Tuesday,May
2022-05-25,Product_2,451.99,13,36.6,Electronics,5875.87,Wednesday,May
2022-05-26,Product_2,516.4,15,67.42,Electronics,7746.0,Thursday,May
2022-05-27,Product_2,453.13,13,83.4,Toys,5890.69,Friday,May
2022-05-28,Product_2,509.73,15,30.69,Clothing,7645.950000000001,Saturday,May
2022-05-29,Product_2,476.58,14,85.4,Clothing,6672.12,Sunday,May
2022-05-30,Product_2,461.81,13,54.48,Books,6003.53,Monday,May
2022-05-31,Product_2,443.26,13,99.82,Clothing,5762.38,Tuesday,May
2022-06-01,Product_2,462.97,13,85.23,Clothing,6018.610000000001,Wednesday,June
2022-06-02,Product_2,513.05,15,34.27,Electronics,7695.749999999999,Thursday,June
2022-06-03,Product_2,498.76,14,48.75,Books,6982.639999999999,Friday,June
2022-06-04,Product_2,447.5,13,79.6,Food,5817.5,Saturday,June
2022-06-05,Product_2,433.73,12,62.0,Clothing,5204.76,Sunday,June
2022-06-06,Product_2,461.99,13,68.98,Clothing,6005.87,Monday,June
2022-06-07,Product_2,428.46,12,45.38,Food,5141.5199999999995,Tuesday,June
2022-06-08,Product_2,468.37,13,86.3,Toys,6088.81,Wednesday,June
2022-06-09,Product_2,459.01,13,76.51,Toys,5967.13,Thursday,June
2022-06-10,Product_2,451.07,13,92.44,Electronics,5863.91,Friday,June
2022-06-11,Product_2,486.16,14,75.11,Books,6806.240000000001,Saturday,June
2022-06-12,Product_2,494.73,14,78.93,Clothing,6926.22,Sunday,June
2022-06-13,Product_2,439.29,13,87.91,Electronics,5710.77,Monday,June
2022-06-14,Product_2,445.82,13,99.94,Clothing,5795.66,Tuesday,June
2022-06-15,Product_2,466.35,13,67.81,Food,6062.55,Wednesday,June
2022-06-16,Product_2,465.08,13,51.71,Food,6046.04,Thursday,June
2022-06-17,Product_2,517.15,15,98.43,Books,7757.25,Friday,June
2022-06-18,Product_2,451.39,13,72.86,Books,5868.07,Saturday,June
2022-06-19,Product_2,468.44,13,32.26,Food,6089.72,Sunday,June
2022-06-20,Product_2,452.31,13,67.38,Food,5880.03,Monday,June
2022-06-21,Product_2,430.27,12,50.76,Toys,5163.24,Tuesday,June
2022-06-22,Product_2,468.11,13,89.24,Food,6085.43,Wednesday,June
2022-06-23,Product_2,429.41,12,98.95,Clothing,5152.92,Thursday,June
2022-06-24,Product_2,435.86,12,45.06,Food,5230.32,Friday,June
2022-06-25,Product_2,464.02,13,33.45,Clothing,6032.26,Saturday,June
2022-06-26,Product_2,495.89,14,77.99,Books,6942.46,Sunday,June
2022-06-27,Product_2,437.41,13,92.58,Electronics,5686.33,Monday,June
2022-06-28,Product_2,389.0,11,43.75,Books,4279.0,Tuesday,June
2022-06-29,Product_2,477.28,14,34.85,Books,6681.92,Wednesday,June
2022-06-30,Product_2,522.71,15,93.09,Clothing,7840.650000000001,Thursday,June
2022-07-01,Product_2,473.19,14,99.11,Clothing,6624.66,Friday,July
2022-07-02,Product_2,427.46,12,91.37,Food,5129.5199999999995,Saturday,July
2022-07-03,Product_2,422.03,12,34.25,Electronics,5064.36,Sunday,July
2022-07-04,Product_2,427.21,12,98.37,Electronics,5126.5199999999995,Monday,July
2022-07-05,Product_2,464.59,13,66.63,Food,6039.67,Tuesday,July
2022-07-06,Product_2,383.27,11,34.9,Toys,4215.969999999999,Wednesday,July
2022-07-07,Product_2,428.74,12,44.61,Electronics,5144.88,Thursday,July
2022-07-08,Product_2,492.86,14,50.44,Electronics,6900.04,Friday,July
2022-07-09,Product_2,434.38,12,85.95,Toys,5212.5599999999995,Saturday,July
2022-07-10,Product_2,429.09,12,27.68,Toys,5149.08,Sunday,July
2022-07-11,Product_2,442.73,13,39.4,Books,5755.49,Monday,July
2022-07-12,Product_2,408.32,12,80.8,Food,4899.84,Tuesday,July
2022-07-13,Product_2,474.55,14,41.93,Clothing,6643.7,Wednesday,July
2022-07-14,Product_2,451.48,13,96.99,Food,5869.24,Thursday,July
2022-07-15,Product_2,475.36,14,74.41,Electronics,6655.04,Friday,July
2022-07-16,Product_2,422.2,12,38.57,Food,5066.4,Saturday,July
2022-07-17,Product_2,408.41,12,53.07,Books,4900.92,Sunday,July
2022-07-18,Product_2,440.17,13,72.13,Toys,5722.21,Monday,July
2022-07-19,Product_2,411.16,12,37.82,Clothing,4933.92,Tuesday,July
2022-07-20,Product_2,393.81,11,95.53,Toys,4331.91,Wednesday,July
2022-07-21,Product_2,508.82,15,92.93,Toys,7632.3,Thursday,July
2022-07-22,Product_2,484.1,14,43.02,Clothing,6777.400000000001,Friday,July
2022-07-23,Product_2,421.43,12,74.53,Electronics,5057.16,Saturday,July
2022-07-24,Product_2,483.06,14,93.65,Electronics,6762.84,Sunday,July
2022-07-25,Product_2,435.88,12,99.91,Clothing,5230.5599999999995,Monday,July
2022-07-26,Product_2,369.2,10,40.46,Clothing,3692.0,Tuesday,July
2022-07-27,Product_2,398.54,11,24.85,Toys,4383.9400000000005,Wednesday,July
2022-07-28,Product_2,441.1,13,23.71,Food,5734.3,Thursday,July
2022-07-29,Product_2,478.03,14,49.18,Food,6692.42,Friday,July
2022-07-30,Product_2,387.42,11,53.53,Electronics,4261.62,Saturday,July
2022-07-31,Product_2,425.97,12,53.59,Toys,5111.64,Sunday,July
2022-08-01,Product_2,425.12,12,22.02,Food,5101.4400000000005,Monday,August
2022-08-02,Product_2,381.68,11,56.41,Food,4198.4800000000005,Tuesday,August
2022-08-03,Product_2,446.86,13,82.07,Books,5809.18,Wednesday,August
2022-08-04,Product_2,517.2,15,77.62,Food,7758.000000000001,Thursday,August
2022-08-05,Product_2,481.95,14,52.07,Clothing,6747.3,Friday,August
2022-08-06,Product_2,420.39,12,87.81,Toys,5044.68,Saturday,August
2022-08-07,Product_2,398.96,11,45.72,Electronics,4388.5599999999995,Sunday,August
2022-08-08,Product_2,412.82,12,59.68,Toys,4953.84,Monday,August
2022-08-09,Product_2,423.1,12,44.06,Books,5077.200000000001,Tuesday,August
2022-08-10,Product_2,451.02,13,90.86,Clothing,5863.26,Wednesday,August
2022-08-11,Product_2,358.25,10,64.43,Toys,3582.5,Thursday,August
2022-08-12,Product_2,463.91,13,95.32,Food,6030.83,Friday,August
2022-08-13,Product_2,503.65,14,22.22,Toys,7051.099999999999,Saturday,August
2022-08-14,Product_2,424.11,12,68.04,Electronics,5089.32,Sunday,August
2022-08-15,Product_2,377.19,11,45.33,Toys,4149.09,Monday,August
2022-08-16,Product_2,426.46,12,35.07,Books,5117.5199999999995,Tuesday,August
2022-08-17,Product_2,405.67,12,65.89,Toys,4868.04,Wednesday,August
2022-08-18,Product_2,465.91,13,56.44,Electronics,6056.83,Thursday,August
2022-08-19,Product_2,419.42,12,32.26,Electronics,5033.04,Friday,August
2022-08-20,Product_2,431.86,12,28.88,Food,5182.32,Saturday,August
2022-08-21,Product_2,399.16,11,31.41,Electronics,4390.76,Sunday,August
2022-08-22,Product_2,436.57,12,51.38,Toys,5238.84,Monday,August
2022-08-23,Product_2,376.55,11,46.78,Clothing,4142.05,Tuesday,August
2022-08-24,Product_2,392.72,11,21.96,Books,4319.92,Wednesday,August
2022-08-25,Product_2,408.62,12,91.52,Clothing,4903.4400000000005,Thursday,August
2022-08-26,Product_2,453.07,13,69.55,Clothing,5889.91,Friday,August
2022-08-27,Product_2,448.81,13,63.12,Food,5834.53,Saturday,August
2022-08-28,Product_2,380.54,11,71.18,Books,4185.9400000000005,Sunday,August
2022-08-29,Product_2,352.78,10,99.05,Food,3527.7999999999997,Monday,August
2022-08-30,Product_2,412.41,12,77.09,Electronics,4948.92,Tuesday,August
2022-08-31,Product_2,439.66,13,74.83,Food,5715.58,Wednesday,August
2022-09-01,Product_2,422.85,12,82.18,Food,5074.200000000001,Thursday,September
2022-09-02,Product_2,423.09,12,24.24,Clothing,5077.08,Friday,September
2022-09-03,Product_2,421.56,12,23.16,Books,5058.72,Saturday,September
2022-09-04,Product_2,375.63,11,75.14,Food,4131.93,Sunday,September
2022-09-05,Product_2,386.3,11,93.17,Electronics,4249.3,Monday,September
2022-09-06,Product_2,371.44,11,74.32,Books,4085.84,Tuesday,September
2022-09-07,Product_2,382.84,11,88.05,Food,4211.24,Wednesday,September
2022-09-08,Product_2,414.84,12,91.35,Electronics,4978.08,Thursday,September
2022-09-09,Product_2,398.11,11,45.52,Clothing,4379.21,Friday,September
2022-09-10,Product_2,420.15,12,41.67,Clothing,5041.799999999999,Saturday,September
2022-09-11,Product_2,385.39,11,62.03,Books,4239.29,Sunday,September
2022-09-12,Product_2,376.99,11,40.71,Toys,4146.89,Monday,September
2022-09-13,Product_2,367.98,10,44.28,Clothing,3679.8,Tuesday,September
2022-09-14,Product_2,457.29,13,30.64,Clothing,5944.77,Wednesday,September
2022-09-15,Product_2,474.02,14,75.43,Books,6636.28,Thursday,September
2022-09-16,Product_2,394.29,11,71.9,Food,4337.1900000000005,Friday,September
2022-09-17,Product_2,392.29,11,21.1,Food,4315.1900000000005,Saturday,September
2022-09-18,Product_2,428.17,12,67.2,Clothing,5138.04,Sunday,September
2022-09-19,Product_2,402.43,11,84.2,Toys,4426.7300000000005,Monday,September
2022-09-20,Product_2,409.73,12,72.91,Toys,4916.76,Tuesday,September
2022-09-21,Product_2,429.61,12,27.11,Toys,5155.32,Wednesday,September
2022-09-22,Product_2,418.18,12,65.66,Food,5018.16,Thursday,September
2022-09-23,Product_2,416.27,12,54.77,Food,4995.24,Friday,September
2022-09-24,Product_2,435.89,12,94.32,Clothing,5230.68,Saturday,September
2022-09-25,Product_2,413.84,12,88.5,Toys,4966.08,Sunday,September
2022-09-26,Product_2,377.1,11,71.69,Books,4148.1,Monday,September
2022-09-27,Product_2,412.23,12,60.58,Electronics,4946.76,Tuesday,September
2022-09-28,Product_2,424.4,12,83.99,Clothing,5092.799999999999,Wednesday,September
2022-09-29,Product_2,431.64,12,66.57,Books,5179.68,Thursday,September
2022-09-30,Product_2,402.27,11,28.95,Books,4424.969999999999,Friday,September
2022-10-01,Product_2,479.25,14,79.8,Clothing,6709.5,Saturday,October
2022-10-02,Product_2,404.36,12,78.4,Electronics,4852.32,Sunday,October
2022-10-03,Product_2,455.2,13,57.94,Clothing,5917.599999999999,Monday,October
2022-10-04,Product_2,337.24,10,62.55,Toys,3372.4,Tuesday,October
2022-10-05,Product_2,459.44,13,68.21,Books,5972.72,Wednesday,October
2022-10-06,Product_2,422.33,12,42.54,Electronics,5067.96,Thursday,October
2022-10-07,Product_2,404.57,12,53.22,Electronics,4854.84,Friday,October
2022-10-08,Product_2,402.26,11,20.93,Food,4424.86,Saturday,October
2022-10-09,Product_2,426.34,12,64.9,Food,5116.08,Sunday,October
2022-10-10,Product_2,415.46,12,39.75,Electronics,4985.5199999999995,Monday,October
2022-10-11,Product_2,377.47,11,88.11,Books,4152.17,Tuesday,October
2022-10-12,Product_2,392.6,11,91.3,Clothing,4318.6,Wednesday,October
2022-10-13,Product_2,444.91,13,33.16,Toys,5783.83,Thursday,October
2022-10-14,Product_2,432.23,12,97.44,Books,5186.76,Friday,October
2022-10-15,Product_2,411.65,12,61.55,Books,4939.799999999999,Saturday,October
2022-10-16,Product_2,440.56,13,60.51,Electronics,5727.28,Sunday,October
2022-10-17,Product_2,468.81,13,85.04,Electronics,6094.53,Monday,October
2022-10-18,Product_2,418.87,12,73.71,Clothing,5026.4400000000005,Tuesday,October
2022-10-19,Product_2,374.88,11,59.02,Food,4123.68,Wednesday,October
2022-10-20,Product_2,451.18,13,95.07,Food,5865.34,Thursday,October
2022-10-21,Product_2,468.27,13,72.9,Electronics,6087.51,Friday,October
2022-10-22,Product_2,422.42,12,22.57,Electronics,5069.04,Saturday,October
2022-10-23,Product_2,427.44,12,89.09,Clothing,5129.28,Sunday,October
2022-10-24,Product_2,431.31,12,23.05,Toys,5175.72,Monday,October
2022-10-25,Product_2,387.96,11,28.84,Clothing,4267.5599999999995,Tuesday,October
2022-10-26,Product_2,438.6,13,80.77,Books,5701.8,Wednesday,October
2022-10-27,Product_2,479.31,14,41.83,Toys,6710.34,Thursday,October
2022-10-28,Product_2,455.87,13,90.08,Electronics,5926.31,Friday,October
2022-10-29,Product_2,398.08,11,64.77,Toys,4378.88,Saturday,October
2022-10-30,Product_2,425.58,12,94.96,Toys,5106.96,Sunday,October
2022-10-31,Product_2,425.08,12,20.68,Books,5100.96,Monday,October
2022-11-01,Product_2,401.77,11,85.1,Toys,4419.469999999999,Tuesday,November
2022-11-02,Product_2,437.85,13,59.93,Food,5692.05,Wednesday,November
2022-11-03,Product_2,452.39,13,63.7,Food,5881.07,Thursday,November
2022-11-04,Product_2,413.84,12,43.81,Food,4966.08,Friday,November
2022-11-05,Product_2,428.82,12,43.69,Books,5145.84,Saturday,November
2022-11-06,Product_2,389.29,11,99.72,Books,4282.1900000000005,Sunday,November
2022-11-07,Product_2,365.26,10,72.75,Clothing,3652.6,Monday,November
2022-11-08,Product_2,357.93,10,50.82,Food,3579.3,Tuesday,November
2022-11-09,Product_2,393.28,11,63.84,Electronics,4326.08,Wednesday,November
2022-11-10,Product_2,463.14,13,29.02,Food,6020.82,Thursday,November
2022-11-11,Product_2,452.28,13,70.36,Books,5879.639999999999,Friday,November
2022-11-12,Product_2,486.89,14,68.8,Clothing,6816.46,Saturday,November
2022-11-13,Product_2,422.36,12,94.68,Toys,5068.32,Sunday,November
2022-11-14,Product_2,423.25,12,41.85,Electronics,5079.0,Monday,November
2022-11-15,Product_2,433.01,12,97.09,Books,5196.12,Tuesday,November
2022-11-16,Product_2,391.15,11,88.06,Toys,4302.65,Wednesday,November
2022-11-17,Product_2,480.93,14,29.83,Electronics,6733.02,Thursday,November
2022-11-18,Product_2,426.27,12,88.1,Clothing,5115.24,Friday,November
2022-11-19,Product_2,425.67,12,26.47,Electronics,5108.04,Saturday,November
2022-11-20,Product_2,363.87,10,51.52,Books,3638.7,Sunday,November
2022-11-21,Product_2,372.15,11,92.68,Electronics,4093.6499999999996,Monday,November
2022-11-22,Product_2,381.13,11,85.5,Books,4192.43,Tuesday,November
2022-11-23,Product_2,438.49,13,94.44,Electronics,5700.37,Wednesday,November
2022-11-24,Product_2,460.46,13,60.19,Food,5985.98,Thursday,November
2022-11-25,Product_2,456.95,13,22.81,Toys,5940.349999999999,Friday,November
2022-11-26,Product_2,441.38,13,31.4,Books,5737.94,Saturday,November
2022-11-27,Product_2,447.81,13,59.18,Food,5821.53,Sunday,November
2022-11-28,Product_2,463.27,13,97.72,Toys,6022.51,Monday,November
2022-11-29,Product_2,426.68,12,34.49,Food,5120.16,Tuesday,November
2022-11-30,Product_2,469.32,13,69.96,Books,6101.16,Wednesday,November
2022-12-01,Product_2,469.52,13,83.1,Toys,6103.76,Thursday,December
2022-12-02,Product_2,448.81,13,48.6,Clothing,5834.53,Friday,December
2022-12-03,Product_2,435.02,12,70.3,Clothing,5220.24,Saturday,December
2022-12-04,Product_2,421.3,12,66.79,Toys,5055.6,Sunday,December
2022-12-05,Product_2,468.44,13,86.0,Toys,6089.72,Monday,December
2022-12-06,Product_2,415.47,12,41.11,Food,4985.64,Tuesday,December
2022-12-07,Product_2,515.5,15,43.35,Toys,7732.5,Wednesday,December
2022-12-08,Product_2,389.37,11,81.42,Electronics,4283.07,Thursday,December
2022-12-09,Product_2,473.77,14,99.64,Books,6632.78,Friday,December
2022-12-10,Product_2,451.88,13,33.77,Toys,5874.44,Saturday,December
2022-12-11,Product_2,447.19,13,81.49,Food,5813.47,Sunday,December
2022-12-12,Product_2,431.57,12,32.96,Clothing,5178.84,Monday,December
2022-12-13,Product_2,404.9,12,58.48,Books,4858.799999999999,Tuesday,December
2022-12-14,Product_2,445.54,13,92.81,Toys,5792.02,Wednesday,December
2022-12-15,Product_2,453.79,13,71.82,Books,5899.27,Thursday,December
2022-12-16,Product_2,434.76,12,78.1,Electronics,5217.12,Friday,December
2022-12-17,Product_2,498.43,14,53.4,Food,6978.02,Saturday,December
2022-12-18,Product_2,394.08,11,90.01,Toys,4334.88,Sunday,December
2022-12-19,Product_2,449.5,13,93.26,Electronics,5843.5,Monday,December
2022-12-20,Product_2,364.89,10,79.28,Food,3648.8999999999996,Tuesday,December
2022-12-21,Product_2,457.38,13,39.27,Clothing,5945.94,Wednesday,December
2022-12-22,Product_2,474.08,14,57.15,Food,6637.12,Thursday,December
2022-12-23,Product_2,430.18,12,94.59,Clothing,5162.16,Friday,December
2022-12-24,Product_2,457.95,13,55.15,Clothing,5953.349999999999,Saturday,December
2022-12-25,Product_2,447.59,13,90.28,Toys,5818.67,Sunday,December
2022-12-26,Product_2,419.86,12,77.32,Electronics,5038.32,Monday,December
2022-12-27,Product_2,466.74,13,68.6,Books,6067.62,Tuesday,December
2022-12-28,Product_2,412.78,12,43.06,Toys,4953.36,Wednesday,December
2022-12-29,Product_2,504.5,15,62.08,Toys,7567.5,Thursday,December
2022-12-30,Product_2,468.97,13,74.5,Toys,6096.610000000001,Friday,December
2022-12-31,Product_2,431.56,12,75.38,Toys,5178.72,Saturday,December
2023-01-01,Product_2,476.27,14,60.32,Toys,6667.78,Sunday,January
2023-01-02,Product_2,445.02,13,66.56,Clothing,5785.26,Monday,January
2023-01-03,Product_2,427.48,12,74.12,Toys,5129.76,Tuesday,January
2023-01-04,Product_2,496.31,14,70.47,Electronics,6948.34,Wednesday,January
2023-01-05,Product_2,475.51,14,96.42,Food,6657.139999999999,Thursday,January
2023-01-06,Product_2,491.52,14,24.43,Books,6881.28,Friday,January
2023-01-07,Product_2,525.13,15,32.75,Books,7876.95,Saturday,January
2023-01-08,Product_2,472.86,14,28.51,Clothing,6620.04,Sunday,January
2023-01-09,Product_2,461.37,13,92.27,Toys,5997.81,Monday,January
2023-01-10,Product_2,445.94,13,54.42,Books,5797.22,Tuesday,January
2023-01-11,Product_2,467.84,13,99.77,Electronics,6081.92,Wednesday,January
2023-01-12,Product_2,485.41,14,45.54,Clothing,6795.740000000001,Thursday,January
2023-01-13,Product_2,563.17,16,44.12,Clothing,9010.72,Friday,January
2023-01-14,Product_2,513.01,15,70.27,Books,7695.15,Saturday,January
2023-01-15,Product_2,491.24,14,78.65,Food,6877.360000000001,Sunday,January
2023-01-16,Product_2,470.11,13,32.45,Toys,6111.43,Monday,January
2023-01-17,Product_2,476.02,14,56.02,Electronics,6664.28,Tuesday,January
2023-01-18,Product_2,453.68,13,24.71,Clothing,5897.84,Wednesday,January
2023-01-19,Product_2,457.89,13,26.86,Food,5952.57,Thursday,January
2023-01-20,Product_2,462.88,13,57.01,Books,6017.44,Friday,January
2023-01-21,Product_2,513.96,15,68.54,Electronics,7709.400000000001,Saturday,January
2023-01-22,Product_2,465.07,13,93.2,Food,6045.91,Sunday,January
2023-01-23,Product_2,468.52,13,84.7,Electronics,6090.76,Monday,January
2023-01-24,Product_2,369.62,11,33.15,Electronics,4065.82,Tuesday,January
2023-01-25,Product_2,493.68,14,89.03,Toys,6911.52,Wednesday,January
2023-01-26,Product_2,503.9,15,82.14,Toys,7558.5,Thursday,January
2023-01-27,Product_2,498.81,14,67.82,Toys,6983.34,Friday,January
2023-01-28,Product_2,564.31,16,81.09,Electronics,9028.96,Saturday,January
2023-01-29,Product_2,501.8,14,39.76,Food,7025.2,Sunday,January
2023-01-30,Product_2,437.03,13,63.44,Food,5681.389999999999,Monday,January
2023-01-31,Product_2,465.64,13,70.72,Clothing,6053.32,Tuesday,January
2023-02-01,Product_2,509.28,15,45.11,Toys,7639.2,Wednesday,February
2023-02-02,Product_2,526.75,15,58.29,Clothing,7901.25,Thursday,February
2023-02-03,Product_2,556.69,16,95.21,Books,8907.04,Friday,February
2023-02-04,Product_2,525.83,15,34.35,Electronics,7887.450000000001,Saturday,February
2023-02-05,Product_2,469.13,13,98.93,Books,6098.69,Sunday,February
2023-02-06,Product_2,463.5,13,92.7,Toys,6025.5,Monday,February
2023-02-07,Product_2,479.17,14,48.99,Electronics,6708.38,Tuesday,February
2023-02-08,Product_2,519.49,15,80.56,Clothing,7792.35,Wednesday,February
2023-02-09,Product_2,558.52,16,80.23,Clothing,8936.32,Thursday,February
2023-02-10,Product_2,521.83,15,60.47,Toys,7827.450000000001,Friday,February
2023-02-11,Product_2,491.03,14,68.6,Electronics,6874.42,Saturday,February
2023-02-12,Product_2,512.25,15,22.05,Clothing,7683.75,Sunday,February
2023-02-13,Product_2,461.93,13,79.73,Books,6005.09,Monday,February
2023-02-14,Product_2,477.48,14,79.39,Clothing,6684.72,Tuesday,February
2023-02-15,Product_2,484.53,14,45.7,Books,6783.42,Wednesday,February
2023-02-16,Product_2,535.48,15,23.19,Clothing,8032.200000000001,Thursday,February
2023-02-17,Product_2,497.35,14,75.11,Clothing,6962.900000000001,Friday,February
2023-02-18,Product_2,529.1,15,24.23,Food,7936.5,Saturday,February
2023-02-19,Product_2,439.11,13,77.48,Toys,5708.43,Sunday,February
2023-02-20,Product_2,447.74,13,20.4,Toys,5820.62,Monday,February
2023-02-21,Product_2,456.71,13,59.67,Clothing,5937.23,Tuesday,February
2023-02-22,Product_2,475.86,14,28.12,Electronics,6662.04,Wednesday,February
2023-02-23,Product_2,543.38,16,69.26,Food,8694.08,Thursday,February
2023-02-24,Product_2,506.61,15,29.68,Books,7599.150000000001,Friday,February
2023-02-25,Product_2,475.33,14,36.91,Clothing,6654.62,Saturday,February
2023-02-26,Product_2,523.67,15,93.73,Toys,7855.049999999999,Sunday,February
2023-02-27,Product_2,516.68,15,50.89,Clothing,7750.199999999999,Monday,February
2023-02-28,Product_2,453.24,13,98.1,Toys,5892.12,Tuesday,February
2023-03-01,Product_2,545.26,16,65.47,Books,8724.16,Wednesday,March
2023-03-02,Product_2,497.37,14,70.28,Clothing,6963.18,Thursday,March
2023-03-03,Product_2,499.81,14,85.72,Toys,6997.34,Friday,March
2023-03-04,Product_2,516.28,15,79.07,Electronics,7744.2,Saturday,March
2023-03-05,Product_2,449.93,13,90.11,Clothing,5849.09,Sunday,March
2023-03-06,Product_2,496.05,14,34.81,Clothing,6944.7,Monday,March
2023-03-07,Product_2,509.51,15,79.63,Books,7642.65,Tuesday,March
2023-03-08,Product_2,496.02,14,89.77,Electronics,6944.28,Wednesday,March
2023-03-09,Product_2,448.19,13,36.98,Clothing,5826.47,Thursday,March
2023-03-10,Product_2,547.22,16,44.19,Books,8755.52,Friday,March
2023-03-11,Product_2,564.74,16,25.62,Electronics,9035.84,Saturday,March
2023-03-12,Product_2,483.82,14,91.2,Clothing,6773.48,Sunday,March
2023-03-13,Product_2,510.17,15,72.85,Toys,7652.55,Monday,March
2023-03-14,Product_2,499.18,14,79.91,Books,6988.52,Tuesday,March
2023-03-15,Product_2,557.83,16,60.36,Books,8925.28,Wednesday,March
2023-03-16,Product_2,536.87,15,20.17,Electronics,8053.05,Thursday,March
2023-03-17,Product_2,507.6,15,97.17,Toys,7614.0,Friday,March
2023-03-18,Product_2,480.83,14,23.82,Toys,6731.62,Saturday,March
2023-03-19,Product_2,518.39,15,79.77,Food,7775.849999999999,Sunday,March
2023-03-20,Product_2,510.95,15,67.26,Books,7664.25,Monday,March
2023-03-21,Product_2,485.92,14,28.39,Electronics,6802.88,Tuesday,March
2023-03-22,Product_2,519.75,15,57.13,Toys,7796.25,Wednesday,March
2023-03-23,Product_2,580.85,17,86.68,Clothing,9874.45,Thursday,March
2023-03-24,Product_2,595.03,17,34.42,Clothing,10115.51,Friday,March
2023-03-25,Product_2,486.42,14,46.48,Books,6809.88,Saturday,March
2023-03-26,Product_2,516.36,15,82.73,Toys,7745.400000000001,Sunday,March
2023-03-27,Product_2,510.23,15,68.1,Books,7653.450000000001,Monday,March
2023-03-28,Product_2,515.16,15,62.38,Clothing,7727.4,Tuesday,March
2023-03-29,Product_2,537.68,16,72.79,Toys,8602.88,Wednesday,March
2023-03-30,Product_2,549.15,16,26.24,Toys,8786.4,Thursday,March
2023-03-31,Product_2,542.31,16,26.31,Electronics,8676.96,Friday,March
2023-04-01,Product_2,532.86,15,20.04,Food,7992.900000000001,Saturday,April
2023-04-02,Product_2,538.37,16,58.89,Electronics,8613.92,Sunday,April
2023-04-03,Product_2,555.49,16,75.57,Books,8887.84,Monday,April
2023-04-04,Product_2,533.58,15,86.22,Toys,8003.700000000001,Tuesday,April
2023-04-05,Product_2,538.16,16,66.26,Books,8610.56,Wednesday,April
2023-04-06,Product_2,477.26,14,22.15,Electronics,6681.639999999999,Thursday,April
2023-04-07,Product_2,496.68,14,80.79,Electronics,6953.52,Friday,April
2023-04-08,Product_2,454.39,13,82.8,Toys,5907.07,Saturday,April
2023-04-09,Product_2,541.56,16,22.27,Food,8664.96,Sunday,April
2023-04-10,Product_2,531.42,15,83.86,Food,7971.299999999999,Monday,April
2023-04-11,Product_2,530.59,15,29.46,Electronics,7958.85,Tuesday,April
2023-04-12,Product_2,487.98,14,73.89,Toys,6831.72,Wednesday,April
2023-04-13,Product_2,595.06,17,47.83,Electronics,10116.019999999999,Thursday,April
2023-04-14,Product_2,498.02,14,72.25,Toys,6972.28,Friday,April
2023-04-15,Product_2,524.81,15,32.74,Toys,7872.15,Saturday,April
2023-04-16,Product_2,544.68,16,60.0,Clothing,8714.88,Sunday,April
2023-04-17,Product_2,477.37,14,68.41,Food,6683.18,Monday,April
2023-04-18,Product_2,544.84,16,52.44,Electronics,8717.44,Tuesday,April
2023-04-19,Product_2,511.97,15,85.88,Food,7679.55,Wednesday,April
2023-04-20,Product_2,509.0,15,99.34,Food,7635.0,Thursday,April
2023-04-21,Product_2,543.38,16,85.79,Electronics,8694.08,Friday,April
2023-04-22,Product_2,615.95,18,80.83,Electronics,11087.1,Saturday,April
2023-04-23,Product_2,550.3,16,80.07,Books,8804.8,Sunday,April
2023-04-24,Product_2,496.11,14,99.49,Electronics,6945.54,Monday,April
2023-04-25,Product_2,533.45,15,37.0,Clothing,8001.750000000001,Tuesday,April
2023-04-26,Product_2,525.15,15,62.39,Toys,7877.25,Wednesday,April
2023-04-27,Product_2,510.33,15,46.57,Clothing,7654.95,Thursday,April
2023-04-28,Product_2,545.49,16,38.37,Clothing,8727.84,Friday,April
2023-04-29,Product_2,535.02,15,60.32,Food,8025.299999999999,Saturday,April
2023-04-30,Product_2,498.41,14,81.27,Electronics,6977.740000000001,Sunday,April
2023-05-01,Product_2,448.63,13,25.91,Books,5832.19,Monday,May
2023-05-02,Product_2,538.26,16,40.24,Toys,8612.16,Tuesday,May
2023-05-03,Product_2,549.22,16,64.6,Books,8787.52,Wednesday,May
2023-05-04,Product_2,548.13,16,89.22,Toys,8770.08,Thursday,May
2023-05-05,Product_2,564.32,16,74.67,Toys,9029.12,Friday,May
2023-05-06,Product_2,540.56,16,99.01,Books,8648.96,Saturday,May
2023-05-07,Product_2,508.5,15,39.57,Food,7627.5,Sunday,May
2023-05-08,Product_2,460.38,13,22.33,Toys,5984.94,Monday,May
2023-05-09,Product_2,451.52,13,46.73,Food,5869.76,Tuesday,May
2023-05-10,Product_2,527.36,15,22.23,Books,7910.400000000001,Wednesday,May
2023-05-11,Product_2,475.55,14,74.59,Clothing,6657.7,Thursday,May
2023-05-12,Product_2,501.09,14,83.07,Clothing,7015.259999999999,Friday,May
2023-05-13,Product_2,515.83,15,50.59,Toys,7737.450000000001,Saturday,May
2023-05-14,Product_2,440.06,13,71.21,Clothing,5720.78,Sunday,May
2023-05-15,Product_2,483.25,14,59.32,Electronics,6765.5,Monday,May
2023-05-16,Product_2,518.94,15,43.61,Toys,7784.1,Tuesday,May
2023-05-17,Product_2,507.49,15,76.42,Clothing,7612.35,Wednesday,May
2023-05-18,Product_2,554.34,16,65.47,Electronics,8869.44,Thursday,May
2023-05-19,Product_2,537.07,15,36.9,Toys,8056.050000000001,Friday,May
2023-05-20,Product_2,555.94,16,91.56,Food,8895.04,Saturday,May
2023-05-21,Product_2,541.29,16,44.12,Electronics,8660.64,Sunday,May
2023-05-22,Product_2,465.72,13,92.32,Toys,6054.360000000001,Monday,May
2023-05-23,Product_2,496.49,14,76.45,Toys,6950.860000000001,Tuesday,May
2023-05-24,Product_2,546.86,16,23.83,Books,8749.76,Wednesday,May
2023-05-25,Product_2,558.31,16,70.85,Electronics,8932.96,Thursday,May
2023-05-26,Product_2,536.12,15,76.31,Books,8041.8,Friday,May
2023-05-27,Product_2,555.35,16,98.89,Clothing,8885.6,Saturday,May
2023-05-28,Product_2,475.51,14,48.37,Clothing,6657.139999999999,Sunday,May
2023-05-29,Product_2,436.94,13,47.52,Clothing,5680.22,Monday,May
2023-05-30,Product_2,505.82,15,24.8,Books,7587.3,Tuesday,May
2023-05-31,Product_2,519.87,15,97.45,Food,7798.05,Wednesday,May
2023-06-01,Product_2,556.2,16,79.78,Toys,8899.2,Thursday,June
2023-06-02,Product_2,508.78,15,26.19,Electronics,7631.7,Friday,June
2023-06-03,Product_2,495.95,14,64.06,Toys,6943.3,Saturday,June
2023-06-04,Product_2,474.99,14,77.1,Food,6649.860000000001,Sunday,June
2023-06-05,Product_2,485.77,14,23.53,Books,6800.78,Monday,June
2023-06-06,Product_2,454.7,13,98.99,Books,5911.099999999999,Tuesday,June
2023-06-07,Product_2,445.29,13,92.87,Books,5788.77,Wednesday,June
2023-06-08,Product_2,576.86,17,86.07,Toys,9806.62,Thursday,June
2023-06-09,Product_2,547.03,16,21.05,Clothing,8752.48,Friday,June
2023-06-10,Product_2,548.24,16,71.25,Electronics,8771.84,Saturday,June
2023-06-11,Product_2,432.61,12,75.58,Toys,5191.32,Sunday,June
2023-06-12,Product_2,411.98,12,47.24,Books,4943.76,Monday,June
2023-06-13,Product_2,502.91,14,84.16,Clothing,7040.740000000001,Tuesday,June
2023-06-14,Product_2,447.72,13,43.92,Toys,5820.360000000001,Wednesday,June
2023-06-15,Product_2,523.68,15,61.63,Toys,7855.199999999999,Thursday,June
2023-06-16,Product_2,520.53,15,81.22,Clothing,7807.95,Friday,June
2023-06-17,Product_2,470.88,14,58.7,Clothing,6592.32,Saturday,June
2023-06-18,Product_2,445.44,13,37.03,Electronics,5790.72,Sunday,June
2023-06-19,Product_2,485.12,14,46.25,Toys,6791.68,Monday,June
2023-06-20,Product_2,503.29,14,91.44,Clothing,7046.06,Tuesday,June
2023-06-21,Product_2,503.99,15,30.29,Electronics,7559.85,Wednesday,June
2023-06-22,Product_2,477.75,14,89.79,Food,6688.5,Thursday,June
2023-06-23,Product_2,512.45,15,73.69,Toys,7686.750000000001,Friday,June
2023-06-24,Product_2,459.84,13,97.8,Toys,5977.92,Saturday,June
2023-06-25,Product_2,477.12,14,66.9,Books,6679.68,Sunday,June
2023-06-26,Product_2,490.6,14,80.36,Toys,6868.400000000001,Monday,June
2023-06-27,Product_2,505.6,15,75.69,Books,7584.0,Tuesday,June
2023-06-28,Product_2,434.55,12,93.23,Books,5214.6,Wednesday,June
2023-06-29,Product_2,507.93,15,90.29,Food,7618.95,Thursday,June
2023-06-30,Product_2,524.28,15,58.63,Books,7864.2,Friday,June
2023-07-01,Product_2,470.63,14,42.28,Books,6588.82,Saturday,July
2023-07-02,Product_2,515.58,15,43.17,Food,7733.700000000001,Sunday,July
2023-07-03,Product_2,491.14,14,76.38,Clothing,6875.96,Monday,July
2023-07-04,Product_2,472.57,14,83.93,Books,6615.98,Tuesday,July
2023-07-05,Product_2,514.85,15,82.26,Electronics,7722.75,Wednesday,July
2023-07-06,Product_2,510.67,15,94.7,Food,7660.05,Thursday,July
2023-07-07,Product_2,529.71,15,32.9,Electronics,7945.650000000001,Friday,July
2023-07-08,Product_2,452.04,13,77.61,Toys,5876.52,Saturday,July
2023-07-09,Product_2,447.6,13,94.56,Toys,5818.8,Sunday,July
2023-07-10,Product_2,447.14,13,39.53,Toys,5812.82,Monday,July
2023-07-11,Product_2,431.35,12,68.59,Books,5176.200000000001,Tuesday,July
2023-07-12,Product_2,484.76,14,89.47,Food,6786.639999999999,Wednesday,July
2023-07-13,Product_2,511.19,15,96.21,Clothing,7667.85,Thursday,July
2023-07-14,Product_2,477.91,14,97.35,Electronics,6690.740000000001,Friday,July
2023-07-15,Product_2,523.23,15,88.62,Clothing,7848.450000000001,Saturday,July
2023-07-16,Product_2,519.45,15,62.31,Electronics,7791.750000000001,Sunday,July
2023-07-17,Product_2,418.15,12,25.67,Books,5017.799999999999,Monday,July
2023-07-18,Product_2,463.2,13,88.13,Electronics,6021.599999999999,Tuesday,July
2023-07-19,Product_2,438.48,13,25.38,Books,5700.24,Wednesday,July
2023-07-20,Product_2,431.79,12,64.96,Food,5181.4800000000005,Thursday,July
2023-07-21,Product_2,527.06,15,30.35,Electronics,7905.9,Friday,July
2023-07-22,Product_2,441.32,13,66.36,Books,5737.16,Saturday,July
2023-07-23,Product_2,439.36,13,51.08,Books,5711.68,Sunday,July
2023-07-24,Product_2,433.78,12,69.88,Clothing,5205.36,Monday,July
2023-07-25,Product_2,455.42,13,84.88,Electronics,5920.46,Tuesday,July
2023-07-26,Product_2,460.81,13,82.7,Clothing,5990.53,Wednesday,July
2023-07-27,Product_2,459.73,13,43.51,Books,5976.49,Thursday,July
2023-07-28,Product_2,575.4,17,29.66,Food,9781.8,Friday,July
2023-07-29,Product_2,538.35,16,47.92,Clothing,8613.6,Saturday,July
2023-07-30,Product_2,472.28,14,61.54,Clothing,6611.92,Sunday,July
2023-07-31,Product_2,450.24,13,92.69,Toys,5853.12,Monday,July
2023-08-01,Product_2,471.12,14,76.44,Toys,6595.68,Tuesday,August
2023-08-02,Product_2,414.48,12,40.2,Food,4973.76,Wednesday,August
2023-08-03,Product_2,488.13,14,97.5,Books,6833.82,Thursday,August
2023-08-04,Product_2,474.64,14,84.17,Clothing,6644.96,Friday,August
2023-08-05,Product_2,452.55,13,96.47,Food,5883.150000000001,Saturday,August
2023-08-06,Product_2,443.56,13,41.97,Clothing,5766.28,Sunday,August
2023-08-07,Product_2,398.7,11,77.64,Clothing,4385.7,Monday,August
2023-08-08,Product_2,626.75,18,71.53,Clothing,11281.5,Tuesday,August
2023-08-09,Product_2,453.58,13,92.73,Toys,5896.54,Wednesday,August
2023-08-10,Product_2,491.42,14,97.9,Food,6879.88,Thursday,August
2023-08-11,Product_2,503.8,14,99.48,Clothing,7053.2,Friday,August
2023-08-12,Product_2,443.97,13,46.15,Electronics,5771.610000000001,Saturday,August
2023-08-13,Product_2,425.52,12,74.55,Food,5106.24,Sunday,August
2023-08-14,Product_2,405.56,12,58.75,Electronics,4866.72,Monday,August
2023-08-15,Product_2,470.23,13,95.72,Food,6112.99,Tuesday,August
2023-08-16,Product_2,456.28,13,30.1,Books,5931.639999999999,Wednesday,August
2023-08-17,Product_2,496.33,14,99.34,Electronics,6948.62,Thursday,August
2023-08-18,Product_2,448.12,13,89.58,Food,5825.56,Friday,August
2023-08-19,Product_2,427.14,12,21.22,Toys,5125.68,Saturday,August
2023-08-20,Product_2,461.07,13,20.49,Food,5993.91,Sunday,August
2023-08-21,Product_2,461.46,13,77.49,Toys,5998.98,Monday,August
2023-08-22,Product_2,436.91,13,34.66,Electronics,5679.83,Tuesday,August
2023-08-23,Product_2,488.15,14,32.41,Toys,6834.099999999999,Wednesday,August
2023-08-24,Product_2,471.75,14,58.14,Toys,6604.5,Thursday,August
2023-08-25,Product_2,478.23,14,28.26,Food,6695.22,Friday,August
2023-08-26,Product_2,470.71,14,51.3,Toys,6589.94,Saturday,August
2023-08-27,Product_2,462.85,13,93.48,Clothing,6017.05,Sunday,August
2023-08-28,Product_2,441.87,13,54.88,Books,5744.31,Monday,August
2023-08-29,Product_2,431.28,12,85.98,Electronics,5175.36,Tuesday,August
2023-08-30,Product_2,481.68,14,24.15,Books,6743.52,Wednesday,August
2023-08-31,Product_2,503.24,14,98.57,Toys,7045.360000000001,Thursday,August
2023-09-01,Product_2,509.6,15,80.19,Clothing,7644.0,Friday,September
2023-09-02,Product_2,452.11,13,58.29,Books,5877.43,Saturday,September
2023-09-03,Product_2,440.53,13,60.45,Toys,5726.889999999999,Sunday,September
2023-09-04,Product_2,445.77,13,77.02,Food,5795.01,Monday,September
2023-09-05,Product_2,476.15,14,44.1,Clothing,6666.099999999999,Tuesday,September
2023-09-06,Product_2,436.79,13,87.27,Toys,5678.27,Wednesday,September
2023-09-07,Product_2,443.8,13,73.01,Food,5769.400000000001,Thursday,September
2023-09-08,Product_2,411.04,12,22.15,Food,4932.4800000000005,Friday,September
2023-09-09,Product_2,452.58,13,85.65,Clothing,5883.54,Saturday,September
2023-09-10,Product_2,405.7,12,22.53,Clothing,4868.4,Sunday,September
2023-09-11,Product_2,451.71,13,51.38,Clothing,5872.23,Monday,September
2023-09-12,Product_2,459.2,13,72.12,Food,5969.599999999999,Tuesday,September
2023-09-13,Product_2,465.61,13,74.54,Books,6052.93,Wednesday,September
2023-09-14,Product_2,497.17,14,79.57,Clothing,6960.38,Thursday,September
2023-09-15,Product_2,461.58,13,44.08,Clothing,6000.54,Friday,September
2023-09-16,Product_2,438.83,13,33.39,Electronics,5704.79,Saturday,September
2023-09-17,Product_2,428.41,12,94.0,Electronics,5140.92,Sunday,September
2023-09-18,Product_2,436.68,12,57.32,Electronics,5240.16,Monday,September
2023-09-19,Product_2,411.11,12,99.92,Toys,4933.32,Tuesday,September
2023-09-20,Product_2,459.72,13,25.05,Books,5976.360000000001,Wednesday,September
2023-09-21,Product_2,408.98,12,69.23,Clothing,4907.76,Thursday,September
2023-09-22,Product_2,431.2,12,60.78,Books,5174.4,Friday,September
2023-09-23,Product_2,442.75,13,67.5,Books,5755.75,Saturday,September
2023-09-24,Product_2,398.64,11,91.7,Clothing,4385.04,Sunday,September
2023-09-25,Product_2,408.78,12,37.92,Electronics,4905.36,Monday,September
2023-09-26,Product_2,437.88,13,89.91,Food,5692.44,Tuesday,September
2023-09-27,Product_2,462.94,13,73.27,Toys,6018.22,Wednesday,September
2023-09-28,Product_2,458.88,13,81.29,Electronics,5965.44,Thursday,September
2023-09-29,Product_2,455.27,13,62.21,Food,5918.51,Friday,September
2023-09-30,Product_2,472.34,14,57.83,Toys,6612.759999999999,Saturday,September
2023-10-01,Product_2,369.35,10,27.21,Toys,3693.5,Sunday,October
2023-10-02,Product_2,393.55,11,39.62,Books,4329.05,Monday,October
2023-10-03,Product_2,394.74,11,93.34,Clothing,4342.14,Tuesday,October
2023-10-04,Product_2,426.86,12,52.88,Books,5122.32,Wednesday,October
2023-10-05,Product_2,385.44,11,94.53,Books,4239.84,Thursday,October
2023-10-06,Product_2,465.7,13,28.32,Clothing,6054.099999999999,Friday,October
2023-10-07,Product_2,390.72,11,70.43,Food,4297.92,Saturday,October
2023-10-08,Product_2,439.63,13,98.9,Food,5715.19,Sunday,October
2023-10-09,Product_2,389.48,11,85.65,Food,4284.280000000001,Monday,October
2023-10-10,Product_2,402.52,11,50.23,Clothing,4427.719999999999,Tuesday,October
2023-10-11,Product_2,419.61,12,26.77,Clothing,5035.32,Wednesday,October
2023-10-12,Product_2,481.49,14,33.56,Books,6740.860000000001,Thursday,October
2023-10-13,Product_2,517.36,15,52.51,Electronics,7760.400000000001,Friday,October
2023-10-14,Product_2,467.94,13,67.5,Clothing,6083.22,Saturday,October
2023-10-15,Product_2,451.75,13,85.48,Electronics,5872.75,Sunday,October
2023-10-16,Product_2,429.05,12,94.84,Electronics,5148.6,Monday,October
2023-10-17,Product_2,438.69,13,40.16,Electronics,5702.97,Tuesday,October
2023-10-18,Product_2,416.03,12,36.21,Clothing,4992.36,Wednesday,October
2023-10-19,Product_2,437.63,13,70.24,Toys,5689.19,Thursday,October
2023-10-20,Product_2,448.92,13,73.02,Books,5835.96,Friday,October
2023-10-21,Product_2,466.88,13,39.71,Clothing,6069.44,Saturday,October
2023-10-22,Product_2,398.53,11,73.98,Clothing,4383.83,Sunday,October
2023-10-23,Product_2,459.51,13,83.77,Toys,5973.63,Monday,October
2023-10-24,Product_2,414.36,12,45.3,Electronics,4972.32,Tuesday,October
2023-10-25,Product_2,408.1,12,98.68,Electronics,4897.200000000001,Wednesday,October
2023-10-26,Product_2,459.08,13,32.11,Books,5968.04,Thursday,October
2023-10-27,Product_2,472.07,14,59.83,Electronics,6608.98,Friday,October
2023-10-28,Product_2,415.06,12,97.64,Books,4980.72,Saturday,October
2023-10-29,Product_2,439.39,13,94.46,Books,5712.07,Sunday,October
2023-10-30,Product_2,425.93,12,92.97,Clothing,5111.16,Monday,October
2023-10-31,Product_2,385.37,11,22.67,Toys,4239.07,Tuesday,October
2023-11-01,Product_2,419.1,12,21.02,Clothing,5029.200000000001,Wednesday,November
2023-11-02,Product_2,457.92,13,70.86,Books,5952.96,Thursday,November
2023-11-03,Product_2,468.47,13,58.35,Toys,6090.110000000001,Friday,November
2023-11-04,Product_2,425.04,12,34.48,Food,5100.4800000000005,Saturday,November
2023-11-05,Product_2,434.2,12,27.59,Toys,5210.4,Sunday,November
2023-11-06,Product_2,410.08,12,84.94,Food,4920.96,Monday,November
2023-11-07,Product_2,447.33,13,75.84,Food,5815.29,Tuesday,November
2023-11-08,Product_2,454.32,13,30.92,Food,5906.16,Wednesday,November
2023-11-09,Product_2,458.59,13,53.54,Food,5961.67,Thursday,November
2023-11-10,Product_2,524.79,15,59.76,Clothing,7871.849999999999,Friday,November
2023-11-11,Product_2,476.41,14,71.0,Electronics,6669.740000000001,Saturday,November
2023-11-12,Product_2,442.46,13,68.82,Toys,5751.98,Sunday,November
2023-11-13,Product_2,433.02,12,66.44,Books,5196.24,Monday,November
2023-11-14,Product_2,473.86,14,57.43,Books,6634.04,Tuesday,November
2023-11-15,Product_2,453.69,13,52.5,Clothing,5897.97,Wednesday,November
2023-11-16,Product_2,422.98,12,45.65,Books,5075.76,Thursday,November
2023-11-17,Product_2,523.92,15,55.6,Electronics,7858.799999999999,Friday,November
2023-11-18,Product_2,433.33,12,49.22,Food,5199.96,Saturday,November
2023-11-19,Product_2,473.91,14,92.84,Toys,6634.740000000001,Sunday,November
2023-11-20,Product_2,459.12,13,98.34,Electronics,5968.56,Monday,November
2023-11-21,Product_2,418.42,12,30.82,Food,5021.04,Tuesday,November
2023-11-22,Product_2,461.53,13,27.8,Electronics,5999.889999999999,Wednesday,November
2023-11-23,Product_2,472.6,14,69.23,Electronics,6616.400000000001,Thursday,November
2023-11-24,Product_2,455.57,13,87.65,Toys,5922.41,Friday,November
2023-11-25,Product_2,487.13,14,59.17,Clothing,6819.82,Saturday,November
2023-11-26,Product_2,440.83,13,30.31,Electronics,5730.79,Sunday,November
2023-11-27,Product_2,417.47,12,49.48,Food,5009.64,Monday,November
2023-11-28,Product_2,404.21,12,31.7,Food,4850.5199999999995,Tuesday,November
2023-11-29,Product_2,503.6,14,41.28,Clothing,7050.400000000001,Wednesday,November
2023-11-30,Product_2,502.64,14,29.76,Clothing,7036.96,Thursday,November
2023-12-01,Product_2,464.44,13,57.74,Toys,6037.72,Friday,December
2023-12-02,Product_2,484.3,14,74.76,Toys,6780.2,Saturday,December
2023-12-03,Product_2,517.39,15,79.75,Food,7760.849999999999,Sunday,December
2023-12-04,Product_2,499.47,14,77.67,Toys,6992.58,Monday,December
2023-12-05,Product_2,480.56,14,48.52,Food,6727.84,Tuesday,December
2023-12-06,Product_2,463.03,13,46.0,Books,6019.389999999999,Wednesday,December
2023-12-07,Product_2,486.11,14,39.22,Toys,6805.54,Thursday,December
2023-12-08,Product_2,505.06,15,94.0,Electronics,7575.9,Friday,December
2023-12-09,Product_2,499.47,14,79.16,Toys,6992.58,Saturday,December
2023-12-10,Product_2,444.74,13,92.69,Books,5781.62,Sunday,December
2023-12-11,Product_2,453.01,13,50.92,Clothing,5889.13,Monday,December
2023-12-12,Product_2,415.67,12,75.23,Books,4988.04,Tuesday,December
2023-12-13,Product_2,500.76,14,61.39,Food,7010.639999999999,Wednesday,December
2023-12-14,Product_2,505.31,15,47.9,Toys,7579.65,Thursday,December
2023-12-15,Product_2,484.8,14,74.01,Food,6787.2,Friday,December
2023-12-16,Product_2,500.69,14,22.53,Food,7009.66,Saturday,December
2023-12-17,Product_2,473.32,14,75.04,Toys,6626.48,Sunday,December
2023-12-18,Product_2,422.15,12,49.51,Books,5065.799999999999,Monday,December
2023-12-19,Product_2,455.89,13,76.42,Electronics,5926.57,Tuesday,December
2023-12-20,Product_2,472.01,14,72.73,Clothing,6608.139999999999,Wednesday,December
2023-12-21,Product_2,561.46,16,90.86,Books,8983.36,Thursday,December
2023-12-22,Product_2,537.2,15,42.53,Electronics,8058.000000000001,Friday,December
2023-12-23,Product_2,509.26,15,76.87,Books,7638.9,Saturday,December
2023-12-24,Product_2,526.54,15,30.88,Books,7898.099999999999,Sunday,December
2023-12-25,Product_2,489.47,14,99.99,Books,6852.58,Monday,December
2023-12-26,Product_2,450.69,13,69.44,Electronics,5858.97,Tuesday,December
2023-12-27,Product_2,495.03,14,86.9,Books,6930.42,Wednesday,December
2023-12-28,Product_2,469.01,13,76.17,Food,6097.13,Thursday,December
2023-12-29,Product_2,466.03,13,42.93,Clothing,6058.389999999999,Friday,December
2023-12-30,Product_2,525.02,15,32.84,Electronics,7875.299999999999,Saturday,December
2023-12-31,Product_2,463.7,13,91.68,Food,6028.099999999999,Sunday,December
2024-01-01,Product_2,514.33,15,72.66,Clothing,7714.950000000001,Monday,January
2024-01-02,Product_2,497.17,14,89.21,Toys,6960.38,Tuesday,January
2024-01-03,Product_2,536.71,15,75.83,Books,8050.650000000001,Wednesday,January
2024-01-04,Product_2,555.85,16,48.14,Books,8893.6,Thursday,January
2024-01-05,Product_2,518.42,15,81.95,Toys,7776.299999999999,Friday,January
2024-01-06,Product_2,557.06,16,27.69,Food,8912.96,Saturday,January
2024-01-07,Product_2,478.07,14,38.01,Clothing,6692.98,Sunday,January
2024-01-08,Product_2,509.95,15,45.25,Food,7649.25,Monday,January
2024-01-09,Product_2,469.76,13,95.66,Books,6106.88,Tuesday,January
2024-01-10,Product_2,544.28,16,26.01,Books,8708.48,Wednesday,January
2024-01-11,Product_2,506.22,15,71.58,Electronics,7593.3,Thursday,January
2024-01-12,Product_2,527.57,15,43.98,Books,7913.550000000001,Friday,January
2024-01-13,Product_2,553.11,16,98.09,Toys,8849.76,Saturday,January
2024-01-14,Product_2,509.62,15,76.26,Toys,7644.3,Sunday,January
2024-01-15,Product_2,528.07,15,63.05,Toys,7921.050000000001,Monday,January
2024-01-16,Product_2,524.99,15,57.93,Clothing,7874.85,Tuesday,January
2024-01-17,Product_2,555.3,16,92.13,Food,8884.8,Wednesday,January
2024-01-18,Product_2,561.55,16,47.52,Books,8984.8,Thursday,January
2024-01-19,Product_2,516.97,15,63.35,Electronics,7754.55,Friday,January
2024-01-20,Product_2,558.53,16,94.32,Books,8936.48,Saturday,January
2024-01-21,Product_2,490.34,14,52.87,Electronics,6864.759999999999,Sunday,January
2024-01-22,Product_2,520.7,15,24.7,Electronics,7810.500000000001,Monday,January
2024-01-23,Product_2,541.31,16,76.57,Electronics,8660.96,Tuesday,January
2024-01-24,Product_2,485.43,14,63.94,Books,6796.02,Wednesday,January
2024-01-25,Product_2,565.43,16,56.15,Books,9046.88,Thursday,January
2024-01-26,Product_2,562.33,16,78.23,Food,8997.28,Friday,January
2024-01-27,Product_2,577.83,17,75.23,Books,9823.11,Saturday,January
2024-01-28,Product_2,543.3,16,39.76,Electronics,8692.8,Sunday,January
2024-01-29,Product_2,504.34,15,38.33,Electronics,7565.099999999999,Monday,January
2024-01-30,Product_2,500.03,14,27.06,Electronics,7000.42,Tuesday,January
2024-01-31,Product_2,526.39,15,86.57,Electronics,7895.849999999999,Wednesday,January
2024-02-01,Product_2,513.89,15,23.27,Electronics,7708.349999999999,Thursday,February
2024-02-02,Product_2,606.84,18,26.14,Food,10923.12,Friday,February
2024-02-03,Product_2,473.24,14,23.26,Clothing,6625.360000000001,Saturday,February
2024-02-04,Product_2,537.08,15,58.36,Electronics,8056.200000000001,Sunday,February
2024-02-05,Product_2,527.08,15,97.12,Toys,7906.200000000001,Monday,February
2024-02-06,Product_2,504.3,15,73.03,Books,7564.5,Tuesday,February
2024-02-07,Product_2,532.45,15,34.13,Food,7986.750000000001,Wednesday,February
2024-02-08,Product_2,561.3,16,68.43,Books,8980.8,Thursday,February
2024-02-09,Product_2,574.45,17,61.82,Toys,9765.650000000001,Friday,February
2024-02-10,Product_2,602.22,17,67.94,Electronics,10237.74,Saturday,February
2024-02-11,Product_2,498.27,14,60.9,Electronics,6975.78,Sunday,February
2024-02-12,Product_2,504.8,15,47.48,Books,7572.0,Monday,February
2024-02-13,Product_2,513.43,15,25.42,Food,7701.449999999999,Tuesday,February
2024-02-14,Product_2,544.72,16,73.02,Books,8715.52,Wednesday,February
2024-02-15,Product_2,551.16,16,40.77,Toys,8818.56,Thursday,February
2024-02-16,Product_2,514.54,15,51.27,Clothing,7718.099999999999,Friday,February
2024-02-17,Product_2,522.77,15,94.1,Clothing,7841.549999999999,Saturday,February
2024-02-18,Product_2,609.9,18,51.12,Electronics,10978.199999999999,Sunday,February
2024-02-19,Product_2,532.72,15,76.68,Electronics,7990.8,Monday,February
2024-02-20,Product_2,578.16,17,21.22,Food,9828.72,Tuesday,February
2024-02-21,Product_2,555.72,16,68.86,Electronics,8891.52,Wednesday,February
2024-02-22,Product_2,548.46,16,56.55,Food,8775.36,Thursday,February
2024-02-23,Product_2,560.09,16,72.86,Toys,8961.44,Friday,February
2024-02-24,Product_2,532.61,15,68.31,Toys,7989.150000000001,Saturday,February
2024-02-25,Product_2,530.07,15,50.67,Toys,7951.050000000001,Sunday,February
2024-02-26,Product_2,499.98,14,89.99,Toys,6999.72,Monday,February
2024-02-27,Product_2,510.86,15,59.89,Clothing,7662.900000000001,Tuesday,February
2024-02-28,Product_2,519.75,15,32.6,Electronics,7796.25,Wednesday,February
2024-02-29,Product_2,556.3,16,99.03,Books,8900.8,Thursday,February
2024-03-01,Product_2,592.61,17,60.67,Books,10074.37,Friday,March
2024-03-02,Product_2,585.44,17,31.14,Food,9952.480000000001,Saturday,March
2024-03-03,Product_2,574.45,17,71.04,Food,9765.650000000001,Sunday,March
2024-03-04,Product_2,521.7,15,40.21,Electronics,7825.500000000001,Monday,March
2024-03-05,Product_2,505.27,15,23.0,Books,7579.049999999999,Tuesday,March
2024-03-06,Product_2,580.12,17,95.35,Clothing,9862.04,Wednesday,March
2024-03-07,Product_2,647.34,19,99.3,Clothing,12299.460000000001,Thursday,March
2024-03-08,Product_2,574.92,17,81.61,Books,9773.64,Friday,March
2024-03-09,Product_2,586.57,17,45.09,Electronics,9971.69,Saturday,March
2024-03-10,Product_2,547.92,16,80.69,Books,8766.72,Sunday,March
2024-03-11,Product_2,574.29,17,79.99,Toys,9762.93,Monday,March
2024-03-12,Product_2,505.74,15,67.4,Books,7586.1,Tuesday,March
2024-03-13,Product_2,557.14,16,26.87,Food,8914.24,Wednesday,March
2024-03-14,Product_2,603.72,17,62.98,Electronics,10263.24,Thursday,March
2024-03-15,Product_2,569.47,16,56.1,Clothing,9111.52,Friday,March
2024-03-16,Product_2,556.48,16,68.14,Clothing,8903.68,Saturday,March
2024-03-17,Product_2,542.33,16,98.28,Books,8677.28,Sunday,March
2024-03-18,Product_2,520.24,15,44.1,Food,7803.6,Monday,March
2024-03-19,Product_2,552.68,16,27.13,Food,8842.88,Tuesday,March
2024-03-20,Product_2,552.26,16,83.4,Books,8836.16,Wednesday,March
2024-03-21,Product_2,537.76,16,42.16,Books,8604.16,Thursday,March
2024-03-22,Product_2,589.21,17,53.95,Food,10016.57,Friday,March
2024-03-23,Product_2,564.22,16,79.96,Toys,9027.52,Saturday,March
2024-03-24,Product_2,595.38,17,39.22,Clothing,10121.46,Sunday,March
2024-03-25,Product_2,554.9,16,54.16,Food,8878.4,Monday,March
2024-03-26,Product_2,534.57,15,84.09,Clothing,8018.550000000001,Tuesday,March
2024-03-27,Product_2,595.0,17,77.24,Toys,10115.0,Wednesday,March
2024-03-28,Product_2,585.62,17,91.53,Electronics,9955.54,Thursday,March
2024-03-29,Product_2,605.36,18,37.13,Clothing,10896.48,Friday,March
2024-03-30,Product_2,573.56,17,20.25,Toys,9750.519999999999,Saturday,March
2024-03-31,Product_2,508.61,15,78.34,Toys,7629.150000000001,Sunday,March
2024-04-01,Product_2,538.31,16,48.43,Food,8612.96,Monday,April
2024-04-02,Product_2,525.52,15,79.07,Toys,7882.799999999999,Tuesday,April
2024-04-03,Product_2,582.56,17,33.85,Electronics,9903.519999999999,Wednesday,April
2024-04-04,Product_2,577.04,17,41.61,Food,9809.68,Thursday,April
2024-04-05,Product_2,607.73,18,47.82,Books,10939.14,Friday,April
2024-04-06,Product_2,536.92,15,77.57,Clothing,8053.799999999999,Saturday,April
2024-04-07,Product_2,543.64,16,67.31,Toys,8698.24,Sunday,April
2024-04-08,Product_2,536.94,15,65.82,Food,8054.1,Monday,April
2024-04-09,Product_2,503.58,14,43.79,Clothing,7050.12,Tuesday,April
2024-04-10,Product_2,554.06,16,82.5,Clothing,8864.96,Wednesday,April
2024-04-11,Product_2,591.96,17,82.76,Toys,10063.32,Thursday,April
2024-04-12,Product_2,596.53,17,84.13,Clothing,10141.01,Friday,April
2024-04-13,Product_2,586.41,17,38.98,Books,9968.97,Saturday,April
2024-04-14,Product_2,520.66,15,66.25,Clothing,7809.9,Sunday,April
2024-04-15,Product_2,563.56,16,29.77,Food,9016.96,Monday,April
2024-04-16,Product_2,554.27,16,85.33,Electronics,8868.32,Tuesday,April
2024-04-17,Product_2,548.0,16,39.04,Books,8768.0,Wednesday,April
2024-04-18,Product_2,631.83,18,98.75,Electronics,11372.94,Thursday,April
2024-04-19,Product_2,599.34,17,32.62,Books,10188.78,Friday,April
2024-04-20,Product_2,595.39,17,81.93,Electronics,10121.63,Saturday,April
2024-04-21,Product_2,566.85,16,46.33,Clothing,9069.6,Sunday,April
2024-04-22,Product_2,542.95,16,47.11,Electronics,8687.2,Monday,April
2024-04-23,Product_2,618.63,18,42.29,Toys,11135.34,Tuesday,April
2024-04-24,Product_2,537.73,16,41.44,Toys,8603.68,Wednesday,April
2024-04-25,Product_2,593.3,17,29.05,Toys,10086.099999999999,Thursday,April
2024-04-26,Product_2,571.9,17,20.23,Clothing,9722.3,Friday,April
2024-04-27,Product_2,563.18,16,92.29,Clothing,9010.88,Saturday,April
2024-04-28,Product_2,608.05,18,79.06,Toys,10944.9,Sunday,April
2024-04-29,Product_2,659.67,19,28.76,Books,12533.73,Monday,April
2024-04-30,Product_2,500.41,14,70.06,Books,7005.740000000001,Tuesday,April
2024-05-01,Product_2,549.43,16,70.53,Electronics,8790.88,Wednesday,May
2024-05-02,Product_2,564.16,16,92.19,Food,9026.56,Thursday,May
2024-05-03,Product_2,589.05,17,35.42,Books,10013.849999999999,Friday,May
2024-05-04,Product_2,533.58,15,67.84,Food,8003.700000000001,Saturday,May
2024-05-05,Product_2,487.02,14,27.57,Food,6818.28,Sunday,May
2024-05-06,Product_2,520.95,15,41.8,Toys,7814.250000000001,Monday,May
2024-05-07,Product_2,551.39,16,52.78,Books,8822.24,Tuesday,May
2024-05-08,Product_2,522.25,15,43.81,Food,7833.75,Wednesday,May
2024-05-09,Product_2,602.49,17,25.94,Electronics,10242.33,Thursday,May
2024-05-10,Product_2,563.97,16,38.04,Clothing,9023.52,Friday,May
2024-05-11,Product_2,559.1,16,98.75,Toys,8945.6,Saturday,May
2024-05-12,Product_2,568.18,16,46.11,Clothing,9090.88,Sunday,May
2024-05-13,Product_2,492.12,14,58.01,Clothing,6889.68,Monday,May
2024-05-14,Product_2,523.22,15,98.4,Electronics,7848.3,Tuesday,May
2024-05-15,Product_2,588.54,17,23.85,Toys,10005.18,Wednesday,May
2024-05-16,Product_2,617.63,18,26.71,Electronics,11117.34,Thursday,May
2024-05-17,Product_2,537.51,16,29.79,Food,8600.16,Friday,May
2024-05-18,Product_2,600.02,17,79.16,Food,10200.34,Saturday,May
2024-05-19,Product_2,504.76,15,55.88,Food,7571.4,Sunday,May
2024-05-20,Product_2,522.83,15,34.93,Books,7842.450000000001,Monday,May
2024-05-21,Product_2,513.35,15,48.22,Toys,7700.25,Tuesday,May
2024-05-22,Product_2,464.6,13,45.06,Electronics,6039.8,Wednesday,May
2024-05-23,Product_2,585.17,17,21.03,Electronics,9947.89,Thursday,May
2024-05-24,Product_2,582.1,17,74.55,Electronics,9895.7,Friday,May
2024-05-25,Product_2,533.4,15,55.25,Books,8001.0,Saturday,May
2024-05-26,Product_2,583.32,17,98.44,Food,9916.44,Sunday,May
2024-05-27,Product_2,481.54,14,47.62,Toys,6741.56,Monday,May
2024-05-28,Product_2,543.62,16,26.91,Toys,8697.92,Tuesday,May
2024-05-29,Product_2,578.18,17,76.13,Toys,9829.06,Wednesday,May
2024-05-30,Product_2,554.56,16,94.57,Food,8872.96,Thursday,May
2024-05-31,Product_2,530.51,15,54.03,Toys,7957.65,Friday,May
2024-06-01,Product_2,508.64,15,71.2,Books,7629.599999999999,Saturday,June
2024-06-02,Product_2,494.62,14,84.61,Food,6924.68,Sunday,June
2024-06-03,Product_2,536.63,15,94.67,Toys,8049.45,Monday,June
2024-06-04,Product_2,525.8,15,73.67,Toys,7886.999999999999,Tuesday,June
2024-06-05,Product_2,532.36,15,88.32,Books,7985.400000000001,Wednesday,June
2024-06-06,Product_2,535.92,15,57.78,Food,8038.799999999999,Thursday,June
2024-06-07,Product_2,513.89,15,54.64,Clothing,7708.349999999999,Friday,June
2024-06-08,Product_2,574.99,17,88.28,Electronics,9774.83,Saturday,June
2024-06-09,Product_2,544.89,16,76.02,Electronics,8718.24,Sunday,June
2024-06-10,Product_2,508.6,15,72.94,Books,7629.0,Monday,June
2024-06-11,Product_2,441.35,13,67.24,Clothing,5737.55,Tuesday,June
2024-06-12,Product_2,547.69,16,70.58,Toys,8763.04,Wednesday,June
2024-06-13,Product_2,507.96,15,28.25,Books,7619.4,Thursday,June
2024-06-14,Product_2,694.72,20,24.35,Clothing,13894.400000000001,Friday,June
2024-06-15,Product_2,591.1,17,66.86,Books,10048.7,Saturday,June
2024-06-16,Product_2,532.78,15,28.35,Toys,7991.7,Sunday,June
2024-06-17,Product_2,544.49,16,50.54,Food,8711.84,Monday,June
2024-06-18,Product_2,498.49,14,69.88,Toys,6978.860000000001,Tuesday,June
2024-06-19,Product_2,571.02,16,53.91,Toys,9136.32,Wednesday,June
2024-06-20,Product_2,605.91,18,26.68,Food,10906.38,Thursday,June
2024-06-21,Product_2,547.23,16,31.35,Food,8755.68,Friday,June
2024-06-22,Product_2,513.2,15,53.06,Electronics,7698.000000000001,Saturday,June
2024-06-23,Product_2,573.47,17,27.11,Toys,9748.99,Sunday,June
2024-06-24,Product_2,570.7,16,26.7,Toys,9131.2,Monday,June
2024-06-25,Product_2,497.79,14,88.49,Clothing,6969.06,Tuesday,June
2024-06-26,Product_2,492.08,14,64.81,Food,6889.12,Wednesday,June
2024-06-27,Product_2,565.66,16,84.06,Food,9050.56,Thursday,June
2024-06-28,Product_2,554.61,16,25.02,Toys,8873.76,Friday,June
2024-06-29,Product_2,543.67,16,62.1,Books,8698.72,Saturday,June
2024-06-30,Product_2,519.52,15,30.53,Food,7792.799999999999,Sunday,June
2024-07-01,Product_2,462.94,13,36.86,Clothing,6018.22,Monday,July
2024-07-02,Product_2,483.91,14,76.89,Food,6774.740000000001,Tuesday,July
2024-07-03,Product_2,503.16,14,43.14,Toys,7044.240000000001,Wednesday,July
2024-07-04,Product_2,500.52,14,44.82,Books,7007.28,Thursday,July
2024-07-05,Product_2,523.95,15,48.24,Food,7859.250000000001,Friday,July
2024-07-06,Product_2,515.31,15,99.09,Electronics,7729.65,Saturday,July
2024-07-07,Product_2,530.04,15,70.35,Electronics,7950.599999999999,Sunday,July
2024-07-08,Product_2,479.84,14,86.57,Electronics,6717.759999999999,Monday,July
2024-07-09,Product_2,525.39,15,31.84,Clothing,7880.849999999999,Tuesday,July
2024-07-10,Product_2,529.18,15,60.62,Electronics,7937.699999999999,Wednesday,July
2024-07-11,Product_2,500.1,14,95.09,Books,7001.400000000001,Thursday,July
2024-07-12,Product_2,507.38,15,44.47,Food,7610.7,Friday,July
2024-07-13,Product_2,529.75,15,36.48,Food,7946.25,Saturday,July
2024-07-14,Product_2,519.99,15,79.12,Books,7799.85,Sunday,July
2024-07-15,Product_2,525.34,15,61.39,Books,7880.1,Monday,July
2024-07-16,Product_2,514.2,15,72.0,Toys,7713.000000000001,Tuesday,July
2024-07-17,Product_2,554.23,16,38.64,Clothing,8867.68,Wednesday,July
2024-07-18,Product_2,575.86,17,45.96,Clothing,9789.62,Thursday,July
2024-07-19,Product_2,558.94,16,41.12,Food,8943.04,Friday,July
2024-07-20,Product_2,568.83,16,81.93,Food,9101.28,Saturday,July
2024-07-21,Product_2,521.59,15,62.8,Toys,7823.85,Sunday,July
2024-07-22,Product_2,519.88,15,80.17,Books,7798.2,Monday,July
2024-07-23,Product_2,499.17,14,22.6,Clothing,6988.38,Tuesday,July
2024-07-24,Product_2,515.04,15,32.16,Electronics,7725.599999999999,Wednesday,July
2024-07-25,Product_2,520.79,15,53.71,Books,7811.849999999999,Thursday,July
2024-07-26,Product_2,503.52,14,79.95,Food,7049.28,Friday,July
2024-07-27,Product_2,535.53,15,54.31,Books,8032.95,Saturday,July
2024-07-28,Product_2,507.77,15,20.52,Books,7616.549999999999,Sunday,July
2024-07-29,Product_2,464.59,13,25.72,Books,6039.67,Monday,July
2024-07-30,Product_2,484.45,14,97.17,Electronics,6782.3,Tuesday,July
2024-07-31,Product_2,495.62,14,36.35,Clothing,6938.68,Wednesday,July
2024-08-01,Product_2,483.53,14,42.36,Food,6769.42,Thursday,August
2024-08-02,Product_2,477.57,14,64.45,Food,6685.98,Friday,August
2024-08-03,Product_2,545.64,16,36.22,Food,8730.24,Saturday,August
2024-08-04,Product_2,501.01,14,62.44,Toys,7014.139999999999,Sunday,August
2024-08-05,Product_2,437.16,13,76.58,Food,5683.08,Monday,August
2024-08-06,Product_2,512.39,15,74.59,Toys,7685.849999999999,Tuesday,August
2024-08-07,Product_2,514.94,15,50.84,Electronics,7724.1,Wednesday,August
2024-08-08,Product_2,527.6,15,23.42,Toys,7914.0,Thursday,August
2024-08-09,Product_2,471.13,14,89.67,Electronics,6595.82,Friday,August
2024-08-10,Product_2,508.26,15,97.35,Clothing,7623.9,Saturday,August
2024-08-11,Product_2,483.69,14,47.53,Books,6771.66,Sunday,August
2024-08-12,Product_2,487.37,14,23.46,Books,6823.18,Monday,August
2024-08-13,Product_2,498.79,14,46.91,Toys,6983.06,Tuesday,August
2024-08-14,Product_2,533.72,15,35.66,Electronics,8005.8,Wednesday,August
2024-08-15,Product_2,493.83,14,54.1,Toys,6913.62,Thursday,August
2024-08-16,Product_2,546.82,16,25.59,Clothing,8749.12,Friday,August
2024-08-17,Product_2,531.01,15,75.81,Food,7965.15,Saturday,August
2024-08-18,Product_2,478.79,14,37.13,Clothing,6703.06,Sunday,August
2024-08-19,Product_2,481.88,14,92.22,Books,6746.32,Monday,August
2024-08-20,Product_2,488.05,14,21.7,Toys,6832.7,Tuesday,August
2024-08-21,Product_2,498.69,14,74.78,Books,6981.66,Wednesday,August
2024-08-22,Product_2,510.53,15,48.42,Books,7657.95,Thursday,August
2024-08-23,Product_2,541.88,16,53.08,Books,8670.08,Friday,August
2024-08-24,Product_2,487.07,14,78.12,Electronics,6818.98,Saturday,August
2024-08-25,Product_2,381.6,11,79.29,Books,4197.6,Sunday,August
2024-08-26,Product_2,405.39,12,38.1,Clothing,4864.68,Monday,August
2024-08-27,Product_2,485.13,14,82.92,Toys,6791.82,Tuesday,August
2024-08-28,Product_2,470.9,14,29.77,Books,6592.599999999999,Wednesday,August
2024-08-29,Product_2,517.83,15,20.98,Books,7767.450000000001,Thursday,August
2024-08-30,Product_2,449.1,13,45.54,Toys,5838.3,Friday,August
2024-08-31,Product_2,487.52,14,85.95,Books,6825.28,Saturday,August
2024-09-01,Product_2,440.53,13,83.14,Clothing,5726.889999999999,Sunday,September
2024-09-02,Product_2,473.45,14,22.18,Toys,6628.3,Monday,September
2024-09-03,Product_2,499.5,14,40.93,Food,6993.0,Tuesday,September
2024-09-04,Product_2,463.46,13,88.93,Electronics,6024.98,Wednesday,September
2024-09-05,Product_2,557.96,16,25.43,Books,8927.36,Thursday,September
2024-09-06,Product_2,500.86,14,87.59,Books,7012.04,Friday,September
2024-09-07,Product_2,439.52,13,61.56,Books,5713.76,Saturday,September
2024-09-08,Product_2,517.2,15,73.95,Toys,7758.000000000001,Sunday,September
2024-09-09,Product_2,454.88,13,97.59,Toys,5913.44,Monday,September
2024-09-10,Product_2,420.47,12,50.18,Clothing,5045.64,Tuesday,September
2024-09-11,Product_2,475.17,14,37.11,Food,6652.38,Wednesday,September
2024-09-12,Product_2,505.0,15,48.48,Books,7575.0,Thursday,September
2024-09-13,Product_2,480.38,14,20.43,Food,6725.32,Friday,September
2024-09-14,Product_2,517.53,15,45.42,Food,7762.95,Saturday,September
2024-09-15,Product_2,478.85,14,52.39,Toys,6703.900000000001,Sunday,September
2024-09-16,Product_2,472.05,14,63.86,Clothing,6608.7,Monday,September
2024-09-17,Product_2,471.51,14,68.47,Electronics,6601.139999999999,Tuesday,September
2024-09-18,Product_2,451.77,13,88.29,Books,5873.01,Wednesday,September
2024-09-19,Product_2,499.24,14,26.05,Books,6989.360000000001,Thursday,September
2024-09-20,Product_2,493.86,14,24.37,Food,6914.04,Friday,September
2024-09-21,Product_2,507.32,15,53.68,Toys,7609.8,Saturday,September
2024-09-22,Product_2,482.0,14,72.08,Clothing,6748.0,Sunday,September
2024-09-23,Product_2,466.31,13,22.4,Clothing,6062.03,Monday,September
2024-09-24,Product_2,462.36,13,57.58,Electronics,6010.68,Tuesday,September
2024-09-25,Product_2,444.45,13,30.92,Electronics,5777.849999999999,Wednesday,September
2024-09-26,Product_2,492.89,14,27.6,Toys,6900.46,Thursday,September
2024-09-27,Product_2,522.67,15,57.1,Clothing,7840.049999999999,Friday,September
2024-09-28,Product_2,514.37,15,42.36,Books,7715.55,Saturday,September
2024-09-29,Product_2,480.93,14,22.16,Clothing,6733.02,Sunday,September
2024-09-30,Product_2,476.92,14,23.1,Clothing,6676.88,Monday,September
2024-10-01,Product_2,472.26,14,46.67,Electronics,6611.639999999999,Tuesday,October
2024-10-02,Product_2,494.98,14,50.58,Electronics,6929.72,Wednesday,October
2024-10-03,Product_2,443.48,13,35.04,Electronics,5765.24,Thursday,October
2024-10-04,Product_2,497.93,14,22.33,Clothing,6971.02,Friday,October
2024-10-05,Product_2,515.38,15,77.6,Books,7730.7,Saturday,October
2024-10-06,Product_2,452.38,13,80.91,Electronics,5880.94,Sunday,October
2024-10-07,Product_2,402.48,11,84.47,Electronics,4427.280000000001,Monday,October
2024-10-08,Product_2,472.94,14,61.75,Food,6621.16,Tuesday,October
2024-10-09,Product_2,492.46,14,24.92,Clothing,6894.44,Wednesday,October
2024-10-10,Product_2,488.05,14,93.78,Books,6832.7,Thursday,October
2024-10-11,Product_2,498.0,14,52.34,Food,6972.0,Friday,October
2024-10-12,Product_2,526.69,15,34.94,Books,7900.35,Saturday,October
2024-10-13,Product_2,500.95,14,38.86,Books,7013.3,Sunday,October
2024-10-14,Product_2,490.27,14,25.2,Books,6863.78,Monday,October
2024-10-15,Product_2,455.85,13,51.75,Food,5926.05,Tuesday,October
2024-10-16,Product_2,457.52,13,36.39,Food,5947.76,Wednesday,October
2024-10-17,Product_2,484.39,14,56.2,Toys,6781.46,Thursday,October
2024-10-18,Product_2,506.6,15,57.49,Electronics,7599.0,Friday,October
2024-10-19,Product_2,472.24,14,72.57,Food,6611.360000000001,Saturday,October
2024-10-20,Product_2,527.18,15,91.42,Clothing,7907.699999999999,Sunday,October
2024-10-21,Product_2,482.2,14,71.6,Books,6750.8,Monday,October
2024-10-22,Product_2,442.14,13,51.96,Electronics,5747.82,Tuesday,October
2024-10-23,Product_2,469.75,13,76.64,Books,6106.75,Wednesday,October
2024-10-24,Product_2,494.83,14,49.52,Electronics,6927.62,Thursday,October
2024-10-25,Product_2,524.24,15,66.73,Toys,7863.6,Friday,October
2024-10-26,Product_2,500.16,14,35.18,Toys,7002.240000000001,Saturday,October
2024-10-27,Product_2,447.29,13,44.7,Food,5814.77,Sunday,October
2024-10-28,Product_2,463.54,13,21.0,Electronics,6026.02,Monday,October
2024-10-29,Product_2,431.38,12,44.91,Toys,5176.5599999999995,Tuesday,October
2024-10-30,Product_2,501.08,14,35.51,Electronics,7015.12,Wednesday,October
2024-10-31,Product_2,529.95,15,24.93,Toys,7949.250000000001,Thursday,October
2024-11-01,Product_2,543.23,16,29.64,Toys,8691.68,Friday,November
2024-11-02,Product_2,496.79,14,37.18,Food,6955.06,Saturday,November
2024-11-03,Product_2,535.16,15,69.81,Clothing,8027.4,Sunday,November
2024-11-04,Product_2,498.49,14,71.87,Toys,6978.860000000001,Monday,November
2024-11-05,Product_2,516.34,15,96.4,Books,7745.1,Tuesday,November
2024-11-06,Product_2,479.42,14,51.59,Electronics,6711.88,Wednesday,November
2024-11-07,Product_2,497.03,14,31.13,Books,6958.42,Thursday,November
2024-11-08,Product_2,516.53,15,36.21,Clothing,7747.95,Friday,November
2024-11-09,Product_2,502.29,14,81.4,Clothing,7032.06,Saturday,November
2024-11-10,Product_2,474.45,14,47.21,Toys,6642.3,Sunday,November
2024-11-11,Product_2,456.19,13,76.31,Food,5930.47,Monday,November
2024-11-12,Product_2,507.79,15,96.31,Books,7616.85,Tuesday,November
2024-11-13,Product_2,524.64,15,72.35,Toys,7869.599999999999,Wednesday,November
2024-11-14,Product_2,482.26,14,48.61,Toys,6751.639999999999,Thursday,November
2024-11-15,Product_2,516.74,15,85.84,Books,7751.1,Friday,November
2024-11-16,Product_2,507.95,15,85.53,Books,7619.25,Saturday,November
2024-11-17,Product_2,471.06,14,82.94,Books,6594.84,Sunday,November
2024-11-18,Product_2,494.56,14,66.77,Food,6923.84,Monday,November
2024-11-19,Product_2,439.58,13,78.21,Electronics,5714.54,Tuesday,November
2024-11-20,Product_2,484.9,14,98.82,Food,6788.599999999999,Wednesday,November
2024-11-21,Product_2,526.92,15,69.36,Food,7903.799999999999,Thursday,November
2024-11-22,Product_2,511.51,15,95.56,Toys,7672.65,Friday,November
2024-11-23,Product_2,553.41,16,29.3,Toys,8854.56,Saturday,November
2024-11-24,Product_2,496.33,14,85.14,Clothing,6948.62,Sunday,November
2024-11-25,Product_2,458.6,13,42.99,Toys,5961.8,Monday,November
2024-11-26,Product_2,473.14,14,66.51,Electronics,6623.96,Tuesday,November
2024-11-27,Product_2,520.66,15,92.7,Food,7809.9,Wednesday,November
2024-11-28,Product_2,541.64,16,73.1,Electronics,8666.24,Thursday,November
2024-11-29,Product_2,562.63,16,87.67,Food,9002.08,Friday,November
2024-11-30,Product_2,474.53,14,36.33,Food,6643.42,Saturday,November
2024-12-01,Product_2,533.8,15,54.28,Toys,8006.999999999999,Sunday,December
2024-12-02,Product_2,499.14,14,44.23,Toys,6987.96,Monday,December
2024-12-03,Product_2,492.2,14,74.65,Books,6890.8,Tuesday,December
2024-12-04,Product_2,485.28,14,81.04,Food,6793.92,Wednesday,December
2024-12-05,Product_2,550.55,16,94.46,Books,8808.8,Thursday,December
2024-12-06,Product_2,504.23,15,65.21,Food,7563.450000000001,Friday,December
2024-12-07,Product_2,556.5,16,85.35,Electronics,8904.0,Saturday,December
2024-12-08,Product_2,486.96,14,66.21,Food,6817.44,Sunday,December
2024-12-09,Product_2,536.31,15,87.41,Books,8044.65,Monday,December
2024-12-10,Product_2,490.14,14,94.71,Electronics,6861.96,Tuesday,December
2024-12-11,Product_2,502.95,14,80.74,Electronics,7041.3,Wednesday,December
2024-12-12,Product_2,502.83,14,74.03,Electronics,7039.62,Thursday,December
2024-12-13,Product_2,553.96,16,42.18,Toys,8863.36,Friday,December
2024-12-14,Product_2,492.22,14,21.55,Electronics,6891.08,Saturday,December
2024-12-15,Product_2,548.42,16,34.08,Clothing,8774.72,Sunday,December
2024-12-16,Product_2,470.35,14,58.07,Clothing,6584.900000000001,Monday,December
2024-12-17,Product_2,509.63,15,88.35,Electronics,7644.45,Tuesday,December
2024-12-18,Product_2,581.37,17,49.17,Books,9883.29,Wednesday,December
2024-12-19,Product_2,530.27,15,89.16,Electronics,7954.049999999999,Thursday,December
2024-12-20,Product_2,538.37,16,65.31,Clothing,8613.92,Friday,December
2024-12-21,Product_2,537.16,15,38.83,Books,8057.4,Saturday,December
2024-12-22,Product_2,550.99,16,52.5,Food,8815.84,Sunday,December
2024-12-23,Product_2,517.26,15,44.21,Books,7758.9,Monday,December
2024-12-24,Product_2,548.02,16,56.29,Clothing,8768.32,Tuesday,December
2024-12-25,Product_2,575.82,17,42.5,Clothing,9788.94,Wednesday,December
2024-12-26,Product_2,516.77,15,73.72,Food,7751.549999999999,Thursday,December
2024-12-27,Product_2,521.33,15,99.04,Clothing,7819.950000000001,Friday,December
2024-12-28,Product_2,572.55,17,47.89,Books,9733.349999999999,Saturday,December
2024-12-29,Product_2,489.88,14,43.0,Clothing,6858.32,Sunday,December
2024-12-30,Product_2,516.81,15,25.95,Clothing,7752.15,Monday,December
2024-12-31,Product_2,521.77,15,79.14,Toys,7826.549999999999,Tuesday,December
2020-01-01,Product_3,336.62,9,60.87,Toys,3029.58,Wednesday,January
2020-01-02,Product_3,373.54,10,78.5,Books,3735.4,Thursday,January
2020-01-03,Product_3,407.2,11,85.62,Clothing,4479.2,Friday,January
2020-01-04,Product_3,368.69,10,48.27,Food,3686.9,Saturday,January
2020-01-05,Product_3,378.22,10,73.65,Books,3782.2000000000003,Sunday,January
2020-01-06,Product_3,446.08,12,63.07,Toys,5352.96,Monday,January
2020-01-07,Product_3,370.29,10,92.18,Toys,3702.9,Tuesday,January
2020-01-08,Product_3,346.07,9,44.41,Food,3114.63,Wednesday,January
2020-01-09,Product_3,369.74,10,72.09,Toys,3697.4,Thursday,January
2020-01-10,Product_3,381.39,10,89.92,Food,3813.8999999999996,Friday,January
2020-01-11,Product_3,407.8,11,61.78,Clothing,4485.8,Saturday,January
2020-01-12,Product_3,373.44,10,59.45,Electronics,3734.4,Sunday,January
2020-01-13,Product_3,387.8,10,66.28,Toys,3878.0,Monday,January
2020-01-14,Product_3,350.54,9,29.51,Food,3154.86,Tuesday,January
2020-01-15,Product_3,414.27,11,96.64,Clothing,4556.969999999999,Wednesday,January
2020-01-16,Product_3,419.23,11,82.15,Toys,4611.530000000001,Thursday,January
2020-01-17,Product_3,373.79,10,48.18,Food,3737.9,Friday,January
2020-01-18,Product_3,383.46,10,83.44,Books,3834.6,Saturday,January
2020-01-19,Product_3,313.21,8,92.39,Toys,2505.68,Sunday,January
2020-01-20,Product_3,315.47,8,29.01,Food,2523.76,Monday,January
2020-01-21,Product_3,353.43,9,83.33,Clothing,3180.87,Tuesday,January
2020-01-22,Product_3,387.82,10,44.3,Books,3878.2,Wednesday,January
2020-01-23,Product_3,396.56,10,85.76,Books,3965.6,Thursday,January
2020-01-24,Product_3,345.46,9,66.83,Toys,3109.14,Friday,January
2020-01-25,Product_3,354.34,9,71.1,Books,3189.06,Saturday,January
2020-01-26,Product_3,441.84,12,85.41,Clothing,5302.08,Sunday,January
2020-01-27,Product_3,353.1,9,99.45,Clothing,3177.9,Monday,January
2020-01-28,Product_3,380.53,10,34.79,Food,3805.2999999999997,Tuesday,January
2020-01-29,Product_3,373.59,10,91.59,Toys,3735.8999999999996,Wednesday,January
2020-01-30,Product_3,412.47,11,96.44,Toys,4537.17,Thursday,January
2020-01-31,Product_3,430.47,11,73.3,Toys,4735.17,Friday,January
2020-02-01,Product_3,374.96,10,44.8,Books,3749.6,Saturday,February
2020-02-02,Product_3,376.75,10,85.04,Electronics,3767.5,Sunday,February
2020-02-03,Product_3,339.32,9,50.94,Food,3053.88,Monday,February
2020-02-04,Product_3,326.56,9,88.57,Toys,2939.04,Tuesday,February
2020-02-05,Product_3,413.96,11,86.6,Toys,4553.5599999999995,Wednesday,February
2020-02-06,Product_3,425.68,11,71.88,Electronics,4682.4800000000005,Thursday,February
2020-02-07,Product_3,340.15,9,42.57,Food,3061.35,Friday,February
2020-02-08,Product_3,428.58,11,85.14,Clothing,4714.38,Saturday,February
2020-02-09,Product_3,405.65,11,23.37,Clothing,4462.15,Sunday,February
2020-02-10,Product_3,387.01,10,80.21,Food,3870.1,Monday,February
2020-02-11,Product_3,378.48,10,91.4,Clothing,3784.8,Tuesday,February
2020-02-12,Product_3,395.26,10,66.14,Electronics,3952.6,Wednesday,February
2020-02-13,Product_3,406.72,11,45.6,Books,4473.92,Thursday,February
2020-02-14,Product_3,377.93,10,81.92,Books,3779.3,Friday,February
2020-02-15,Product_3,391.99,10,68.27,Electronics,3919.9,Saturday,February
2020-02-16,Product_3,366.82,10,64.94,Electronics,3668.2,Sunday,February
2020-02-17,Product_3,354.13,9,59.23,Clothing,3187.17,Monday,February
2020-02-18,Product_3,362.04,10,98.26,Books,3620.4,Tuesday,February
2020-02-19,Product_3,373.04,10,20.51,Books,3730.4,Wednesday,February
2020-02-20,Product_3,423.73,11,45.55,Food,4661.030000000001,Thursday,February
2020-02-21,Product_3,397.05,10,22.49,Food,3970.5,Friday,February
2020-02-22,Product_3,407.09,11,71.65,Food,4477.99,Saturday,February
2020-02-23,Product_3,370.91,10,47.94,Toys,3709.1000000000004,Sunday,February
2020-02-24,Product_3,418.08,11,64.65,Books,4598.88,Monday,February
2020-02-25,Product_3,333.23,9,65.95,Electronics,2999.07,Tuesday,February
2020-02-26,Product_3,431.93,11,64.31,Toys,4751.2300000000005,Wednesday,February
2020-02-27,Product_3,458.69,12,44.33,Books,5504.28,Thursday,February
2020-02-28,Product_3,424.77,11,76.06,Electronics,4672.469999999999,Friday,February
2020-02-29,Product_3,483.18,13,94.9,Toys,6281.34,Saturday,February
2020-03-01,Product_3,424.24,11,36.37,Toys,4666.64,Sunday,March
2020-03-02,Product_3,355.01,9,29.06,Books,3195.09,Monday,March
2020-03-03,Product_3,378.06,10,67.1,Electronics,3780.6,Tuesday,March
2020-03-04,Product_3,393.51,10,71.59,Toys,3935.1,Wednesday,March
2020-03-05,Product_3,408.67,11,64.91,Food,4495.37,Thursday,March
2020-03-06,Product_3,365.38,10,73.81,Toys,3653.8,Friday,March
2020-03-07,Product_3,418.56,11,94.47,Electronics,4604.16,Saturday,March
2020-03-08,Product_3,419.4,11,23.92,Books,4613.4,Sunday,March
2020-03-09,Product_3,375.37,10,51.08,Clothing,3753.7,Monday,March
2020-03-10,Product_3,343.46,9,38.45,Toys,3091.14,Tuesday,March
2020-03-11,Product_3,407.85,11,33.24,Toys,4486.35,Wednesday,March
2020-03-12,Product_3,478.45,13,30.45,Food,6219.849999999999,Thursday,March
2020-03-13,Product_3,425.57,11,99.5,Books,4681.2699999999995,Friday,March
2020-03-14,Product_3,438.42,12,53.53,Food,5261.04,Saturday,March
2020-03-15,Product_3,396.01,10,76.39,Clothing,3960.1,Sunday,March
2020-03-16,Product_3,382.99,10,47.53,Food,3829.9,Monday,March
2020-03-17,Product_3,389.5,10,97.06,Toys,3895.0,Tuesday,March
2020-03-18,Product_3,382.13,10,92.76,Food,3821.3,Wednesday,March
2020-03-19,Product_3,456.66,12,98.78,Clothing,5479.92,Thursday,March
2020-03-20,Product_3,440.22,12,60.33,Toys,5282.64,Friday,March
2020-03-21,Product_3,435.58,12,79.57,Toys,5226.96,Saturday,March
2020-03-22,Product_3,404.15,11,28.45,Clothing,4445.65,Sunday,March
2020-03-23,Product_3,406.0,11,21.42,Toys,4466.0,Monday,March
2020-03-24,Product_3,389.4,10,90.54,Books,3894.0,Tuesday,March
2020-03-25,Product_3,448.95,12,31.63,Food,5387.4,Wednesday,March
2020-03-26,Product_3,444.02,12,53.83,Books,5328.24,Thursday,March
2020-03-27,Product_3,414.89,11,74.71,Books,4563.79,Friday,March
2020-03-28,Product_3,384.96,10,53.61,Toys,3849.6,Saturday,March
2020-03-29,Product_3,394.63,10,47.3,Food,3946.3,Sunday,March
2020-03-30,Product_3,438.5,12,74.23,Books,5262.0,Monday,March
2020-03-31,Product_3,423.85,11,46.04,Food,4662.35,Tuesday,March
2020-04-01,Product_3,422.58,11,88.81,Clothing,4648.38,Wednesday,April
2020-04-02,Product_3,437.45,12,75.04,Toys,5249.4,Thursday,April
2020-04-03,Product_3,406.98,11,92.17,Clothing,4476.780000000001,Friday,April
2020-04-04,Product_3,435.33,12,55.25,Electronics,5223.96,Saturday,April
2020-04-05,Product_3,465.86,12,34.97,Electronics,5590.32,Sunday,April
2020-04-06,Product_3,432.45,11,34.72,Electronics,4756.95,Monday,April
2020-04-07,Product_3,450.96,12,65.4,Food,5411.5199999999995,Tuesday,April
2020-04-08,Product_3,424.73,11,63.51,Toys,4672.030000000001,Wednesday,April
2020-04-09,Product_3,401.26,11,85.72,Toys,4413.86,Thursday,April
2020-04-10,Product_3,421.96,11,77.18,Clothing,4641.5599999999995,Friday,April
2020-04-11,Product_3,429.66,11,73.71,Books,4726.26,Saturday,April
2020-04-12,Product_3,414.38,11,56.79,Toys,4558.18,Sunday,April
2020-04-13,Product_3,448.62,12,26.71,Food,5383.4400000000005,Monday,April
2020-04-14,Product_3,373.72,10,23.31,Toys,3737.2000000000003,Tuesday,April
2020-04-15,Product_3,441.55,12,47.25,Food,5298.6,Wednesday,April
2020-04-16,Product_3,471.29,13,53.8,Clothing,6126.77,Thursday,April
2020-04-17,Product_3,393.93,10,60.36,Clothing,3939.3,Friday,April
2020-04-18,Product_3,459.07,12,64.18,Clothing,5508.84,Saturday,April
2020-04-19,Product_3,398.17,11,22.12,Electronics,4379.87,Sunday,April
2020-04-20,Product_3,410.74,11,37.53,Food,4518.14,Monday,April
2020-04-21,Product_3,381.31,10,67.26,Clothing,3813.1,Tuesday,April
2020-04-22,Product_3,375.28,10,73.4,Electronics,3752.7999999999997,Wednesday,April
2020-04-23,Product_3,411.27,11,95.68,Food,4523.969999999999,Thursday,April
2020-04-24,Product_3,531.28,14,70.13,Food,7437.92,Friday,April
2020-04-25,Product_3,463.96,12,96.14,Toys,5567.5199999999995,Saturday,April
2020-04-26,Product_3,374.48,10,37.54,Food,3744.8,Sunday,April
2020-04-27,Product_3,402.28,11,80.86,Electronics,4425.08,Monday,April
2020-04-28,Product_3,410.28,11,27.2,Food,4513.08,Tuesday,April
2020-04-29,Product_3,348.27,9,40.94,Food,3134.43,Wednesday,April
2020-04-30,Product_3,447.81,12,35.15,Books,5373.72,Thursday,April
2020-05-01,Product_3,444.36,12,43.59,Clothing,5332.32,Friday,May
2020-05-02,Product_3,425.42,11,27.61,Books,4679.62,Saturday,May
2020-05-03,Product_3,409.67,11,65.38,Books,4506.37,Sunday,May
2020-05-04,Product_3,406.12,11,76.94,Toys,4467.32,Monday,May
2020-05-05,Product_3,371.27,10,88.45,Food,3712.7,Tuesday,May
2020-05-06,Product_3,429.49,11,27.02,Food,4724.39,Wednesday,May
2020-05-07,Product_3,469.0,12,33.83,Electronics,5628.0,Thursday,May
2020-05-08,Product_3,440.97,12,84.88,Books,5291.64,Friday,May
2020-05-09,Product_3,417.23,11,55.18,Toys,4589.530000000001,Saturday,May
2020-05-10,Product_3,373.96,10,98.15,Food,3739.6,Sunday,May
2020-05-11,Product_3,441.02,12,66.99,Toys,5292.24,Monday,May
2020-05-12,Product_3,417.0,11,35.99,Electronics,4587.0,Tuesday,May
2020-05-13,Product_3,361.93,10,90.76,Electronics,3619.3,Wednesday,May
2020-05-14,Product_3,400.14,11,93.33,Toys,4401.54,Thursday,May
2020-05-15,Product_3,480.74,13,22.59,Books,6249.62,Friday,May
2020-05-16,Product_3,384.91,10,26.66,Books,3849.1000000000004,Saturday,May
2020-05-17,Product_3,378.38,10,72.11,Electronics,3783.8,Sunday,May
2020-05-18,Product_3,407.96,11,65.57,Electronics,4487.5599999999995,Monday,May
2020-05-19,Product_3,399.79,11,44.81,Clothing,4397.6900000000005,Tuesday,May
2020-05-20,Product_3,377.93,10,37.23,Food,3779.3,Wednesday,May
2020-05-21,Product_3,447.1,12,73.81,Food,5365.200000000001,Thursday,May
2020-05-22,Product_3,371.73,10,66.91,Books,3717.3,Friday,May
2020-05-23,Product_3,399.64,11,79.96,Books,4396.04,Saturday,May
2020-05-24,Product_3,399.66,11,81.66,Food,4396.26,Sunday,May
2020-05-25,Product_3,357.47,9,70.45,Food,3217.2300000000005,Monday,May
2020-05-26,Product_3,345.52,9,87.65,Books,3109.68,Tuesday,May
2020-05-27,Product_3,442.36,12,97.56,Food,5308.32,Wednesday,May
2020-05-28,Product_3,445.76,12,76.28,Food,5349.12,Thursday,May
2020-05-29,Product_3,459.28,12,70.01,Electronics,5511.36,Friday,May
2020-05-30,Product_3,521.19,14,48.04,Toys,7296.660000000001,Saturday,May
2020-05-31,Product_3,437.82,12,32.24,Food,5253.84,Sunday,May
2020-06-01,Product_3,374.2,10,86.52,Food,3742.0,Monday,June
2020-06-02,Product_3,386.91,10,76.11,Food,3869.1000000000004,Tuesday,June
2020-06-03,Product_3,394.51,10,48.1,Electronics,3945.1,Wednesday,June
2020-06-04,Product_3,394.6,10,53.92,Electronics,3946.0,Thursday,June
2020-06-05,Product_3,375.63,10,31.14,Food,3756.3,Friday,June
2020-06-06,Product_3,397.21,10,36.82,Food,3972.1,Saturday,June
2020-06-07,Product_3,377.29,10,58.8,Books,3772.9,Sunday,June
2020-06-08,Product_3,356.37,9,63.43,Toys,3207.33,Monday,June
2020-06-09,Product_3,332.27,9,54.38,Toys,2990.43,Tuesday,June
2020-06-10,Product_3,388.32,10,46.89,Food,3883.2,Wednesday,June
2020-06-11,Product_3,336.99,9,87.56,Electronics,3032.91,Thursday,June
2020-06-12,Product_3,410.0,11,73.97,Food,4510.0,Friday,June
2020-06-13,Product_3,423.59,11,29.02,Electronics,4659.49,Saturday,June
2020-06-14,Product_3,328.49,9,84.39,Clothing,2956.41,Sunday,June
2020-06-15,Product_3,396.86,10,91.69,Toys,3968.6000000000004,Monday,June
2020-06-16,Product_3,400.77,11,20.12,Books,4408.469999999999,Tuesday,June
2020-06-17,Product_3,414.89,11,53.97,Electronics,4563.79,Wednesday,June
2020-06-18,Product_3,413.26,11,28.47,Food,4545.86,Thursday,June
2020-06-19,Product_3,399.67,11,23.85,Books,4396.37,Friday,June
2020-06-20,Product_3,412.72,11,85.12,Electronics,4539.92,Saturday,June
2020-06-21,Product_3,392.38,10,24.83,Electronics,3923.8,Sunday,June
2020-06-22,Product_3,354.99,9,72.06,Electronics,3194.91,Monday,June
2020-06-23,Product_3,352.0,9,80.04,Food,3168.0,Tuesday,June
2020-06-24,Product_3,426.21,11,24.8,Food,4688.3099999999995,Wednesday,June
2020-06-25,Product_3,449.48,12,54.74,Food,5393.76,Thursday,June
2020-06-26,Product_3,406.88,11,54.72,Food,4475.68,Friday,June
2020-06-27,Product_3,343.74,9,22.34,Food,3093.66,Saturday,June
2020-06-28,Product_3,394.11,10,75.23,Toys,3941.1000000000004,Sunday,June
2020-06-29,Product_3,382.16,10,94.93,Electronics,3821.6000000000004,Monday,June
2020-06-30,Product_3,311.75,8,87.39,Electronics,2494.0,Tuesday,June
2020-07-01,Product_3,372.15,10,75.31,Electronics,3721.5,Wednesday,July
2020-07-02,Product_3,434.35,12,72.59,Clothing,5212.200000000001,Thursday,July
2020-07-03,Product_3,391.78,10,53.7,Clothing,3917.7999999999997,Friday,July
2020-07-04,Product_3,386.93,10,23.53,Books,3869.3,Saturday,July
2020-07-05,Product_3,278.69,7,92.96,Food,1950.83,Sunday,July
2020-07-06,Product_3,373.11,10,90.55,Clothing,3731.1000000000004,Monday,July
2020-07-07,Product_3,387.13,10,98.74,Food,3871.3,Tuesday,July
2020-07-08,Product_3,355.12,9,78.42,Food,3196.08,Wednesday,July
2020-07-09,Product_3,381.37,10,70.51,Food,3813.7,Thursday,July
2020-07-10,Product_3,478.38,13,57.26,Toys,6218.94,Friday,July
2020-07-11,Product_3,344.69,9,34.92,Food,3102.21,Saturday,July
2020-07-12,Product_3,367.17,10,27.13,Toys,3671.7000000000003,Sunday,July
2020-07-13,Product_3,392.13,10,29.63,Food,3921.3,Monday,July
2020-07-14,Product_3,324.05,8,82.6,Books,2592.4,Tuesday,July
2020-07-15,Product_3,430.57,11,33.09,Food,4736.2699999999995,Wednesday,July
2020-07-16,Product_3,372.23,10,24.44,Clothing,3722.3,Thursday,July
2020-07-17,Product_3,342.64,9,55.69,Toys,3083.7599999999998,Friday,July
2020-07-18,Product_3,424.38,11,26.31,Toys,4668.18,Saturday,July
2020-07-19,Product_3,372.99,10,23.57,Clothing,3729.9,Sunday,July
2020-07-20,Product_3,421.01,11,59.18,Toys,4631.11,Monday,July
2020-07-21,Product_3,380.3,10,90.25,Clothing,3803.0,Tuesday,July
2020-07-22,Product_3,331.82,9,84.13,Food,2986.38,Wednesday,July
2020-07-23,Product_3,421.44,11,25.34,Clothing,4635.84,Thursday,July
2020-07-24,Product_3,380.26,10,78.22,Food,3802.6,Friday,July
2020-07-25,Product_3,319.95,8,96.76,Clothing,2559.6,Saturday,July
2020-07-26,Product_3,407.09,11,39.35,Toys,4477.99,Sunday,July
2020-07-27,Product_3,317.58,8,24.76,Food,2540.64,Monday,July
2020-07-28,Product_3,308.23,8,73.45,Food,2465.84,Tuesday,July
2020-07-29,Product_3,346.81,9,90.63,Toys,3121.29,Wednesday,July
2020-07-30,Product_3,401.13,11,77.2,Electronics,4412.43,Thursday,July
2020-07-31,Product_3,410.55,11,84.88,Electronics,4516.05,Friday,July
2020-08-01,Product_3,408.5,11,64.28,Toys,4493.5,Saturday,August
2020-08-02,Product_3,345.9,9,83.38,Electronics,3113.1,Sunday,August
2020-08-03,Product_3,297.49,8,63.45,Clothing,2379.92,Monday,August
2020-08-04,Product_3,305.12,8,98.94,Food,2440.96,Tuesday,August
2020-08-05,Product_3,324.31,8,28.76,Toys,2594.48,Wednesday,August
2020-08-06,Product_3,333.54,9,46.15,Books,3001.86,Thursday,August
2020-08-07,Product_3,397.22,10,40.85,Clothing,3972.2000000000003,Friday,August
2020-08-08,Product_3,350.29,9,72.01,Clothing,3152.61,Saturday,August
2020-08-09,Product_3,369.09,10,97.35,Books,3690.8999999999996,Sunday,August
2020-08-10,Product_3,282.3,7,86.13,Food,1976.1000000000001,Monday,August
2020-08-11,Product_3,366.83,10,24.79,Electronics,3668.2999999999997,Tuesday,August
2020-08-12,Product_3,403.43,11,68.39,Clothing,4437.7300000000005,Wednesday,August
2020-08-13,Product_3,368.4,10,42.61,Food,3684.0,Thursday,August
2020-08-14,Product_3,381.81,10,27.15,Clothing,3818.1,Friday,August
2020-08-15,Product_3,325.09,8,77.88,Electronics,2600.72,Saturday,August
2020-08-16,Product_3,324.69,8,26.04,Toys,2597.52,Sunday,August
2020-08-17,Product_3,294.58,8,82.75,Food,2356.64,Monday,August
2020-08-18,Product_3,330.98,9,29.66,Toys,2978.82,Tuesday,August
2020-08-19,Product_3,313.99,8,27.01,Electronics,2511.92,Wednesday,August
2020-08-20,Product_3,365.69,10,81.73,Food,3656.9,Thursday,August
2020-08-21,Product_3,336.24,9,22.99,Toys,3026.16,Friday,August
2020-08-22,Product_3,317.17,8,47.68,Clothing,2537.36,Saturday,August
2020-08-23,Product_3,407.72,11,43.92,Clothing,4484.92,Sunday,August
2020-08-24,Product_3,334.37,9,91.32,Toys,3009.33,Monday,August
2020-08-25,Product_3,297.53,8,87.26,Electronics,2380.24,Tuesday,August
2020-08-26,Product_3,331.47,9,44.1,Books,2983.2300000000005,Wednesday,August
2020-08-27,Product_3,367.93,10,74.33,Clothing,3679.3,Thursday,August
2020-08-28,Product_3,333.8,9,61.71,Food,3004.2000000000003,Friday,August
2020-08-29,Product_3,302.03,8,23.11,Toys,2416.24,Saturday,August
2020-08-30,Product_3,375.82,10,69.44,Clothing,3758.2,Sunday,August
2020-08-31,Product_3,303.02,8,45.85,Food,2424.16,Monday,August
2020-09-01,Product_3,259.85,7,98.01,Clothing,1818.9500000000003,Tuesday,September
2020-09-02,Product_3,339.96,9,94.12,Food,3059.64,Wednesday,September
2020-09-03,Product_3,310.86,8,46.97,Clothing,2486.88,Thursday,September
2020-09-04,Product_3,360.2,9,26.43,Books,3241.7999999999997,Friday,September
2020-09-05,Product_3,364.13,10,52.19,Food,3641.3,Saturday,September
2020-09-06,Product_3,290.7,8,49.33,Clothing,2325.6,Sunday,September
2020-09-07,Product_3,308.49,8,79.76,Clothing,2467.92,Monday,September
2020-09-08,Product_3,299.8,8,52.09,Toys,2398.4,Tuesday,September
2020-09-09,Product_3,313.69,8,63.86,Food,2509.52,Wednesday,September
2020-09-10,Product_3,347.36,9,61.4,Electronics,3126.2400000000002,Thursday,September
2020-09-11,Product_3,309.35,8,98.27,Toys,2474.8,Friday,September
2020-09-12,Product_3,378.14,10,91.53,Books,3781.3999999999996,Saturday,September
2020-09-13,Product_3,277.02,7,72.95,Books,1939.1399999999999,Sunday,September
2020-09-14,Product_3,288.78,7,86.37,Food,2021.4599999999998,Monday,September
2020-09-15,Product_3,313.56,8,80.71,Food,2508.48,Tuesday,September
2020-09-16,Product_3,355.13,9,97.61,Books,3196.17,Wednesday,September
2020-09-17,Product_3,342.51,9,51.79,Food,3082.59,Thursday,September
2020-09-18,Product_3,427.75,11,70.71,Toys,4705.25,Friday,September
2020-09-19,Product_3,346.65,9,99.16,Electronics,3119.85,Saturday,September
2020-09-20,Product_3,361.88,10,42.24,Books,3618.8,Sunday,September
2020-09-21,Product_3,263.0,7,30.73,Clothing,1841.0,Monday,September
2020-09-22,Product_3,313.97,8,83.45,Food,2511.76,Tuesday,September
2020-09-23,Product_3,301.09,8,34.6,Clothing,2408.72,Wednesday,September
2020-09-24,Product_3,302.36,8,54.38,Toys,2418.88,Thursday,September
2020-09-25,Product_3,324.77,8,88.6,Clothing,2598.16,Friday,September
2020-09-26,Product_3,293.07,8,79.11,Food,2344.56,Saturday,September
2020-09-27,Product_3,422.12,11,68.34,Food,4643.32,Sunday,September
2020-09-28,Product_3,276.8,7,62.62,Toys,1937.6000000000001,Monday,September
2020-09-29,Product_3,404.15,11,22.83,Clothing,4445.65,Tuesday,September
2020-09-30,Product_3,397.85,11,89.23,Books,4376.35,Wednesday,September
2020-10-01,Product_3,370.82,10,37.42,Toys,3708.2,Thursday,October
2020-10-02,Product_3,403.01,11,96.68,Toys,4433.11,Friday,October
2020-10-03,Product_3,339.83,9,39.97,Food,3058.47,Saturday,October
2020-10-04,Product_3,312.21,8,54.65,Food,2497.68,Sunday,October
2020-10-05,Product_3,306.75,8,89.58,Toys,2454.0,Monday,October
2020-10-06,Product_3,328.48,9,31.8,Food,2956.32,Tuesday,October
2020-10-07,Product_3,315.67,8,99.2,Clothing,2525.36,Wednesday,October
2020-10-08,Product_3,373.37,10,81.03,Electronics,3733.7,Thursday,October
2020-10-09,Product_3,425.52,11,61.98,Toys,4680.719999999999,Friday,October
2020-10-10,Product_3,369.18,10,38.35,Books,3691.8,Saturday,October
2020-10-11,Product_3,278.74,7,48.59,Clothing,1951.18,Sunday,October
2020-10-12,Product_3,365.01,10,76.82,Toys,3650.1,Monday,October
2020-10-13,Product_3,332.65,9,79.1,Toys,2993.85,Tuesday,October
2020-10-14,Product_3,410.26,11,85.59,Toys,4512.86,Wednesday,October
2020-10-15,Product_3,435.68,12,76.84,Toys,5228.16,Thursday,October
2020-10-16,Product_3,327.48,9,81.07,Clothing,2947.32,Friday,October
2020-10-17,Product_3,337.51,9,84.63,Food,3037.59,Saturday,October
2020-10-18,Product_3,351.09,9,88.32,Books,3159.81,Sunday,October
2020-10-19,Product_3,319.15,8,36.06,Food,2553.2,Monday,October
2020-10-20,Product_3,337.61,9,25.21,Food,3038.4900000000002,Tuesday,October
2020-10-21,Product_3,371.3,10,36.34,Clothing,3713.0,Wednesday,October
2020-10-22,Product_3,388.86,10,60.89,Electronics,3888.6000000000004,Thursday,October
2020-10-23,Product_3,347.76,9,52.33,Books,3129.84,Friday,October
2020-10-24,Product_3,319.42,8,72.12,Clothing,2555.36,Saturday,October
2020-10-25,Product_3,352.94,9,97.85,Toys,3176.46,Sunday,October
2020-10-26,Product_3,369.63,10,75.36,Electronics,3696.3,Monday,October
2020-10-27,Product_3,282.56,7,43.67,Toys,1977.92,Tuesday,October
2020-10-28,Product_3,306.42,8,29.87,Clothing,2451.36,Wednesday,October
2020-10-29,Product_3,332.3,9,32.3,Toys,2990.7000000000003,Thursday,October
2020-10-30,Product_3,366.75,10,50.14,Books,3667.5,Friday,October
2020-10-31,Product_3,402.82,11,79.87,Food,4431.0199999999995,Saturday,October
2020-11-01,Product_3,332.22,9,21.78,Books,2989.9800000000005,Sunday,November
2020-11-02,Product_3,350.95,9,92.23,Electronics,3158.5499999999997,Monday,November
2020-11-03,Product_3,356.03,9,67.29,Toys,3204.2699999999995,Tuesday,November
2020-11-04,Product_3,310.63,8,89.17,Electronics,2485.04,Wednesday,November
2020-11-05,Product_3,391.07,10,80.94,Toys,3910.7,Thursday,November
2020-11-06,Product_3,329.37,9,38.51,Clothing,2964.33,Friday,November
2020-11-07,Product_3,389.0,10,84.52,Food,3890.0,Saturday,November
2020-11-08,Product_3,324.35,8,55.6,Electronics,2594.8,Sunday,November
2020-11-09,Product_3,296.84,8,72.77,Toys,2374.72,Monday,November
2020-11-10,Product_3,322.13,8,55.02,Toys,2577.04,Tuesday,November
2020-11-11,Product_3,308.55,8,87.6,Books,2468.4,Wednesday,November
2020-11-12,Product_3,366.46,10,63.65,Toys,3664.6,Thursday,November
2020-11-13,Product_3,389.71,10,42.38,Books,3897.1,Friday,November
2020-11-14,Product_3,379.51,10,86.04,Electronics,3795.1,Saturday,November
2020-11-15,Product_3,333.64,9,76.64,Clothing,3002.7599999999998,Sunday,November
2020-11-16,Product_3,354.23,9,26.34,Books,3188.07,Monday,November
2020-11-17,Product_3,355.23,9,42.57,Food,3197.07,Tuesday,November
2020-11-18,Product_3,399.35,11,60.86,Books,4392.85,Wednesday,November
2020-11-19,Product_3,364.26,10,54.73,Clothing,3642.6,Thursday,November
2020-11-20,Product_3,380.87,10,39.95,Electronics,3808.7,Friday,November
2020-11-21,Product_3,372.64,10,70.25,Food,3726.3999999999996,Saturday,November
2020-11-22,Product_3,340.46,9,48.04,Electronics,3064.14,Sunday,November
2020-11-23,Product_3,313.61,8,80.17,Food,2508.88,Monday,November
2020-11-24,Product_3,322.56,8,33.09,Toys,2580.48,Tuesday,November
2020-11-25,Product_3,360.21,9,37.07,Electronics,3241.89,Wednesday,November
2020-11-26,Product_3,397.75,11,58.21,Electronics,4375.25,Thursday,November
2020-11-27,Product_3,377.64,10,22.18,Toys,3776.3999999999996,Friday,November
2020-11-28,Product_3,370.13,10,53.65,Electronics,3701.3,Saturday,November
2020-11-29,Product_3,357.19,9,99.56,Electronics,3214.71,Sunday,November
2020-11-30,Product_3,349.96,9,31.38,Toys,3149.64,Monday,November
2020-12-01,Product_3,328.84,9,52.28,Electronics,2959.56,Tuesday,December
2020-12-02,Product_3,306.71,8,92.97,Food,2453.68,Wednesday,December
2020-12-03,Product_3,366.78,10,25.94,Books,3667.7999999999997,Thursday,December
2020-12-04,Product_3,335.5,9,23.84,Food,3019.5,Friday,December
2020-12-05,Product_3,327.82,9,34.04,Electronics,2950.38,Saturday,December
2020-12-06,Product_3,365.09,10,40.5,Toys,3650.8999999999996,Sunday,December
2020-12-07,Product_3,374.69,10,21.17,Electronics,3746.9,Monday,December
2020-12-08,Product_3,392.73,10,51.68,Electronics,3927.3,Tuesday,December
2020-12-09,Product_3,354.65,9,86.52,Toys,3191.85,Wednesday,December
2020-12-10,Product_3,360.03,9,30.73,Clothing,3240.2699999999995,Thursday,December
2020-12-11,Product_3,433.17,11,85.99,Clothing,4764.87,Friday,December
2020-12-12,Product_3,356.2,9,82.5,Clothing,3205.7999999999997,Saturday,December
2020-12-13,Product_3,372.46,10,71.32,Electronics,3724.6,Sunday,December
2020-12-14,Product_3,343.64,9,95.64,Electronics,3092.7599999999998,Monday,December
2020-12-15,Product_3,399.95,11,80.52,Toys,4399.45,Tuesday,December
2020-12-16,Product_3,430.44,11,32.89,Electronics,4734.84,Wednesday,December
2020-12-17,Product_3,383.57,10,66.73,Electronics,3835.7,Thursday,December
2020-12-18,Product_3,323.8,8,87.41,Electronics,2590.4,Friday,December
2020-12-19,Product_3,369.67,10,97.4,Food,3696.7000000000003,Saturday,December
2020-12-20,Product_3,358.54,9,59.2,Books,3226.86,Sunday,December
2020-12-21,Product_3,345.57,9,57.88,Books,3110.13,Monday,December
2020-12-22,Product_3,361.62,10,82.8,Clothing,3616.2,Tuesday,December
2020-12-23,Product_3,357.27,9,94.1,Electronics,3215.43,Wednesday,December
2020-12-24,Product_3,420.38,11,76.61,Food,4624.18,Thursday,December
2020-12-25,Product_3,379.38,10,61.38,Food,3793.8,Friday,December
2020-12-26,Product_3,349.76,9,69.26,Clothing,3147.84,Saturday,December
2020-12-27,Product_3,391.15,10,79.71,Food,3911.5,Sunday,December
2020-12-28,Product_3,363.4,10,71.94,Electronics,3634.0,Monday,December
2020-12-29,Product_3,376.93,10,42.66,Clothing,3769.3,Tuesday,December
2020-12-30,Product_3,377.36,10,23.38,Toys,3773.6000000000004,Wednesday,December
2020-12-31,Product_3,426.77,11,89.37,Books,4694.469999999999,Thursday,December
2021-01-01,Product_3,412.88,11,28.87,Food,4541.68,Friday,January
2021-01-02,Product_3,351.61,9,69.06,Toys,3164.4900000000002,Saturday,January
2021-01-03,Product_3,440.26,12,97.23,Electronics,5283.12,Sunday,January
2021-01-04,Product_3,416.75,11,74.0,Food,4584.25,Monday,January
2021-01-05,Product_3,411.2,11,46.21,Food,4523.2,Tuesday,January
2021-01-06,Product_3,398.91,11,96.02,Electronics,4388.01,Wednesday,January
2021-01-07,Product_3,464.71,12,58.88,Electronics,5576.5199999999995,Thursday,January
2021-01-08,Product_3,431.28,11,92.55,Electronics,4744.08,Friday,January
2021-01-09,Product_3,430.21,11,87.56,Toys,4732.3099999999995,Saturday,January
2021-01-10,Product_3,448.01,12,60.45,Books,5376.12,Sunday,January
2021-01-11,Product_3,420.87,11,67.01,Books,4629.57,Monday,January
2021-01-12,Product_3,441.85,12,65.25,Food,5302.200000000001,Tuesday,January
2021-01-13,Product_3,413.63,11,36.43,Toys,4549.93,Wednesday,January
2021-01-14,Product_3,401.93,11,23.7,Books,4421.2300000000005,Thursday,January
2021-01-15,Product_3,426.76,11,60.95,Electronics,4694.36,Friday,January
2021-01-16,Product_3,436.12,12,37.59,Toys,5233.4400000000005,Saturday,January
2021-01-17,Product_3,460.38,12,38.83,Books,5524.5599999999995,Sunday,January
2021-01-18,Product_3,400.5,11,78.05,Toys,4405.5,Monday,January
2021-01-19,Product_3,380.46,10,44.28,Electronics,3804.6,Tuesday,January
2021-01-20,Product_3,407.27,11,39.49,Toys,4479.969999999999,Wednesday,January
2021-01-21,Product_3,464.74,12,62.22,Books,5576.88,Thursday,January
2021-01-22,Product_3,421.09,11,21.83,Clothing,4631.99,Friday,January
2021-01-23,Product_3,398.29,11,62.36,Electronics,4381.1900000000005,Saturday,January
2021-01-24,Product_3,433.77,11,49.58,Clothing,4771.469999999999,Sunday,January
2021-01-25,Product_3,392.18,10,34.68,Toys,3921.8,Monday,January
2021-01-26,Product_3,412.38,11,78.94,Books,4536.18,Tuesday,January
2021-01-27,Product_3,428.26,11,37.99,Electronics,4710.86,Wednesday,January
2021-01-28,Product_3,453.19,12,63.09,Clothing,5438.28,Thursday,January
2021-01-29,Product_3,451.13,12,87.23,Food,5413.5599999999995,Friday,January
2021-01-30,Product_3,425.64,11,68.22,Toys,4682.04,Saturday,January
2021-01-31,Product_3,380.04,10,51.39,Books,3800.4,Sunday,January
2021-02-01,Product_3,422.33,11,73.1,Electronics,4645.63,Monday,February
2021-02-02,Product_3,451.44,12,41.51,Electronics,5417.28,Tuesday,February
2021-02-03,Product_3,396.21,10,58.29,Electronics,3962.1,Wednesday,February
2021-02-04,Product_3,440.8,12,37.31,Food,5289.6,Thursday,February
2021-02-05,Product_3,471.02,13,50.19,Food,6123.26,Friday,February
2021-02-06,Product_3,427.53,11,80.06,Electronics,4702.83,Saturday,February
2021-02-07,Product_3,388.09,10,21.67,Electronics,3880.8999999999996,Sunday,February
2021-02-08,Product_3,442.34,12,41.21,Clothing,5308.08,Monday,February
2021-02-09,Product_3,429.85,11,40.82,Electronics,4728.35,Tuesday,February
2021-02-10,Product_3,475.46,13,61.0,Electronics,6180.98,Wednesday,February
2021-02-11,Product_3,407.92,11,22.31,Food,4487.12,Thursday,February
2021-02-12,Product_3,388.06,10,26.27,Books,3880.6,Friday,February
2021-02-13,Product_3,442.73,12,48.13,Food,5312.76,Saturday,February
2021-02-14,Product_3,456.24,12,59.99,Food,5474.88,Sunday,February
2021-02-15,Product_3,425.74,11,73.72,Electronics,4683.14,Monday,February
2021-02-16,Product_3,384.82,10,72.26,Toys,3848.2,Tuesday,February
2021-02-17,Product_3,434.21,12,65.44,Toys,5210.5199999999995,Wednesday,February
2021-02-18,Product_3,480.13,13,23.78,Toys,6241.69,Thursday,February
2021-02-19,Product_3,465.42,12,64.27,Electronics,5585.04,Friday,February
2021-02-20,Product_3,423.74,11,87.74,Electronics,4661.14,Saturday,February
2021-02-21,Product_3,497.0,13,42.53,Electronics,6461.0,Sunday,February
2021-02-22,Product_3,426.48,11,20.42,Books,4691.280000000001,Monday,February
2021-02-23,Product_3,421.55,11,66.43,Clothing,4637.05,Tuesday,February
2021-02-24,Product_3,454.94,12,42.13,Electronics,5459.28,Wednesday,February
2021-02-25,Product_3,516.28,14,80.24,Clothing,7227.92,Thursday,February
2021-02-26,Product_3,460.57,12,69.5,Electronics,5526.84,Friday,February
2021-02-27,Product_3,452.61,12,73.59,Clothing,5431.32,Saturday,February
2021-02-28,Product_3,443.42,12,96.95,Toys,5321.04,Sunday,February
2021-03-01,Product_3,400.81,11,90.01,Electronics,4408.91,Monday,March
2021-03-02,Product_3,373.0,10,26.99,Books,3730.0,Tuesday,March
2021-03-03,Product_3,439.87,12,98.2,Clothing,5278.4400000000005,Wednesday,March
2021-03-04,Product_3,471.65,13,57.6,Food,6131.45,Thursday,March
2021-03-05,Product_3,478.5,13,35.39,Toys,6220.5,Friday,March
2021-03-06,Product_3,431.23,11,42.66,Books,4743.530000000001,Saturday,March
2021-03-07,Product_3,452.7,12,62.35,Clothing,5432.4,Sunday,March
2021-03-08,Product_3,376.28,10,56.75,Clothing,3762.7999999999997,Monday,March
2021-03-09,Product_3,410.8,11,88.62,Books,4518.8,Tuesday,March
2021-03-10,Product_3,483.18,13,41.11,Electronics,6281.34,Wednesday,March
2021-03-11,Product_3,435.25,12,44.63,Clothing,5223.0,Thursday,March
2021-03-12,Product_3,513.12,14,45.17,Food,7183.68,Friday,March
2021-03-13,Product_3,468.95,12,22.72,Electronics,5627.4,Saturday,March
2021-03-14,Product_3,438.22,12,45.53,Food,5258.64,Sunday,March
2021-03-15,Product_3,441.67,12,47.41,Electronics,5300.04,Monday,March
2021-03-16,Product_3,403.83,11,97.79,Clothing,4442.13,Tuesday,March
2021-03-17,Product_3,433.72,11,54.65,Clothing,4770.92,Wednesday,March
2021-03-18,Product_3,492.77,13,97.65,Books,6406.01,Thursday,March
2021-03-19,Product_3,517.44,14,84.73,Books,7244.160000000001,Friday,March
2021-03-20,Product_3,497.69,13,46.88,Toys,6469.97,Saturday,March
2021-03-21,Product_3,442.27,12,96.16,Clothing,5307.24,Sunday,March
2021-03-22,Product_3,396.43,10,27.78,Clothing,3964.3,Monday,March
2021-03-23,Product_3,382.39,10,95.28,Clothing,3823.8999999999996,Tuesday,March
2021-03-24,Product_3,416.66,11,45.74,Electronics,4583.26,Wednesday,March
2021-03-25,Product_3,452.61,12,81.8,Books,5431.32,Thursday,March
2021-03-26,Product_3,491.55,13,87.16,Books,6390.150000000001,Friday,March
2021-03-27,Product_3,431.13,11,29.0,Food,4742.43,Saturday,March
2021-03-28,Product_3,446.03,12,80.73,Toys,5352.36,Sunday,March
2021-03-29,Product_3,491.21,13,61.38,Books,6385.73,Monday,March
2021-03-30,Product_3,451.47,12,46.1,Food,5417.64,Tuesday,March
2021-03-31,Product_3,469.29,12,58.2,Food,5631.4800000000005,Wednesday,March
2021-04-01,Product_3,490.34,13,39.89,Toys,6374.42,Thursday,April
2021-04-02,Product_3,439.59,12,83.19,Toys,5275.08,Friday,April
2021-04-03,Product_3,439.83,12,49.76,Electronics,5277.96,Saturday,April
2021-04-04,Product_3,408.45,11,71.61,Toys,4492.95,Sunday,April
2021-04-05,Product_3,438.81,12,82.75,Electronics,5265.72,Monday,April
2021-04-06,Product_3,459.96,12,60.63,Electronics,5519.5199999999995,Tuesday,April
2021-04-07,Product_3,411.33,11,34.94,Electronics,4524.63,Wednesday,April
2021-04-08,Product_3,464.82,12,98.85,Food,5577.84,Thursday,April
2021-04-09,Product_3,491.44,13,32.58,Electronics,6388.72,Friday,April
2021-04-10,Product_3,480.89,13,92.73,Clothing,6251.57,Saturday,April
2021-04-11,Product_3,443.0,12,44.28,Toys,5316.0,Sunday,April
2021-04-12,Product_3,468.3,12,68.51,Toys,5619.6,Monday,April
2021-04-13,Product_3,394.77,10,54.82,Food,3947.7,Tuesday,April
2021-04-14,Product_3,450.85,12,23.21,Toys,5410.200000000001,Wednesday,April
2021-04-15,Product_3,479.18,13,30.48,Clothing,6229.34,Thursday,April
2021-04-16,Product_3,475.01,13,49.6,Electronics,6175.13,Friday,April
2021-04-17,Product_3,453.2,12,51.39,Clothing,5438.4,Saturday,April
2021-04-18,Product_3,465.16,12,43.42,Electronics,5581.92,Sunday,April
2021-04-19,Product_3,457.65,12,56.65,Electronics,5491.799999999999,Monday,April
2021-04-20,Product_3,407.93,11,98.56,Food,4487.2300000000005,Tuesday,April
2021-04-21,Product_3,475.49,13,76.82,Books,6181.37,Wednesday,April
2021-04-22,Product_3,451.34,12,86.64,Toys,5416.08,Thursday,April
2021-04-23,Product_3,445.94,12,47.05,Electronics,5351.28,Friday,April
2021-04-24,Product_3,438.15,12,52.87,Toys,5257.799999999999,Saturday,April
2021-04-25,Product_3,457.26,12,98.27,Books,5487.12,Sunday,April
2021-04-26,Product_3,418.9,11,79.59,Food,4607.9,Monday,April
2021-04-27,Product_3,429.69,11,20.13,Electronics,4726.59,Tuesday,April
2021-04-28,Product_3,488.82,13,61.78,Clothing,6354.66,Wednesday,April
2021-04-29,Product_3,462.84,12,51.26,Toys,5554.08,Thursday,April
2021-04-30,Product_3,397.26,10,46.65,Books,3972.6,Friday,April
2021-05-01,Product_3,449.02,12,90.17,Clothing,5388.24,Saturday,May
2021-05-02,Product_3,432.04,11,53.86,Food,4752.4400000000005,Sunday,May
2021-05-03,Product_3,412.08,11,34.67,Toys,4532.88,Monday,May
2021-05-04,Product_3,438.11,12,59.02,Toys,5257.32,Tuesday,May
2021-05-05,Product_3,417.96,11,24.93,Books,4597.5599999999995,Wednesday,May
2021-05-06,Product_3,520.8,14,32.98,Electronics,7291.199999999999,Thursday,May
2021-05-07,Product_3,468.48,12,43.65,Food,5621.76,Friday,May
2021-05-08,Product_3,421.51,11,57.61,Clothing,4636.61,Saturday,May
2021-05-09,Product_3,462.36,12,94.46,Electronics,5548.32,Sunday,May
2021-05-10,Product_3,384.43,10,47.67,Electronics,3844.3,Monday,May
2021-05-11,Product_3,468.01,12,80.85,Clothing,5616.12,Tuesday,May
2021-05-12,Product_3,476.09,13,54.73,Food,6189.17,Wednesday,May
2021-05-13,Product_3,472.89,13,94.81,Food,6147.57,Thursday,May
2021-05-14,Product_3,544.07,15,68.54,Toys,8161.050000000001,Friday,May
2021-05-15,Product_3,463.35,12,84.17,Food,5560.200000000001,Saturday,May
2021-05-16,Product_3,425.02,11,75.35,Electronics,4675.219999999999,Sunday,May
2021-05-17,Product_3,376.52,10,39.45,Clothing,3765.2,Monday,May
2021-05-18,Product_3,391.16,10,56.22,Toys,3911.6000000000004,Tuesday,May
2021-05-19,Product_3,440.38,12,95.57,Food,5284.5599999999995,Wednesday,May
2021-05-20,Product_3,462.13,12,44.09,Toys,5545.5599999999995,Thursday,May
2021-05-21,Product_3,440.58,12,75.36,Books,5286.96,Friday,May
2021-05-22,Product_3,443.19,12,46.58,Clothing,5318.28,Saturday,May
2021-05-23,Product_3,363.25,10,30.0,Books,3632.5,Sunday,May
2021-05-24,Product_3,354.86,9,35.33,Clothing,3193.7400000000002,Monday,May
2021-05-25,Product_3,411.73,11,99.09,Clothing,4529.030000000001,Tuesday,May
2021-05-26,Product_3,493.51,13,90.85,Toys,6415.63,Wednesday,May
2021-05-27,Product_3,414.1,11,52.36,Electronics,4555.1,Thursday,May
2021-05-28,Product_3,487.58,13,88.04,Food,6338.54,Friday,May
2021-05-29,Product_3,435.39,12,31.12,Clothing,5224.68,Saturday,May
2021-05-30,Product_3,435.95,12,65.47,Toys,5231.4,Sunday,May
2021-05-31,Product_3,420.89,11,69.97,Food,4629.79,Monday,May
2021-06-01,Product_3,437.79,12,90.95,Food,5253.4800000000005,Tuesday,June
2021-06-02,Product_3,438.75,12,62.33,Food,5265.0,Wednesday,June
2021-06-03,Product_3,470.67,13,83.19,Books,6118.71,Thursday,June
2021-06-04,Product_3,485.71,13,81.29,Electronics,6314.23,Friday,June
2021-06-05,Product_3,422.54,11,73.6,Books,4647.9400000000005,Saturday,June
2021-06-06,Product_3,428.06,11,86.06,Food,4708.66,Sunday,June
2021-06-07,Product_3,397.74,11,41.37,Toys,4375.14,Monday,June
2021-06-08,Product_3,428.62,11,52.49,Books,4714.82,Tuesday,June
2021-06-09,Product_3,414.08,11,32.56,Books,4554.88,Wednesday,June
2021-06-10,Product_3,430.73,11,86.43,Toys,4738.030000000001,Thursday,June
2021-06-11,Product_3,490.56,13,53.91,Books,6377.28,Friday,June
2021-06-12,Product_3,462.64,12,59.24,Books,5551.68,Saturday,June
2021-06-13,Product_3,423.02,11,27.1,Books,4653.219999999999,Sunday,June
2021-06-14,Product_3,423.97,11,29.23,Clothing,4663.67,Monday,June
2021-06-15,Product_3,450.88,12,78.7,Clothing,5410.5599999999995,Tuesday,June
2021-06-16,Product_3,397.31,10,45.26,Toys,3973.1,Wednesday,June
2021-06-17,Product_3,426.7,11,86.16,Food,4693.7,Thursday,June
2021-06-18,Product_3,503.51,13,71.69,Books,6545.63,Friday,June
2021-06-19,Product_3,471.63,13,70.25,Food,6131.19,Saturday,June
2021-06-20,Product_3,467.28,12,60.17,Toys,5607.36,Sunday,June
2021-06-21,Product_3,357.27,9,85.52,Food,3215.43,Monday,June
2021-06-22,Product_3,414.12,11,40.25,Food,4555.32,Tuesday,June
2021-06-23,Product_3,457.41,12,54.4,Electronics,5488.92,Wednesday,June
2021-06-24,Product_3,399.1,11,48.87,Books,4390.1,Thursday,June
2021-06-25,Product_3,421.09,11,82.68,Food,4631.99,Friday,June
2021-06-26,Product_3,475.16,13,25.72,Toys,6177.08,Saturday,June
2021-06-27,Product_3,396.97,10,25.6,Books,3969.7000000000003,Sunday,June
2021-06-28,Product_3,469.94,12,27.46,Toys,5639.28,Monday,June
2021-06-29,Product_3,420.29,11,24.29,Food,4623.1900000000005,Tuesday,June
2021-06-30,Product_3,450.23,12,26.7,Toys,5402.76,Wednesday,June
2021-07-01,Product_3,383.84,10,29.35,Food,3838.3999999999996,Thursday,July
2021-07-02,Product_3,408.09,11,73.39,Food,4488.99,Friday,July
2021-07-03,Product_3,422.11,11,57.17,Clothing,4643.21,Saturday,July
2021-07-04,Product_3,420.5,11,95.02,Toys,4625.5,Sunday,July
2021-07-05,Product_3,404.89,11,67.73,Toys,4453.79,Monday,July
2021-07-06,Product_3,440.4,12,72.85,Books,5284.799999999999,Tuesday,July
2021-07-07,Product_3,442.19,12,57.59,Food,5306.28,Wednesday,July
2021-07-08,Product_3,413.9,11,94.13,Clothing,4552.9,Thursday,July
2021-07-09,Product_3,392.58,10,89.13,Toys,3925.7999999999997,Friday,July
2021-07-10,Product_3,400.49,11,50.98,Clothing,4405.39,Saturday,July
2021-07-11,Product_3,397.86,11,68.67,Electronics,4376.46,Sunday,July
2021-07-12,Product_3,338.1,9,27.42,Books,3042.9,Monday,July
2021-07-13,Product_3,326.0,9,26.45,Books,2934.0,Tuesday,July
2021-07-14,Product_3,388.46,10,94.01,Books,3884.6,Wednesday,July
2021-07-15,Product_3,434.8,12,70.93,Toys,5217.6,Thursday,July
2021-07-16,Product_3,430.95,11,48.89,Books,4740.45,Friday,July
2021-07-17,Product_3,426.11,11,73.93,Clothing,4687.21,Saturday,July
2021-07-18,Product_3,437.29,12,66.57,Toys,5247.4800000000005,Sunday,July
2021-07-19,Product_3,412.88,11,31.35,Clothing,4541.68,Monday,July
2021-07-20,Product_3,378.72,10,34.68,Toys,3787.2000000000003,Tuesday,July
2021-07-21,Product_3,433.78,11,62.44,Toys,4771.58,Wednesday,July
2021-07-22,Product_3,424.56,11,35.51,Clothing,4670.16,Thursday,July
2021-07-23,Product_3,439.85,12,63.59,Food,5278.200000000001,Friday,July
2021-07-24,Product_3,396.87,10,36.83,Toys,3968.7,Saturday,July
2021-07-25,Product_3,389.35,10,39.93,Clothing,3893.5,Sunday,July
2021-07-26,Product_3,426.29,11,89.15,Food,4689.1900000000005,Monday,July
2021-07-27,Product_3,334.66,9,45.75,Electronics,3011.94,Tuesday,July
2021-07-28,Product_3,371.53,10,38.33,Clothing,3715.2999999999997,Wednesday,July
2021-07-29,Product_3,355.9,9,25.88,Toys,3203.1,Thursday,July
2021-07-30,Product_3,357.25,9,52.66,Clothing,3215.25,Friday,July
2021-07-31,Product_3,392.63,10,91.51,Clothing,3926.3,Saturday,July
2021-08-01,Product_3,430.02,11,66.58,Electronics,4730.219999999999,Sunday,August
2021-08-02,Product_3,367.3,10,59.28,Electronics,3673.0,Monday,August
2021-08-03,Product_3,396.38,10,33.26,Food,3963.8,Tuesday,August
2021-08-04,Product_3,384.57,10,77.43,Electronics,3845.7,Wednesday,August
2021-08-05,Product_3,418.96,11,44.9,Books,4608.5599999999995,Thursday,August
2021-08-06,Product_3,376.23,10,58.16,Electronics,3762.3,Friday,August
2021-08-07,Product_3,346.34,9,88.03,Electronics,3117.06,Saturday,August
2021-08-08,Product_3,329.68,9,89.07,Toys,2967.12,Sunday,August
2021-08-09,Product_3,349.95,9,93.53,Toys,3149.5499999999997,Monday,August
2021-08-10,Product_3,393.34,10,67.71,Books,3933.3999999999996,Tuesday,August
2021-08-11,Product_3,376.94,10,90.17,Toys,3769.4,Wednesday,August
2021-08-12,Product_3,415.97,11,39.69,Electronics,4575.67,Thursday,August
2021-08-13,Product_3,414.31,11,41.65,Clothing,4557.41,Friday,August
2021-08-14,Product_3,379.08,10,59.08,Food,3790.7999999999997,Saturday,August
2021-08-15,Product_3,418.0,11,86.59,Food,4598.0,Sunday,August
2021-08-16,Product_3,440.61,12,32.99,Books,5287.32,Monday,August
2021-08-17,Product_3,354.16,9,54.43,Clothing,3187.44,Tuesday,August
2021-08-18,Product_3,350.18,9,20.48,Electronics,3151.62,Wednesday,August
2021-08-19,Product_3,417.16,11,24.3,Food,4588.76,Thursday,August
2021-08-20,Product_3,374.35,10,73.14,Books,3743.5,Friday,August
2021-08-21,Product_3,358.16,9,48.26,Food,3223.44,Saturday,August
2021-08-22,Product_3,385.8,10,70.27,Electronics,3858.0,Sunday,August
2021-08-23,Product_3,372.51,10,56.77,Clothing,3725.1,Monday,August
2021-08-24,Product_3,391.49,10,81.93,Food,3914.9,Tuesday,August
2021-08-25,Product_3,367.88,10,25.43,Toys,3678.8,Wednesday,August
2021-08-26,Product_3,392.23,10,66.5,Food,3922.3,Thursday,August
2021-08-27,Product_3,342.88,9,79.79,Books,3085.92,Friday,August
2021-08-28,Product_3,392.24,10,91.69,Clothing,3922.4,Saturday,August
2021-08-29,Product_3,368.19,10,99.98,Toys,3681.9,Sunday,August
2021-08-30,Product_3,360.04,9,90.0,Toys,3240.36,Monday,August
2021-08-31,Product_3,422.6,11,44.23,Toys,4648.6,Tuesday,August
2021-09-01,Product_3,360.31,9,43.5,Toys,3242.79,Wednesday,September
2021-09-02,Product_3,350.57,9,83.94,Books,3155.13,Thursday,September
2021-09-03,Product_3,449.69,12,22.62,Electronics,5396.28,Friday,September
2021-09-04,Product_3,405.48,11,43.09,Books,4460.280000000001,Saturday,September
2021-09-05,Product_3,388.1,10,96.76,Books,3881.0,Sunday,September
2021-09-06,Product_3,368.78,10,61.55,Food,3687.7999999999997,Monday,September
2021-09-07,Product_3,404.91,11,89.25,Clothing,4454.01,Tuesday,September
2021-09-08,Product_3,392.11,10,28.81,Books,3921.1000000000004,Wednesday,September
2021-09-09,Product_3,392.05,10,45.18,Clothing,3920.5,Thursday,September
2021-09-10,Product_3,348.57,9,34.37,Clothing,3137.13,Friday,September
2021-09-11,Product_3,357.33,9,62.09,Food,3215.97,Saturday,September
2021-09-12,Product_3,338.22,9,99.3,Clothing,3043.9800000000005,Sunday,September
2021-09-13,Product_3,418.96,11,87.57,Clothing,4608.5599999999995,Monday,September
2021-09-14,Product_3,395.67,10,80.79,Books,3956.7000000000003,Tuesday,September
2021-09-15,Product_3,383.55,10,41.89,Toys,3835.5,Wednesday,September
2021-09-16,Product_3,388.32,10,77.16,Food,3883.2,Thursday,September
2021-09-17,Product_3,383.41,10,90.97,Electronics,3834.1000000000004,Friday,September
2021-09-18,Product_3,443.6,12,81.04,Clothing,5323.200000000001,Saturday,September
2021-09-19,Product_3,296.36,8,61.54,Books,2370.88,Sunday,September
2021-09-20,Product_3,330.24,9,83.79,Electronics,2972.16,Monday,September
2021-09-21,Product_3,360.26,9,81.42,Clothing,3242.34,Tuesday,September
2021-09-22,Product_3,329.21,9,82.54,Books,2962.89,Wednesday,September
2021-09-23,Product_3,358.79,9,34.98,Electronics,3229.11,Thursday,September
2021-09-24,Product_3,385.52,10,28.38,Electronics,3855.2,Friday,September
2021-09-25,Product_3,344.82,9,40.23,Clothing,3103.38,Saturday,September
2021-09-26,Product_3,366.05,10,75.85,Toys,3660.5,Sunday,September
2021-09-27,Product_3,375.66,10,86.91,Books,3756.6000000000004,Monday,September
2021-09-28,Product_3,329.24,9,50.8,Electronics,2963.16,Tuesday,September
2021-09-29,Product_3,335.17,9,79.04,Books,3016.53,Wednesday,September
2021-09-30,Product_3,405.5,11,90.96,Electronics,4460.5,Thursday,September
2021-10-01,Product_3,370.59,10,34.46,Books,3705.8999999999996,Friday,October
2021-10-02,Product_3,351.51,9,53.61,Books,3163.59,Saturday,October
2021-10-03,Product_3,379.4,10,48.91,Food,3794.0,Sunday,October
2021-10-04,Product_3,291.29,8,95.7,Books,2330.32,Monday,October
2021-10-05,Product_3,336.36,9,41.48,Books,3027.2400000000002,Tuesday,October
2021-10-06,Product_3,399.86,11,27.15,Clothing,4398.46,Wednesday,October
2021-10-07,Product_3,399.57,11,49.24,Electronics,4395.2699999999995,Thursday,October
2021-10-08,Product_3,402.31,11,45.14,Electronics,4425.41,Friday,October
2021-10-09,Product_3,400.98,11,76.21,Toys,4410.780000000001,Saturday,October
2021-10-10,Product_3,398.26,11,28.15,Toys,4380.86,Sunday,October
2021-10-11,Product_3,372.64,10,28.28,Toys,3726.3999999999996,Monday,October
2021-10-12,Product_3,374.45,10,57.89,Toys,3744.5,Tuesday,October
2021-10-13,Product_3,364.68,10,99.6,Clothing,3646.8,Wednesday,October
2021-10-14,Product_3,464.93,12,95.89,Food,5579.16,Thursday,October
2021-10-15,Product_3,386.46,10,59.48,Toys,3864.6,Friday,October
2021-10-16,Product_3,400.85,11,87.92,Books,4409.35,Saturday,October
2021-10-17,Product_3,332.54,9,37.12,Food,2992.86,Sunday,October
2021-10-18,Product_3,339.64,9,26.02,Clothing,3056.7599999999998,Monday,October
2021-10-19,Product_3,349.67,9,49.25,Toys,3147.03,Tuesday,October
2021-10-20,Product_3,438.22,12,75.59,Clothing,5258.64,Wednesday,October
2021-10-21,Product_3,392.36,10,66.57,Books,3923.6000000000004,Thursday,October
2021-10-22,Product_3,417.78,11,34.65,Books,4595.58,Friday,October
2021-10-23,Product_3,402.39,11,81.38,Electronics,4426.29,Saturday,October
2021-10-24,Product_3,417.7,11,85.28,Electronics,4594.7,Sunday,October
2021-10-25,Product_3,352.91,9,41.38,Electronics,3176.19,Monday,October
2021-10-26,Product_3,351.47,9,63.34,Clothing,3163.2300000000005,Tuesday,October
2021-10-27,Product_3,336.29,9,63.47,Clothing,3026.61,Wednesday,October
2021-10-28,Product_3,420.55,11,70.69,Food,4626.05,Thursday,October
2021-10-29,Product_3,525.29,14,26.2,Electronics,7354.0599999999995,Friday,October
2021-10-30,Product_3,449.71,12,92.24,Electronics,5396.5199999999995,Saturday,October
2021-10-31,Product_3,376.79,10,92.04,Toys,3767.9,Sunday,October
2021-11-01,Product_3,376.54,10,53.27,Books,3765.4,Monday,November
2021-11-02,Product_3,367.53,10,22.02,Food,3675.2999999999997,Tuesday,November
2021-11-03,Product_3,375.33,10,37.25,Electronics,3753.2999999999997,Wednesday,November
2021-11-04,Product_3,388.22,10,42.49,Books,3882.2000000000003,Thursday,November
2021-11-05,Product_3,358.02,9,89.72,Food,3222.18,Friday,November
2021-11-06,Product_3,371.22,10,36.87,Books,3712.2000000000003,Saturday,November
2021-11-07,Product_3,367.66,10,32.34,Food,3676.6000000000004,Sunday,November
2021-11-08,Product_3,419.37,11,25.51,Books,4613.07,Monday,November
2021-11-09,Product_3,415.63,11,93.24,Food,4571.93,Tuesday,November
2021-11-10,Product_3,387.31,10,69.8,Electronics,3873.1,Wednesday,November
2021-11-11,Product_3,405.72,11,56.99,Toys,4462.92,Thursday,November
2021-11-12,Product_3,429.39,11,23.34,Electronics,4723.29,Friday,November
2021-11-13,Product_3,422.54,11,61.51,Food,4647.9400000000005,Saturday,November
2021-11-14,Product_3,386.01,10,71.22,Books,3860.1,Sunday,November
2021-11-15,Product_3,371.08,10,41.02,Books,3710.7999999999997,Monday,November
2021-11-16,Product_3,350.14,9,81.95,Toys,3151.2599999999998,Tuesday,November
2021-11-17,Product_3,327.97,9,34.85,Clothing,2951.7300000000005,Wednesday,November
2021-11-18,Product_3,535.31,14,80.7,Food,7494.339999999999,Thursday,November
2021-11-19,Product_3,466.16,12,95.72,Books,5593.92,Friday,November
2021-11-20,Product_3,444.71,12,95.72,Food,5336.5199999999995,Saturday,November
2021-11-21,Product_3,372.89,10,66.53,Toys,3728.8999999999996,Sunday,November
2021-11-22,Product_3,368.4,10,95.39,Clothing,3684.0,Monday,November
2021-11-23,Product_3,358.65,9,88.78,Books,3227.85,Tuesday,November
2021-11-24,Product_3,429.78,11,65.03,Food,4727.58,Wednesday,November
2021-11-25,Product_3,341.43,9,20.65,Books,3072.87,Thursday,November
2021-11-26,Product_3,432.17,11,34.33,Food,4753.87,Friday,November
2021-11-27,Product_3,412.44,11,24.33,Electronics,4536.84,Saturday,November
2021-11-28,Product_3,373.84,10,93.4,Food,3738.3999999999996,Sunday,November
2021-11-29,Product_3,356.04,9,37.68,Food,3204.36,Monday,November
2021-11-30,Product_3,389.3,10,27.16,Books,3893.0,Tuesday,November
2021-12-01,Product_3,363.38,10,56.08,Clothing,3633.8,Wednesday,December
2021-12-02,Product_3,389.24,10,39.69,Toys,3892.4,Thursday,December
2021-12-03,Product_3,419.92,11,68.33,Electronics,4619.12,Friday,December
2021-12-04,Product_3,429.31,11,97.03,Clothing,4722.41,Saturday,December
2021-12-05,Product_3,376.44,10,91.96,Books,3764.4,Sunday,December
2021-12-06,Product_3,475.38,13,46.51,Food,6179.94,Monday,December
2021-12-07,Product_3,384.93,10,24.59,Food,3849.3,Tuesday,December
2021-12-08,Product_3,362.67,10,79.67,Books,3626.7000000000003,Wednesday,December
2021-12-09,Product_3,416.25,11,20.62,Food,4578.75,Thursday,December
2021-12-10,Product_3,432.4,11,49.11,Electronics,4756.4,Friday,December
2021-12-11,Product_3,483.78,13,40.81,Food,6289.139999999999,Saturday,December
2021-12-12,Product_3,379.89,10,94.84,Food,3798.8999999999996,Sunday,December
2021-12-13,Product_3,338.54,9,69.46,Clothing,3046.86,Monday,December
2021-12-14,Product_3,416.98,11,70.8,Books,4586.780000000001,Tuesday,December
2021-12-15,Product_3,421.45,11,36.72,Clothing,4635.95,Wednesday,December
2021-12-16,Product_3,443.01,12,34.82,Toys,5316.12,Thursday,December
2021-12-17,Product_3,425.45,11,41.0,Electronics,4679.95,Friday,December
2021-12-18,Product_3,485.4,13,43.38,Books,6310.2,Saturday,December
2021-12-19,Product_3,413.17,11,71.93,Clothing,4544.87,Sunday,December
2021-12-20,Product_3,418.18,11,72.67,Electronics,4599.9800000000005,Monday,December
2021-12-21,Product_3,365.35,10,89.71,Toys,3653.5,Tuesday,December
2021-12-22,Product_3,423.56,11,57.13,Food,4659.16,Wednesday,December
2021-12-23,Product_3,407.85,11,31.24,Electronics,4486.35,Thursday,December
2021-12-24,Product_3,435.63,12,71.26,Electronics,5227.5599999999995,Friday,December
2021-12-25,Product_3,407.99,11,57.06,Electronics,4487.89,Saturday,December
2021-12-26,Product_3,411.8,11,53.7,Books,4529.8,Sunday,December
2021-12-27,Product_3,394.52,10,95.87,Toys,3945.2,Monday,December
2021-12-28,Product_3,395.13,10,98.91,Electronics,3951.3,Tuesday,December
2021-12-29,Product_3,399.5,11,28.14,Electronics,4394.5,Wednesday,December
2021-12-30,Product_3,419.24,11,61.27,Food,4611.64,Thursday,December
2021-12-31,Product_3,433.74,11,76.93,Electronics,4771.14,Friday,December
2022-01-01,Product_3,430.33,11,51.78,Books,4733.63,Saturday,January
2022-01-02,Product_3,482.22,13,70.74,Clothing,6268.860000000001,Sunday,January
2022-01-03,Product_3,431.16,11,37.41,Toys,4742.76,Monday,January
2022-01-04,Product_3,410.66,11,49.68,Toys,4517.26,Tuesday,January
2022-01-05,Product_3,425.23,11,89.69,Electronics,4677.530000000001,Wednesday,January
2022-01-06,Product_3,457.17,12,44.98,Food,5486.04,Thursday,January
2022-01-07,Product_3,449.01,12,26.32,Books,5388.12,Friday,January
2022-01-08,Product_3,444.21,12,77.65,Toys,5330.5199999999995,Saturday,January
2022-01-09,Product_3,431.26,11,96.78,Books,4743.86,Sunday,January
2022-01-10,Product_3,394.88,10,88.54,Clothing,3948.8,Monday,January
2022-01-11,Product_3,434.12,12,49.07,Books,5209.4400000000005,Tuesday,January
2022-01-12,Product_3,444.0,12,97.2,Toys,5328.0,Wednesday,January
2022-01-13,Product_3,415.06,11,74.29,Clothing,4565.66,Thursday,January
2022-01-14,Product_3,467.25,12,86.41,Food,5607.0,Friday,January
2022-01-15,Product_3,422.1,11,98.92,Electronics,4643.1,Saturday,January
2022-01-16,Product_3,452.62,12,46.84,Toys,5431.4400000000005,Sunday,January
2022-01-17,Product_3,385.59,10,94.97,Toys,3855.8999999999996,Monday,January
2022-01-18,Product_3,480.6,13,69.74,Books,6247.8,Tuesday,January
2022-01-19,Product_3,451.0,12,82.42,Food,5412.0,Wednesday,January
2022-01-20,Product_3,464.13,12,33.8,Clothing,5569.5599999999995,Thursday,January
2022-01-21,Product_3,514.1,14,62.94,Food,7197.400000000001,Friday,January
2022-01-22,Product_3,472.36,13,58.95,Books,6140.68,Saturday,January
2022-01-23,Product_3,437.83,12,24.75,Food,5253.96,Sunday,January
2022-01-24,Product_3,422.68,11,66.17,Toys,4649.4800000000005,Monday,January
2022-01-25,Product_3,455.44,12,86.97,Books,5465.28,Tuesday,January
2022-01-26,Product_3,455.26,12,43.94,Toys,5463.12,Wednesday,January
2022-01-27,Product_3,474.44,13,90.09,Books,6167.72,Thursday,January
2022-01-28,Product_3,487.27,13,26.97,Food,6334.51,Friday,January
2022-01-29,Product_3,472.32,13,32.14,Electronics,6140.16,Saturday,January
2022-01-30,Product_3,445.41,12,99.05,Toys,5344.92,Sunday,January
2022-01-31,Product_3,410.91,11,69.4,Food,4520.01,Monday,January
2022-02-01,Product_3,498.4,13,87.31,Clothing,6479.2,Tuesday,February
2022-02-02,Product_3,474.98,13,52.66,Books,6174.74,Wednesday,February
2022-02-03,Product_3,423.98,11,46.13,Books,4663.780000000001,Thursday,February
2022-02-04,Product_3,433.16,11,23.54,Food,4764.76,Friday,February
2022-02-05,Product_3,471.46,13,41.52,Books,6128.98,Saturday,February
2022-02-06,Product_3,492.67,13,48.46,Food,6404.71,Sunday,February
2022-02-07,Product_3,479.37,13,79.62,Clothing,6231.81,Monday,February
2022-02-08,Product_3,436.56,12,37.8,Electronics,5238.72,Tuesday,February
2022-02-09,Product_3,448.31,12,84.39,Electronics,5379.72,Wednesday,February
2022-02-10,Product_3,507.34,14,79.63,Toys,7102.759999999999,Thursday,February
2022-02-11,Product_3,446.97,12,90.51,Clothing,5363.64,Friday,February
2022-02-12,Product_3,432.86,11,24.08,Food,4761.46,Saturday,February
2022-02-13,Product_3,422.45,11,20.09,Toys,4646.95,Sunday,February
2022-02-14,Product_3,496.47,13,34.1,Toys,6454.110000000001,Monday,February
2022-02-15,Product_3,513.04,14,97.66,Electronics,7182.5599999999995,Tuesday,February
2022-02-16,Product_3,482.73,13,90.41,Clothing,6275.49,Wednesday,February
2022-02-17,Product_3,482.13,13,55.35,Food,6267.69,Thursday,February
2022-02-18,Product_3,496.24,13,63.93,Electronics,6451.12,Friday,February
2022-02-19,Product_3,427.09,11,73.63,Electronics,4697.99,Saturday,February
2022-02-20,Product_3,409.47,11,57.55,Books,4504.17,Sunday,February
2022-02-21,Product_3,415.26,11,84.68,Food,4567.86,Monday,February
2022-02-22,Product_3,461.65,12,44.0,Electronics,5539.799999999999,Tuesday,February
2022-02-23,Product_3,503.01,13,94.53,Clothing,6539.13,Wednesday,February
2022-02-24,Product_3,525.2,14,47.45,Electronics,7352.800000000001,Thursday,February
2022-02-25,Product_3,530.76,14,94.44,Food,7430.639999999999,Friday,February
2022-02-26,Product_3,487.62,13,22.05,Books,6339.06,Saturday,February
2022-02-27,Product_3,430.43,11,52.67,Food,4734.7300000000005,Sunday,February
2022-02-28,Product_3,462.17,12,57.93,Electronics,5546.04,Monday,February
2022-03-01,Product_3,460.55,12,80.64,Clothing,5526.6,Tuesday,March
2022-03-02,Product_3,526.74,14,31.33,Clothing,7374.360000000001,Wednesday,March
2022-03-03,Product_3,470.15,13,87.4,Clothing,6111.95,Thursday,March
2022-03-04,Product_3,501.34,13,23.66,Food,6517.42,Friday,March
2022-03-05,Product_3,495.01,13,66.16,Food,6435.13,Saturday,March
2022-03-06,Product_3,444.42,12,89.76,Electronics,5333.04,Sunday,March
2022-03-07,Product_3,457.11,12,74.35,Toys,5485.32,Monday,March
2022-03-08,Product_3,464.41,12,78.44,Food,5572.92,Tuesday,March
2022-03-09,Product_3,467.76,12,61.89,Food,5613.12,Wednesday,March
2022-03-10,Product_3,534.27,14,87.31,Electronics,7479.78,Thursday,March
2022-03-11,Product_3,525.42,14,25.8,Toys,7355.879999999999,Friday,March
2022-03-12,Product_3,481.06,13,47.59,Toys,6253.78,Saturday,March
2022-03-13,Product_3,458.19,12,80.52,Toys,5498.28,Sunday,March
2022-03-14,Product_3,444.2,12,94.72,Books,5330.4,Monday,March
2022-03-15,Product_3,425.41,11,57.78,Books,4679.51,Tuesday,March
2022-03-16,Product_3,490.36,13,27.41,Clothing,6374.68,Wednesday,March
2022-03-17,Product_3,497.39,13,28.18,Toys,6466.07,Thursday,March
2022-03-18,Product_3,513.88,14,43.11,Books,7194.32,Friday,March
2022-03-19,Product_3,457.7,12,54.1,Food,5492.4,Saturday,March
2022-03-20,Product_3,468.31,12,26.14,Electronics,5619.72,Sunday,March
2022-03-21,Product_3,523.97,14,31.36,Food,7335.58,Monday,March
2022-03-22,Product_3,462.33,12,40.22,Food,5547.96,Tuesday,March
2022-03-23,Product_3,500.4,13,40.33,Electronics,6505.2,Wednesday,March
2022-03-24,Product_3,462.55,12,87.73,Books,5550.6,Thursday,March
2022-03-25,Product_3,560.83,15,27.84,Clothing,8412.45,Friday,March
2022-03-26,Product_3,532.54,14,35.58,Clothing,7455.5599999999995,Saturday,March
2022-03-27,Product_3,439.44,12,72.34,Toys,5273.28,Sunday,March
2022-03-28,Product_3,459.01,12,75.71,Toys,5508.12,Monday,March
2022-03-29,Product_3,430.55,11,67.98,Food,4736.05,Tuesday,March
2022-03-30,Product_3,412.9,11,87.64,Toys,4541.9,Wednesday,March
2022-03-31,Product_3,476.76,13,73.58,Clothing,6197.88,Thursday,March
2022-04-01,Product_3,471.22,13,73.86,Food,6125.860000000001,Friday,April
2022-04-02,Product_3,513.09,14,77.6,Electronics,7183.26,Saturday,April
2022-04-03,Product_3,463.83,12,23.08,Clothing,5565.96,Sunday,April
2022-04-04,Product_3,468.01,12,26.07,Electronics,5616.12,Monday,April
2022-04-05,Product_3,521.13,14,48.43,Electronics,7295.82,Tuesday,April
2022-04-06,Product_3,508.6,14,56.02,Clothing,7120.400000000001,Wednesday,April
2022-04-07,Product_3,533.22,14,83.63,Toys,7465.08,Thursday,April
2022-04-08,Product_3,499.33,13,47.62,Food,6491.29,Friday,April
2022-04-09,Product_3,465.99,12,72.27,Clothing,5591.88,Saturday,April
2022-04-10,Product_3,536.34,14,41.56,Food,7508.76,Sunday,April
2022-04-11,Product_3,428.0,11,38.58,Clothing,4708.0,Monday,April
2022-04-12,Product_3,449.54,12,84.62,Electronics,5394.4800000000005,Tuesday,April
2022-04-13,Product_3,489.52,13,52.9,Books,6363.76,Wednesday,April
2022-04-14,Product_3,518.1,14,87.89,Clothing,7253.400000000001,Thursday,April
2022-04-15,Product_3,504.81,13,91.47,Clothing,6562.53,Friday,April
2022-04-16,Product_3,523.84,14,32.34,Clothing,7333.76,Saturday,April
2022-04-17,Product_3,442.99,12,22.43,Books,5315.88,Sunday,April
2022-04-18,Product_3,487.9,13,92.29,Electronics,6342.7,Monday,April
2022-04-19,Product_3,508.5,14,23.82,Food,7119.0,Tuesday,April
2022-04-20,Product_3,433.82,11,49.17,Food,4772.0199999999995,Wednesday,April
2022-04-21,Product_3,496.56,13,62.55,Toys,6455.28,Thursday,April
2022-04-22,Product_3,458.93,12,61.96,Electronics,5507.16,Friday,April
2022-04-23,Product_3,470.28,13,74.09,Electronics,6113.639999999999,Saturday,April
2022-04-24,Product_3,432.77,11,50.39,Toys,4760.469999999999,Sunday,April
2022-04-25,Product_3,466.97,12,65.01,Clothing,5603.64,Monday,April
2022-04-26,Product_3,469.32,12,62.45,Clothing,5631.84,Tuesday,April
2022-04-27,Product_3,574.28,15,32.63,Clothing,8614.199999999999,Wednesday,April
2022-04-28,Product_3,489.43,13,28.67,Clothing,6362.59,Thursday,April
2022-04-29,Product_3,495.73,13,37.15,Clothing,6444.49,Friday,April
2022-04-30,Product_3,550.32,15,32.49,Food,8254.800000000001,Saturday,April
2022-05-01,Product_3,442.08,12,20.75,Clothing,5304.96,Sunday,May
2022-05-02,Product_3,452.01,12,49.58,Toys,5424.12,Monday,May
2022-05-03,Product_3,448.63,12,74.24,Toys,5383.5599999999995,Tuesday,May
2022-05-04,Product_3,450.4,12,67.82,Clothing,5404.799999999999,Wednesday,May
2022-05-05,Product_3,514.7,14,60.22,Electronics,7205.800000000001,Thursday,May
2022-05-06,Product_3,505.27,13,64.4,Toys,6568.51,Friday,May
2022-05-07,Product_3,525.1,14,53.4,Electronics,7351.400000000001,Saturday,May
2022-05-08,Product_3,463.64,12,63.56,Toys,5563.68,Sunday,May
2022-05-09,Product_3,455.68,12,92.4,Clothing,5468.16,Monday,May
2022-05-10,Product_3,472.92,13,64.54,Toys,6147.96,Tuesday,May
2022-05-11,Product_3,540.56,14,80.69,Electronics,7567.839999999999,Wednesday,May
2022-05-12,Product_3,496.58,13,25.8,Electronics,6455.54,Thursday,May
2022-05-13,Product_3,462.69,12,87.29,Books,5552.28,Friday,May
2022-05-14,Product_3,470.86,13,61.08,Clothing,6121.18,Saturday,May
2022-05-15,Product_3,495.32,13,71.39,Food,6439.16,Sunday,May
2022-05-16,Product_3,414.13,11,74.74,Food,4555.43,Monday,May
2022-05-17,Product_3,435.28,12,95.72,Electronics,5223.36,Tuesday,May
2022-05-18,Product_3,500.14,13,77.39,Clothing,6501.82,Wednesday,May
2022-05-19,Product_3,482.6,13,25.84,Food,6273.8,Thursday,May
2022-05-20,Product_3,575.96,15,47.59,Electronics,8639.400000000001,Friday,May
2022-05-21,Product_3,512.12,14,42.85,Clothing,7169.68,Saturday,May
2022-05-22,Product_3,456.67,12,96.52,Clothing,5480.04,Sunday,May
2022-05-23,Product_3,434.48,12,68.32,Electronics,5213.76,Monday,May
2022-05-24,Product_3,487.16,13,80.54,Electronics,6333.08,Tuesday,May
2022-05-25,Product_3,476.46,13,21.1,Food,6193.98,Wednesday,May
2022-05-26,Product_3,515.25,14,24.75,Clothing,7213.5,Thursday,May
2022-05-27,Product_3,500.21,13,88.23,Electronics,6502.73,Friday,May
2022-05-28,Product_3,458.08,12,95.38,Books,5496.96,Saturday,May
2022-05-29,Product_3,487.63,13,97.12,Food,6339.19,Sunday,May
2022-05-30,Product_3,453.65,12,54.14,Books,5443.799999999999,Monday,May
2022-05-31,Product_3,445.79,12,57.47,Food,5349.4800000000005,Tuesday,May
2022-06-01,Product_3,511.27,14,85.03,Books,7157.78,Wednesday,June
2022-06-02,Product_3,458.15,12,44.7,Food,5497.799999999999,Thursday,June
2022-06-03,Product_3,501.59,13,33.76,Toys,6520.67,Friday,June
2022-06-04,Product_3,479.05,13,87.63,Books,6227.650000000001,Saturday,June
2022-06-05,Product_3,402.48,11,33.23,Food,4427.280000000001,Sunday,June
2022-06-06,Product_3,502.71,13,34.96,Books,6535.23,Monday,June
2022-06-07,Product_3,439.34,12,91.5,Books,5272.08,Tuesday,June
2022-06-08,Product_3,486.25,13,36.28,Food,6321.25,Wednesday,June
2022-06-09,Product_3,477.06,13,39.7,Clothing,6201.78,Thursday,June
2022-06-10,Product_3,490.1,13,23.79,Food,6371.3,Friday,June
2022-06-11,Product_3,502.79,13,29.14,Electronics,6536.27,Saturday,June
2022-06-12,Product_3,420.49,11,25.46,Books,4625.39,Sunday,June
2022-06-13,Product_3,407.4,11,53.02,Clothing,4481.4,Monday,June
2022-06-14,Product_3,496.2,13,40.05,Clothing,6450.599999999999,Tuesday,June
2022-06-15,Product_3,443.22,12,80.12,Clothing,5318.64,Wednesday,June
2022-06-16,Product_3,460.97,12,89.89,Food,5531.64,Thursday,June
2022-06-17,Product_3,463.75,12,91.88,Toys,5565.0,Friday,June
2022-06-18,Product_3,498.68,13,85.87,Books,6482.84,Saturday,June
2022-06-19,Product_3,495.99,13,21.34,Food,6447.87,Sunday,June
2022-06-20,Product_3,487.36,13,24.91,Food,6335.68,Monday,June
2022-06-21,Product_3,475.94,13,71.42,Food,6187.22,Tuesday,June
2022-06-22,Product_3,505.08,13,71.32,Clothing,6566.04,Wednesday,June
2022-06-23,Product_3,487.35,13,87.46,Electronics,6335.55,Thursday,June
2022-06-24,Product_3,480.09,13,50.25,Electronics,6241.17,Friday,June
2022-06-25,Product_3,450.53,12,99.56,Clothing,5406.36,Saturday,June
2022-06-26,Product_3,455.68,12,65.17,Books,5468.16,Sunday,June
2022-06-27,Product_3,482.46,13,47.35,Food,6271.98,Monday,June
2022-06-28,Product_3,458.35,12,99.36,Clothing,5500.200000000001,Tuesday,June
2022-06-29,Product_3,425.81,11,95.28,Electronics,4683.91,Wednesday,June
2022-06-30,Product_3,451.66,12,30.11,Books,5419.92,Thursday,June
2022-07-01,Product_3,456.09,12,82.68,Clothing,5473.08,Friday,July
2022-07-02,Product_3,413.21,11,31.63,Electronics,4545.3099999999995,Saturday,July
2022-07-03,Product_3,448.82,12,39.18,Food,5385.84,Sunday,July
2022-07-04,Product_3,447.11,12,71.92,Food,5365.32,Monday,July
2022-07-05,Product_3,451.54,12,44.79,Food,5418.4800000000005,Tuesday,July
2022-07-06,Product_3,536.63,14,77.99,Electronics,7512.82,Wednesday,July
2022-07-07,Product_3,418.32,11,24.29,Toys,4601.5199999999995,Thursday,July
2022-07-08,Product_3,446.22,12,42.79,Electronics,5354.64,Friday,July
2022-07-09,Product_3,421.03,11,76.49,Books,4631.33,Saturday,July
2022-07-10,Product_3,474.68,13,69.28,Toys,6170.84,Sunday,July
2022-07-11,Product_3,421.7,11,94.78,Food,4638.7,Monday,July
2022-07-12,Product_3,395.62,10,27.12,Books,3956.2,Tuesday,July
2022-07-13,Product_3,449.17,12,25.38,Toys,5390.04,Wednesday,July
2022-07-14,Product_3,507.86,14,85.96,Books,7110.04,Thursday,July
2022-07-15,Product_3,447.7,12,74.73,Electronics,5372.4,Friday,July
2022-07-16,Product_3,433.7,11,37.0,Electronics,4770.7,Saturday,July
2022-07-17,Product_3,425.14,11,93.21,Food,4676.54,Sunday,July
2022-07-18,Product_3,480.33,13,35.05,Food,6244.29,Monday,July
2022-07-19,Product_3,415.2,11,73.25,Toys,4567.2,Tuesday,July
2022-07-20,Product_3,412.78,11,73.5,Food,4540.58,Wednesday,July
2022-07-21,Product_3,449.73,12,72.77,Toys,5396.76,Thursday,July
2022-07-22,Product_3,424.38,11,97.9,Clothing,4668.18,Friday,July
2022-07-23,Product_3,444.88,12,36.32,Toys,5338.5599999999995,Saturday,July
2022-07-24,Product_3,425.44,11,27.92,Books,4679.84,Sunday,July
2022-07-25,Product_3,435.33,12,53.86,Electronics,5223.96,Monday,July
2022-07-26,Product_3,423.6,11,76.34,Clothing,4659.6,Tuesday,July
2022-07-27,Product_3,421.3,11,39.57,Food,4634.3,Wednesday,July
2022-07-28,Product_3,496.82,13,55.5,Books,6458.66,Thursday,July
2022-07-29,Product_3,425.55,11,40.59,Food,4681.05,Friday,July
2022-07-30,Product_3,447.02,12,82.35,Food,5364.24,Saturday,July
2022-07-31,Product_3,399.55,11,83.9,Electronics,4395.05,Sunday,July
2022-08-01,Product_3,362.1,10,61.94,Books,3621.0,Monday,August
2022-08-02,Product_3,433.76,11,48.11,Food,4771.36,Tuesday,August
2022-08-03,Product_3,429.83,11,55.91,Food,4728.13,Wednesday,August
2022-08-04,Product_3,403.2,11,52.01,Electronics,4435.2,Thursday,August
2022-08-05,Product_3,478.28,13,92.59,Toys,6217.639999999999,Friday,August
2022-08-06,Product_3,446.79,12,76.46,Books,5361.4800000000005,Saturday,August
2022-08-07,Product_3,370.38,10,50.12,Food,3703.8,Sunday,August
2022-08-08,Product_3,427.27,11,78.5,Toys,4699.969999999999,Monday,August
2022-08-09,Product_3,356.85,9,40.7,Toys,3211.65,Tuesday,August
2022-08-10,Product_3,400.86,11,54.62,Food,4409.46,Wednesday,August
2022-08-11,Product_3,481.21,13,94.42,Toys,6255.73,Thursday,August
2022-08-12,Product_3,388.32,10,65.43,Books,3883.2,Friday,August
2022-08-13,Product_3,414.9,11,54.72,Electronics,4563.9,Saturday,August
2022-08-14,Product_3,375.99,10,58.59,Books,3759.9,Sunday,August
2022-08-15,Product_3,465.67,12,99.04,Electronics,5588.04,Monday,August
2022-08-16,Product_3,375.68,10,99.49,Books,3756.8,Tuesday,August
2022-08-17,Product_3,423.66,11,24.39,Clothing,4660.26,Wednesday,August
2022-08-18,Product_3,445.87,12,42.91,Food,5350.4400000000005,Thursday,August
2022-08-19,Product_3,433.97,12,97.85,Food,5207.64,Friday,August
2022-08-20,Product_3,432.49,11,57.54,Food,4757.39,Saturday,August
2022-08-21,Product_3,394.58,10,57.09,Toys,3945.7999999999997,Sunday,August
2022-08-22,Product_3,360.64,9,99.23,Food,3245.7599999999998,Monday,August
2022-08-23,Product_3,350.03,9,44.5,Clothing,3150.2699999999995,Tuesday,August
2022-08-24,Product_3,408.32,11,76.78,Electronics,4491.5199999999995,Wednesday,August
2022-08-25,Product_3,406.48,11,53.21,Electronics,4471.280000000001,Thursday,August
2022-08-26,Product_3,456.8,12,57.18,Toys,5481.6,Friday,August
2022-08-27,Product_3,395.9,10,97.43,Electronics,3959.0,Saturday,August
2022-08-28,Product_3,361.37,9,63.92,Electronics,3252.33,Sunday,August
2022-08-29,Product_3,425.84,11,87.63,Books,4684.24,Monday,August
2022-08-30,Product_3,395.63,10,58.22,Books,3956.3,Tuesday,August
2022-08-31,Product_3,420.18,11,68.06,Toys,4621.9800000000005,Wednesday,August
2022-09-01,Product_3,426.59,11,90.57,Toys,4692.49,Thursday,September
2022-09-02,Product_3,399.13,11,73.06,Books,4390.43,Friday,September
2022-09-03,Product_3,402.37,11,25.97,Electronics,4426.07,Saturday,September
2022-09-04,Product_3,380.61,10,68.85,Books,3806.1000000000004,Sunday,September
2022-09-05,Product_3,398.84,11,69.95,Books,4387.24,Monday,September
2022-09-06,Product_3,413.54,11,53.22,Clothing,4548.9400000000005,Tuesday,September
2022-09-07,Product_3,427.22,11,71.43,Toys,4699.42,Wednesday,September
2022-09-08,Product_3,466.26,12,89.68,Clothing,5595.12,Thursday,September
2022-09-09,Product_3,445.74,12,84.48,Electronics,5348.88,Friday,September
2022-09-10,Product_3,393.33,10,39.75,Toys,3933.2999999999997,Saturday,September
2022-09-11,Product_3,340.73,9,84.19,Clothing,3066.57,Sunday,September
2022-09-12,Product_3,449.3,12,82.59,Food,5391.6,Monday,September
2022-09-13,Product_3,581.42,16,65.49,Clothing,9302.72,Tuesday,September
2022-09-14,Product_3,466.83,12,22.77,Books,5601.96,Wednesday,September
2022-09-15,Product_3,449.86,12,75.72,Food,5398.32,Thursday,September
2022-09-16,Product_3,486.9,13,79.99,Toys,6329.7,Friday,September
2022-09-17,Product_3,366.9,10,42.44,Food,3669.0,Saturday,September
2022-09-18,Product_3,449.74,12,29.53,Clothing,5396.88,Sunday,September
2022-09-19,Product_3,434.41,12,66.71,Toys,5212.92,Monday,September
2022-09-20,Product_3,415.86,11,44.07,Clothing,4574.46,Tuesday,September
2022-09-21,Product_3,405.84,11,81.13,Food,4464.24,Wednesday,September
2022-09-22,Product_3,410.75,11,97.03,Books,4518.25,Thursday,September
2022-09-23,Product_3,396.92,10,97.94,Food,3969.2000000000003,Friday,September
2022-09-24,Product_3,441.64,12,97.99,Toys,5299.68,Saturday,September
2022-09-25,Product_3,416.81,11,62.55,Books,4584.91,Sunday,September
2022-09-26,Product_3,404.69,11,43.18,Clothing,4451.59,Monday,September
2022-09-27,Product_3,363.38,10,88.7,Electronics,3633.8,Tuesday,September
2022-09-28,Product_3,433.36,11,92.3,Food,4766.96,Wednesday,September
2022-09-29,Product_3,503.36,13,78.58,Food,6543.68,Thursday,September
2022-09-30,Product_3,422.38,11,23.35,Toys,4646.18,Friday,September
2022-10-01,Product_3,387.42,10,25.38,Clothing,3874.2000000000003,Saturday,October
2022-10-02,Product_3,400.62,11,75.55,Toys,4406.82,Sunday,October
2022-10-03,Product_3,332.84,9,33.71,Electronics,2995.56,Monday,October
2022-10-04,Product_3,432.65,11,65.98,Clothing,4759.15,Tuesday,October
2022-10-05,Product_3,381.33,10,23.5,Electronics,3813.2999999999997,Wednesday,October
2022-10-06,Product_3,376.51,10,34.28,Food,3765.1,Thursday,October
2022-10-07,Product_3,392.37,10,74.94,Books,3923.7,Friday,October
2022-10-08,Product_3,462.11,12,43.89,Clothing,5545.32,Saturday,October
2022-10-09,Product_3,382.35,10,36.21,Toys,3823.5,Sunday,October
2022-10-10,Product_3,399.5,11,78.03,Clothing,4394.5,Monday,October
2022-10-11,Product_3,427.5,11,95.1,Electronics,4702.5,Tuesday,October
2022-10-12,Product_3,451.32,12,83.31,Toys,5415.84,Wednesday,October
2022-10-13,Product_3,392.07,10,46.08,Books,3920.7,Thursday,October
2022-10-14,Product_3,415.71,11,43.58,Electronics,4572.8099999999995,Friday,October
2022-10-15,Product_3,433.73,11,61.72,Food,4771.030000000001,Saturday,October
2022-10-16,Product_3,377.41,10,96.51,Electronics,3774.1000000000004,Sunday,October
2022-10-17,Product_3,416.19,11,96.51,Clothing,4578.09,Monday,October
2022-10-18,Product_3,464.26,12,44.18,Food,5571.12,Tuesday,October
2022-10-19,Product_3,407.18,11,29.85,Books,4478.9800000000005,Wednesday,October
2022-10-20,Product_3,403.88,11,43.89,Books,4442.68,Thursday,October
2022-10-21,Product_3,418.07,11,32.77,Clothing,4598.7699999999995,Friday,October
2022-10-22,Product_3,381.49,10,91.91,Toys,3814.9,Saturday,October
2022-10-23,Product_3,379.38,10,80.84,Toys,3793.8,Sunday,October
2022-10-24,Product_3,390.36,10,73.96,Food,3903.6000000000004,Monday,October
2022-10-25,Product_3,341.53,9,51.63,Books,3073.7699999999995,Tuesday,October
2022-10-26,Product_3,398.76,11,61.58,Clothing,4386.36,Wednesday,October
2022-10-27,Product_3,392.46,10,50.51,Clothing,3924.6,Thursday,October
2022-10-28,Product_3,421.52,11,37.74,Toys,4636.719999999999,Friday,October
2022-10-29,Product_3,421.5,11,92.45,Food,4636.5,Saturday,October
2022-10-30,Product_3,409.94,11,44.53,Books,4509.34,Sunday,October
2022-10-31,Product_3,381.35,10,82.41,Clothing,3813.5,Monday,October
2022-11-01,Product_3,390.94,10,67.93,Clothing,3909.4,Tuesday,November
2022-11-02,Product_3,400.35,11,71.88,Electronics,4403.85,Wednesday,November
2022-11-03,Product_3,439.01,12,77.82,Toys,5268.12,Thursday,November
2022-11-04,Product_3,444.41,12,85.73,Food,5332.92,Friday,November
2022-11-05,Product_3,574.46,15,80.16,Toys,8616.900000000001,Saturday,November
2022-11-06,Product_3,459.29,12,50.44,Food,5511.4800000000005,Sunday,November
2022-11-07,Product_3,400.57,11,81.07,Food,4406.2699999999995,Monday,November
2022-11-08,Product_3,423.13,11,52.48,Electronics,4654.43,Tuesday,November
2022-11-09,Product_3,392.17,10,59.98,Books,3921.7000000000003,Wednesday,November
2022-11-10,Product_3,442.08,12,34.56,Food,5304.96,Thursday,November
2022-11-11,Product_3,396.21,10,71.36,Books,3962.1,Friday,November
2022-11-12,Product_3,427.22,11,95.45,Clothing,4699.42,Saturday,November
2022-11-13,Product_3,457.89,12,86.75,Electronics,5494.68,Sunday,November
2022-11-14,Product_3,406.32,11,26.54,Toys,4469.5199999999995,Monday,November
2022-11-15,Product_3,400.39,11,26.45,Clothing,4404.29,Tuesday,November
2022-11-16,Product_3,409.61,11,29.78,Books,4505.71,Wednesday,November
2022-11-17,Product_3,460.67,12,69.66,Toys,5528.04,Thursday,November
2022-11-18,Product_3,459.59,12,46.19,Books,5515.08,Friday,November
2022-11-19,Product_3,415.85,11,25.56,Food,4574.35,Saturday,November
2022-11-20,Product_3,402.5,11,41.07,Electronics,4427.5,Sunday,November
2022-11-21,Product_3,392.91,10,77.57,Toys,3929.1000000000004,Monday,November
2022-11-22,Product_3,420.9,11,88.35,Food,4629.9,Tuesday,November
2022-11-23,Product_3,437.66,12,43.92,Clothing,5251.92,Wednesday,November
2022-11-24,Product_3,437.05,12,69.17,Clothing,5244.6,Thursday,November
2022-11-25,Product_3,518.36,14,97.51,Food,7257.04,Friday,November
2022-11-26,Product_3,461.34,12,84.82,Books,5536.08,Saturday,November
2022-11-27,Product_3,397.37,10,33.49,Electronics,3973.7,Sunday,November
2022-11-28,Product_3,389.11,10,41.7,Toys,3891.1000000000004,Monday,November
2022-11-29,Product_3,423.4,11,65.59,Books,4657.4,Tuesday,November
2022-11-30,Product_3,452.66,12,43.92,Electronics,5431.92,Wednesday,November
2022-12-01,Product_3,471.62,13,57.48,Toys,6131.06,Thursday,December
2022-12-02,Product_3,467.39,12,94.82,Clothing,5608.68,Friday,December
2022-12-03,Product_3,412.53,11,21.6,Toys,4537.83,Saturday,December
2022-12-04,Product_3,405.36,11,70.06,Clothing,4458.96,Sunday,December
2022-12-05,Product_3,432.44,11,21.35,Food,4756.84,Monday,December
2022-12-06,Product_3,421.77,11,45.97,Clothing,4639.469999999999,Tuesday,December
2022-12-07,Product_3,437.89,12,20.08,Clothing,5254.68,Wednesday,December
2022-12-08,Product_3,479.67,13,27.01,Food,6235.71,Thursday,December
2022-12-09,Product_3,455.27,12,44.22,Books,5463.24,Friday,December
2022-12-10,Product_3,454.1,12,58.33,Electronics,5449.200000000001,Saturday,December
2022-12-11,Product_3,446.58,12,62.34,Toys,5358.96,Sunday,December
2022-12-12,Product_3,401.15,11,43.51,Electronics,4412.65,Monday,December
2022-12-13,Product_3,524.28,14,34.55,Toys,7339.92,Tuesday,December
2022-12-14,Product_3,490.98,13,45.31,Clothing,6382.74,Wednesday,December
2022-12-15,Product_3,430.39,11,64.71,Books,4734.29,Thursday,December
2022-12-16,Product_3,452.18,12,70.49,Books,5426.16,Friday,December
2022-12-17,Product_3,460.94,12,95.49,Clothing,5531.28,Saturday,December
2022-12-18,Product_3,493.12,13,51.88,Clothing,6410.56,Sunday,December
2022-12-19,Product_3,407.98,11,82.8,Food,4487.780000000001,Monday,December
2022-12-20,Product_3,456.72,12,83.45,Food,5480.64,Tuesday,December
2022-12-21,Product_3,446.87,12,21.54,Toys,5362.4400000000005,Wednesday,December
2022-12-22,Product_3,465.46,12,53.65,Clothing,5585.5199999999995,Thursday,December
2022-12-23,Product_3,460.7,12,87.32,Books,5528.4,Friday,December
2022-12-24,Product_3,457.07,12,31.26,Toys,5484.84,Saturday,December
2022-12-25,Product_3,420.63,11,85.78,Books,4626.93,Sunday,December
2022-12-26,Product_3,473.61,13,59.26,Books,6156.93,Monday,December
2022-12-27,Product_3,394.59,10,39.16,Electronics,3945.8999999999996,Tuesday,December
2022-12-28,Product_3,471.37,13,97.62,Food,6127.81,Wednesday,December
2022-12-29,Product_3,444.65,12,46.45,Food,5335.799999999999,Thursday,December
2022-12-30,Product_3,475.58,13,82.71,Electronics,6182.54,Friday,December
2022-12-31,Product_3,470.57,13,89.23,Clothing,6117.41,Saturday,December
2023-01-01,Product_3,403.58,11,44.27,Toys,4439.38,Sunday,January
2023-01-02,Product_3,449.52,12,29.37,Electronics,5394.24,Monday,January
2023-01-03,Product_3,460.33,12,71.66,Books,5523.96,Tuesday,January
2023-01-04,Product_3,477.24,13,90.48,Books,6204.12,Wednesday,January
2023-01-05,Product_3,495.96,13,82.56,Electronics,6447.48,Thursday,January
2023-01-06,Product_3,498.65,13,22.45,Electronics,6482.45,Friday,January
2023-01-07,Product_3,469.11,12,77.42,Food,5629.32,Saturday,January
2023-01-08,Product_3,408.9,11,85.08,Electronics,4497.9,Sunday,January
2023-01-09,Product_3,429.65,11,26.83,Electronics,4726.15,Monday,January
2023-01-10,Product_3,418.45,11,63.92,Food,4602.95,Tuesday,January
2023-01-11,Product_3,478.51,13,99.29,Food,6220.63,Wednesday,January
2023-01-12,Product_3,495.85,13,79.04,Electronics,6446.05,Thursday,January
2023-01-13,Product_3,469.14,12,33.5,Toys,5629.68,Friday,January
2023-01-14,Product_3,491.45,13,44.61,Electronics,6388.849999999999,Saturday,January
2023-01-15,Product_3,450.98,12,59.28,Electronics,5411.76,Sunday,January
2023-01-16,Product_3,433.3,11,38.15,Books,4766.3,Monday,January
2023-01-17,Product_3,454.69,12,49.1,Clothing,5456.28,Tuesday,January
2023-01-18,Product_3,447.44,12,31.26,Books,5369.28,Wednesday,January
2023-01-19,Product_3,484.23,13,90.24,Clothing,6294.99,Thursday,January
2023-01-20,Product_3,474.0,13,87.92,Electronics,6162.0,Friday,January
2023-01-21,Product_3,511.57,14,89.92,Books,7161.98,Saturday,January
2023-01-22,Product_3,462.03,12,31.23,Food,5544.36,Sunday,January
2023-01-23,Product_3,473.6,13,41.97,Food,6156.8,Monday,January
2023-01-24,Product_3,515.43,14,80.38,Toys,7216.0199999999995,Tuesday,January
2023-01-25,Product_3,490.54,13,76.61,Books,6377.02,Wednesday,January
2023-01-26,Product_3,491.88,13,54.22,Toys,6394.44,Thursday,January
2023-01-27,Product_3,470.16,13,98.07,Toys,6112.08,Friday,January
2023-01-28,Product_3,459.59,12,24.65,Books,5515.08,Saturday,January
2023-01-29,Product_3,445.31,12,96.65,Toys,5343.72,Sunday,January
2023-01-30,Product_3,521.04,14,99.54,Toys,7294.5599999999995,Monday,January
2023-01-31,Product_3,467.02,12,38.37,Electronics,5604.24,Tuesday,January
2023-02-01,Product_3,465.06,12,64.0,Clothing,5580.72,Wednesday,February
2023-02-02,Product_3,538.81,14,98.4,Clothing,7543.339999999999,Thursday,February
2023-02-03,Product_3,547.77,15,85.46,Electronics,8216.55,Friday,February
2023-02-04,Product_3,511.29,14,48.69,Books,7158.06,Saturday,February
2023-02-05,Product_3,456.3,12,83.01,Toys,5475.6,Sunday,February
2023-02-06,Product_3,487.39,13,79.46,Toys,6336.07,Monday,February
2023-02-07,Product_3,441.46,12,38.8,Clothing,5297.5199999999995,Tuesday,February
2023-02-08,Product_3,456.82,12,47.7,Food,5481.84,Wednesday,February
2023-02-09,Product_3,542.27,14,97.59,Books,7591.78,Thursday,February
2023-02-10,Product_3,507.62,14,40.12,Toys,7106.68,Friday,February
2023-02-11,Product_3,515.79,14,64.97,Clothing,7221.0599999999995,Saturday,February
2023-02-12,Product_3,505.08,13,37.17,Electronics,6566.04,Sunday,February
2023-02-13,Product_3,507.51,14,58.07,Books,7105.139999999999,Monday,February
2023-02-14,Product_3,456.18,12,68.0,Books,5474.16,Tuesday,February
2023-02-15,Product_3,441.23,12,33.45,Books,5294.76,Wednesday,February
2023-02-16,Product_3,496.15,13,94.84,Food,6449.95,Thursday,February
2023-02-17,Product_3,569.61,15,41.84,Food,8544.15,Friday,February
2023-02-18,Product_3,504.31,13,96.06,Clothing,6556.03,Saturday,February
2023-02-19,Product_3,496.67,13,52.11,Food,6456.71,Sunday,February
2023-02-20,Product_3,540.58,14,30.03,Toys,7568.120000000001,Monday,February
2023-02-21,Product_3,471.53,13,95.65,Food,6129.889999999999,Tuesday,February
2023-02-22,Product_3,508.99,14,26.66,Food,7125.860000000001,Wednesday,February
2023-02-23,Product_3,558.53,15,44.75,Electronics,8377.949999999999,Thursday,February
2023-02-24,Product_3,581.05,16,94.74,Clothing,9296.8,Friday,February
2023-02-25,Product_3,486.41,13,90.63,Food,6323.33,Saturday,February
2023-02-26,Product_3,507.22,14,21.71,Electronics,7101.08,Sunday,February
2023-02-27,Product_3,531.86,14,56.67,Clothing,7446.04,Monday,February
2023-02-28,Product_3,421.19,11,99.22,Books,4633.09,Tuesday,February
2023-03-01,Product_3,507.83,14,93.6,Books,7109.62,Wednesday,March
2023-03-02,Product_3,439.79,12,83.34,Toys,5277.4800000000005,Thursday,March
2023-03-03,Product_3,519.19,14,59.64,Food,7268.660000000001,Friday,March
2023-03-04,Product_3,550.16,15,22.21,Clothing,8252.4,Saturday,March
2023-03-05,Product_3,522.72,14,95.86,Books,7318.08,Sunday,March
2023-03-06,Product_3,494.9,13,52.91,Electronics,6433.7,Monday,March
2023-03-07,Product_3,481.2,13,23.65,Food,6255.599999999999,Tuesday,March
2023-03-08,Product_3,521.96,14,45.74,Books,7307.4400000000005,Wednesday,March
2023-03-09,Product_3,559.93,15,25.55,Books,8398.949999999999,Thursday,March
2023-03-10,Product_3,524.95,14,60.29,Food,7349.300000000001,Friday,March
2023-03-11,Product_3,527.44,14,25.09,Electronics,7384.160000000001,Saturday,March
2023-03-12,Product_3,509.0,14,67.75,Electronics,7126.0,Sunday,March
2023-03-13,Product_3,508.1,14,39.06,Electronics,7113.400000000001,Monday,March
2023-03-14,Product_3,519.63,14,34.48,Toys,7274.82,Tuesday,March
2023-03-15,Product_3,496.21,13,54.29,Food,6450.73,Wednesday,March
2023-03-16,Product_3,526.58,14,44.58,Food,7372.120000000001,Thursday,March
2023-03-17,Product_3,518.5,14,88.6,Electronics,7259.0,Friday,March
2023-03-18,Product_3,463.67,12,25.66,Food,5564.04,Saturday,March
2023-03-19,Product_3,554.35,15,90.84,Books,8315.25,Sunday,March
2023-03-20,Product_3,555.55,15,35.31,Books,8333.25,Monday,March
2023-03-21,Product_3,477.86,13,24.15,Food,6212.18,Tuesday,March
2023-03-22,Product_3,565.9,15,85.63,Toys,8488.5,Wednesday,March
2023-03-23,Product_3,547.03,15,50.7,Food,8205.449999999999,Thursday,March
2023-03-24,Product_3,552.88,15,64.17,Books,8293.2,Friday,March
2023-03-25,Product_3,546.8,15,78.71,Food,8202.0,Saturday,March
2023-03-26,Product_3,523.59,14,37.86,Clothing,7330.26,Sunday,March
2023-03-27,Product_3,504.65,13,36.81,Clothing,6560.45,Monday,March
2023-03-28,Product_3,509.29,14,78.47,Books,7130.06,Tuesday,March
2023-03-29,Product_3,550.1,15,76.83,Electronics,8251.5,Wednesday,March
2023-03-30,Product_3,479.15,13,56.26,Electronics,6228.95,Thursday,March
2023-03-31,Product_3,552.98,15,38.46,Electronics,8294.7,Friday,March
2023-04-01,Product_3,476.75,13,91.1,Clothing,6197.75,Saturday,April
2023-04-02,Product_3,531.07,14,74.96,Books,7434.9800000000005,Sunday,April
2023-04-03,Product_3,536.97,14,28.33,Books,7517.58,Monday,April
2023-04-04,Product_3,561.52,15,20.08,Toys,8422.8,Tuesday,April
2023-04-05,Product_3,532.67,14,55.96,Toys,7457.379999999999,Wednesday,April
2023-04-06,Product_3,605.0,16,52.36,Electronics,9680.0,Thursday,April
2023-04-07,Product_3,536.11,14,87.09,Books,7505.54,Friday,April
2023-04-08,Product_3,527.07,14,50.71,Toys,7378.9800000000005,Saturday,April
2023-04-09,Product_3,521.12,14,24.37,Books,7295.68,Sunday,April
2023-04-10,Product_3,459.44,12,44.47,Electronics,5513.28,Monday,April
2023-04-11,Product_3,525.67,14,81.23,Toys,7359.379999999999,Tuesday,April
2023-04-12,Product_3,572.81,15,74.99,Toys,8592.15,Wednesday,April
2023-04-13,Product_3,550.11,15,81.21,Books,8251.65,Thursday,April
2023-04-14,Product_3,562.01,15,38.27,Clothing,8430.15,Friday,April
2023-04-15,Product_3,518.18,14,76.37,Clothing,7254.5199999999995,Saturday,April
2023-04-16,Product_3,518.19,14,59.35,Books,7254.660000000001,Sunday,April
2023-04-17,Product_3,480.03,13,62.11,Electronics,6240.389999999999,Monday,April
2023-04-18,Product_3,465.21,12,40.09,Toys,5582.5199999999995,Tuesday,April
2023-04-19,Product_3,526.17,14,72.63,Clothing,7366.379999999999,Wednesday,April
2023-04-20,Product_3,556.83,15,41.02,Clothing,8352.45,Thursday,April
2023-04-21,Product_3,658.93,18,63.23,Clothing,11860.74,Friday,April
2023-04-22,Product_3,573.93,15,58.44,Toys,8608.949999999999,Saturday,April
2023-04-23,Product_3,519.6,14,71.29,Electronics,7274.400000000001,Sunday,April
2023-04-24,Product_3,512.28,14,88.56,Toys,7171.92,Monday,April
2023-04-25,Product_3,534.11,14,50.99,Toys,7477.54,Tuesday,April
2023-04-26,Product_3,506.12,13,45.21,Toys,6579.56,Wednesday,April
2023-04-27,Product_3,493.41,13,34.6,Electronics,6414.33,Thursday,April
2023-04-28,Product_3,538.48,14,78.37,Toys,7538.72,Friday,April
2023-04-29,Product_3,509.42,14,93.81,Toys,7131.88,Saturday,April
2023-04-30,Product_3,631.82,17,53.35,Books,10740.94,Sunday,April
2023-05-01,Product_3,487.59,13,40.57,Electronics,6338.67,Monday,May
2023-05-02,Product_3,498.31,13,35.17,Clothing,6478.03,Tuesday,May
2023-05-03,Product_3,554.32,15,98.62,Books,8314.800000000001,Wednesday,May
2023-05-04,Product_3,516.46,14,26.28,Clothing,7230.4400000000005,Thursday,May
2023-05-05,Product_3,523.13,14,23.63,Food,7323.82,Friday,May
2023-05-06,Product_3,488.26,13,86.01,Food,6347.38,Saturday,May
2023-05-07,Product_3,502.27,13,37.3,Books,6529.51,Sunday,May
2023-05-08,Product_3,530.45,14,74.61,Books,7426.300000000001,Monday,May
2023-05-09,Product_3,512.59,14,71.82,Clothing,7176.26,Tuesday,May
2023-05-10,Product_3,468.31,12,76.79,Clothing,5619.72,Wednesday,May
2023-05-11,Product_3,563.26,15,35.8,Books,8448.9,Thursday,May
2023-05-12,Product_3,555.88,15,96.78,Books,8338.2,Friday,May
2023-05-13,Product_3,520.73,14,28.2,Toys,7290.22,Saturday,May
2023-05-14,Product_3,521.5,14,65.7,Toys,7301.0,Sunday,May
2023-05-15,Product_3,545.39,15,70.15,Electronics,8180.849999999999,Monday,May
2023-05-16,Product_3,476.98,13,79.07,Clothing,6200.74,Tuesday,May
2023-05-17,Product_3,507.7,14,30.51,Books,7107.8,Wednesday,May
2023-05-18,Product_3,558.97,15,99.89,Books,8384.550000000001,Thursday,May
2023-05-19,Product_3,547.72,15,86.26,Toys,8215.800000000001,Friday,May
2023-05-20,Product_3,520.84,14,62.53,Toys,7291.76,Saturday,May
2023-05-21,Product_3,489.87,13,27.49,Clothing,6368.31,Sunday,May
2023-05-22,Product_3,477.54,13,68.09,Food,6208.02,Monday,May
2023-05-23,Product_3,504.03,13,95.0,Books,6552.389999999999,Tuesday,May
2023-05-24,Product_3,641.01,17,78.69,Food,10897.17,Wednesday,May
2023-05-25,Product_3,457.98,12,20.85,Electronics,5495.76,Thursday,May
2023-05-26,Product_3,506.78,14,80.76,Electronics,7094.92,Friday,May
2023-05-27,Product_3,505.88,13,35.78,Clothing,6576.44,Saturday,May
2023-05-28,Product_3,484.86,13,61.46,Food,6303.18,Sunday,May
2023-05-29,Product_3,461.16,12,82.04,Books,5533.92,Monday,May
2023-05-30,Product_3,506.54,14,77.51,Clothing,7091.56,Tuesday,May
2023-05-31,Product_3,519.34,14,63.06,Books,7270.76,Wednesday,May
2023-06-01,Product_3,527.37,14,49.52,Clothing,7383.18,Thursday,June
2023-06-02,Product_3,559.2,15,38.67,Clothing,8388.0,Friday,June
2023-06-03,Product_3,530.9,14,86.71,Toys,7432.599999999999,Saturday,June
2023-06-04,Product_3,500.48,13,93.94,Food,6506.24,Sunday,June
2023-06-05,Product_3,474.61,13,55.56,Toys,6169.93,Monday,June
2023-06-06,Product_3,474.17,13,88.52,Books,6164.21,Tuesday,June
2023-06-07,Product_3,539.47,14,86.85,Food,7552.58,Wednesday,June
2023-06-08,Product_3,506.02,13,60.84,Books,6578.26,Thursday,June
2023-06-09,Product_3,503.21,13,31.0,Electronics,6541.73,Friday,June
2023-06-10,Product_3,519.97,14,36.03,Books,7279.58,Saturday,June
2023-06-11,Product_3,496.97,13,78.64,Food,6460.610000000001,Sunday,June
2023-06-12,Product_3,473.91,13,51.64,Food,6160.83,Monday,June
2023-06-13,Product_3,500.97,13,29.87,Clothing,6512.610000000001,Tuesday,June
2023-06-14,Product_3,495.75,13,49.47,Toys,6444.75,Wednesday,June
2023-06-15,Product_3,472.26,13,58.42,Clothing,6139.38,Thursday,June
2023-06-16,Product_3,482.96,13,38.86,Books,6278.48,Friday,June
2023-06-17,Product_3,493.46,13,29.23,Food,6414.98,Saturday,June
2023-06-18,Product_3,443.2,12,82.26,Clothing,5318.4,Sunday,June
2023-06-19,Product_3,452.74,12,41.68,Electronics,5432.88,Monday,June
2023-06-20,Product_3,498.06,13,49.67,Food,6474.78,Tuesday,June
2023-06-21,Product_3,539.74,14,51.85,Clothing,7556.360000000001,Wednesday,June
2023-06-22,Product_3,487.62,13,32.83,Toys,6339.06,Thursday,June
2023-06-23,Product_3,518.56,14,51.83,Clothing,7259.839999999999,Friday,June
2023-06-24,Product_3,507.26,14,91.1,Food,7101.639999999999,Saturday,June
2023-06-25,Product_3,510.58,14,40.83,Clothing,7148.12,Sunday,June
2023-06-26,Product_3,483.7,13,52.94,Books,6288.099999999999,Monday,June
2023-06-27,Product_3,463.08,12,80.28,Books,5556.96,Tuesday,June
2023-06-28,Product_3,472.91,13,54.05,Clothing,6147.83,Wednesday,June
2023-06-29,Product_3,530.31,14,91.18,Electronics,7424.339999999999,Thursday,June
2023-06-30,Product_3,526.77,14,90.38,Toys,7374.78,Friday,June
2023-07-01,Product_3,483.39,13,22.9,Food,6284.07,Saturday,July
2023-07-02,Product_3,460.6,12,73.71,Toys,5527.200000000001,Sunday,July
2023-07-03,Product_3,465.54,12,21.56,Toys,5586.4800000000005,Monday,July
2023-07-04,Product_3,498.79,13,83.48,Toys,6484.27,Tuesday,July
2023-07-05,Product_3,438.93,12,46.09,Electronics,5267.16,Wednesday,July
2023-07-06,Product_3,476.41,13,90.51,Books,6193.33,Thursday,July
2023-07-07,Product_3,511.52,14,41.27,Toys,7161.28,Friday,July
2023-07-08,Product_3,494.43,13,62.51,Electronics,6427.59,Saturday,July
2023-07-09,Product_3,499.08,13,64.13,Toys,6488.04,Sunday,July
2023-07-10,Product_3,467.71,12,81.95,Electronics,5612.5199999999995,Monday,July
2023-07-11,Product_3,408.78,11,89.73,Toys,4496.58,Tuesday,July
2023-07-12,Product_3,491.95,13,74.98,Clothing,6395.349999999999,Wednesday,July
2023-07-13,Product_3,455.1,12,95.72,Clothing,5461.200000000001,Thursday,July
2023-07-14,Product_3,518.94,14,98.7,Food,7265.160000000001,Friday,July
2023-07-15,Product_3,500.82,13,46.92,Electronics,6510.66,Saturday,July
2023-07-16,Product_3,487.42,13,53.29,Books,6336.46,Sunday,July
2023-07-17,Product_3,486.23,13,32.22,Clothing,6320.99,Monday,July
2023-07-18,Product_3,410.92,11,78.16,Books,4520.12,Tuesday,July
2023-07-19,Product_3,466.15,12,47.37,Food,5593.799999999999,Wednesday,July
2023-07-20,Product_3,482.14,13,65.98,Toys,6267.82,Thursday,July
2023-07-21,Product_3,519.03,14,43.41,Clothing,7266.42,Friday,July
2023-07-22,Product_3,473.98,13,75.82,Electronics,6161.74,Saturday,July
2023-07-23,Product_3,441.44,12,73.92,Clothing,5297.28,Sunday,July
2023-07-24,Product_3,436.6,12,25.61,Books,5239.200000000001,Monday,July
2023-07-25,Product_3,432.11,11,48.82,Food,4753.21,Tuesday,July
2023-07-26,Product_3,474.26,13,93.24,Food,6165.38,Wednesday,July
2023-07-27,Product_3,515.05,14,22.81,Food,7210.699999999999,Thursday,July
2023-07-28,Product_3,446.5,12,91.64,Food,5358.0,Friday,July
2023-07-29,Product_3,481.08,13,20.93,Toys,6254.04,Saturday,July
2023-07-30,Product_3,462.27,12,42.13,Toys,5547.24,Sunday,July
2023-07-31,Product_3,437.08,12,90.88,Clothing,5244.96,Monday,July
2023-08-01,Product_3,432.97,11,41.63,Clothing,4762.67,Tuesday,August
2023-08-02,Product_3,448.65,12,62.17,Books,5383.799999999999,Wednesday,August
2023-08-03,Product_3,513.84,14,29.41,Books,7193.76,Thursday,August
2023-08-04,Product_3,485.31,13,46.13,Electronics,6309.03,Friday,August
2023-08-05,Product_3,465.47,12,35.92,Books,5585.64,Saturday,August
2023-08-06,Product_3,432.88,11,58.26,Electronics,4761.68,Sunday,August
2023-08-07,Product_3,472.13,13,39.08,Toys,6137.69,Monday,August
2023-08-08,Product_3,441.91,12,67.16,Toys,5302.92,Tuesday,August
2023-08-09,Product_3,396.96,10,98.2,Toys,3969.6,Wednesday,August
2023-08-10,Product_3,498.99,13,82.78,Clothing,6486.87,Thursday,August
2023-08-11,Product_3,478.58,13,56.25,Clothing,6221.54,Friday,August
2023-08-12,Product_3,514.95,14,29.14,Electronics,7209.300000000001,Saturday,August
2023-08-13,Product_3,392.59,10,62.62,Books,3925.8999999999996,Sunday,August
2023-08-14,Product_3,413.99,11,82.47,Toys,4553.89,Monday,August
2023-08-15,Product_3,416.74,11,39.0,Electronics,4584.14,Tuesday,August
2023-08-16,Product_3,440.54,12,63.47,Electronics,5286.4800000000005,Wednesday,August
2023-08-17,Product_3,498.26,13,66.2,Books,6477.38,Thursday,August
2023-08-18,Product_3,476.98,13,28.93,Clothing,6200.74,Friday,August
2023-08-19,Product_3,431.85,11,63.91,Toys,4750.35,Saturday,August
2023-08-20,Product_3,448.68,12,82.48,Books,5384.16,Sunday,August
2023-08-21,Product_3,450.03,12,93.45,Toys,5400.36,Monday,August
2023-08-22,Product_3,472.65,13,80.81,Books,6144.45,Tuesday,August
2023-08-23,Product_3,415.31,11,97.35,Electronics,4568.41,Wednesday,August
2023-08-24,Product_3,463.44,12,80.42,Food,5561.28,Thursday,August
2023-08-25,Product_3,502.4,13,78.6,Books,6531.2,Friday,August
2023-08-26,Product_3,477.6,13,39.1,Toys,6208.8,Saturday,August
2023-08-27,Product_3,499.9,13,25.48,Toys,6498.7,Sunday,August
2023-08-28,Product_3,402.64,11,57.6,Electronics,4429.04,Monday,August
2023-08-29,Product_3,445.58,12,63.53,Toys,5346.96,Tuesday,August
2023-08-30,Product_3,410.47,11,86.48,Food,4515.17,Wednesday,August
2023-08-31,Product_3,479.72,13,30.88,Toys,6236.360000000001,Thursday,August
2023-09-01,Product_3,440.2,12,52.56,Books,5282.4,Friday,September
2023-09-02,Product_3,454.2,12,82.76,Electronics,5450.4,Saturday,September
2023-09-03,Product_3,469.18,12,75.96,Electronics,5630.16,Sunday,September
2023-09-04,Product_3,430.55,11,56.79,Clothing,4736.05,Monday,September
2023-09-05,Product_3,450.66,12,99.53,Clothing,5407.92,Tuesday,September
2023-09-06,Product_3,456.11,12,88.72,Clothing,5473.32,Wednesday,September
2023-09-07,Product_3,486.33,13,67.15,Electronics,6322.29,Thursday,September
2023-09-08,Product_3,475.19,13,83.08,Food,6177.47,Friday,September
2023-09-09,Product_3,456.95,12,50.82,Books,5483.4,Saturday,September
2023-09-10,Product_3,428.54,11,41.98,Food,4713.9400000000005,Sunday,September
2023-09-11,Product_3,404.95,11,48.41,Food,4454.45,Monday,September
2023-09-12,Product_3,449.06,12,92.3,Toys,5388.72,Tuesday,September
2023-09-13,Product_3,445.97,12,88.55,Electronics,5351.64,Wednesday,September
2023-09-14,Product_3,434.04,12,41.09,Clothing,5208.4800000000005,Thursday,September
2023-09-15,Product_3,393.4,10,65.98,Clothing,3934.0,Friday,September
2023-09-16,Product_3,423.28,11,50.99,Electronics,4656.08,Saturday,September
2023-09-17,Product_3,491.97,13,46.98,Clothing,6395.610000000001,Sunday,September
2023-09-18,Product_3,395.85,10,92.01,Clothing,3958.5,Monday,September
2023-09-19,Product_3,415.09,11,54.59,Toys,4565.99,Tuesday,September
2023-09-20,Product_3,460.66,12,31.94,Toys,5527.92,Wednesday,September
2023-09-21,Product_3,446.73,12,23.32,Toys,5360.76,Thursday,September
2023-09-22,Product_3,497.77,13,49.42,Electronics,6471.01,Friday,September
2023-09-23,Product_3,510.47,14,26.34,Books,7146.58,Saturday,September
2023-09-24,Product_3,409.34,11,46.42,Food,4502.74,Sunday,September
2023-09-25,Product_3,442.57,12,20.99,Electronics,5310.84,Monday,September
2023-09-26,Product_3,409.1,11,33.95,Toys,4500.1,Tuesday,September
2023-09-27,Product_3,417.36,11,48.47,Clothing,4590.96,Wednesday,September
2023-09-28,Product_3,468.01,12,87.14,Toys,5616.12,Thursday,September
2023-09-29,Product_3,415.14,11,77.19,Books,4566.54,Friday,September
2023-09-30,Product_3,445.67,12,43.51,Electronics,5348.04,Saturday,September
2023-10-01,Product_3,472.44,13,88.94,Books,6141.72,Sunday,October
2023-10-02,Product_3,407.81,11,76.59,Clothing,4485.91,Monday,October
2023-10-03,Product_3,414.71,11,43.89,Books,4561.8099999999995,Tuesday,October
2023-10-04,Product_3,440.28,12,20.91,Electronics,5283.36,Wednesday,October
2023-10-05,Product_3,428.47,11,66.7,Toys,4713.17,Thursday,October
2023-10-06,Product_3,501.66,13,82.13,Clothing,6521.58,Friday,October
2023-10-07,Product_3,407.06,11,98.9,Electronics,4477.66,Saturday,October
2023-10-08,Product_3,452.96,12,53.18,Clothing,5435.5199999999995,Sunday,October
2023-10-09,Product_3,420.52,11,89.18,Electronics,4625.719999999999,Monday,October
2023-10-10,Product_3,452.22,12,96.64,Clothing,5426.64,Tuesday,October
2023-10-11,Product_3,477.66,13,44.51,Electronics,6209.58,Wednesday,October
2023-10-12,Product_3,460.31,12,47.52,Toys,5523.72,Thursday,October
2023-10-13,Product_3,417.71,11,87.29,Clothing,4594.8099999999995,Friday,October
2023-10-14,Product_3,500.43,13,86.49,Toys,6505.59,Saturday,October
2023-10-15,Product_3,366.26,10,70.45,Food,3662.6,Sunday,October
2023-10-16,Product_3,419.38,11,68.03,Books,4613.18,Monday,October
2023-10-17,Product_3,425.08,11,68.73,Books,4675.88,Tuesday,October
2023-10-18,Product_3,447.22,12,85.44,Books,5366.64,Wednesday,October
2023-10-19,Product_3,426.03,11,76.0,Electronics,4686.33,Thursday,October
2023-10-20,Product_3,493.24,13,54.86,Electronics,6412.12,Friday,October
2023-10-21,Product_3,477.16,13,67.49,Food,6203.08,Saturday,October
2023-10-22,Product_3,420.98,11,34.44,Electronics,4630.780000000001,Sunday,October
2023-10-23,Product_3,447.63,12,60.54,Clothing,5371.5599999999995,Monday,October
2023-10-24,Product_3,394.5,10,86.75,Books,3945.0,Tuesday,October
2023-10-25,Product_3,489.53,13,45.85,Toys,6363.889999999999,Wednesday,October
2023-10-26,Product_3,441.79,12,40.06,Books,5301.4800000000005,Thursday,October
2023-10-27,Product_3,453.08,12,45.96,Clothing,5436.96,Friday,October
2023-10-28,Product_3,451.28,12,21.65,Toys,5415.36,Saturday,October
2023-10-29,Product_3,415.96,11,87.7,Clothing,4575.5599999999995,Sunday,October
2023-10-30,Product_3,396.75,10,38.58,Toys,3967.5,Monday,October
2023-10-31,Product_3,427.52,11,75.87,Food,4702.719999999999,Tuesday,October
2023-11-01,Product_3,463.75,12,49.41,Clothing,5565.0,Wednesday,November
2023-11-02,Product_3,510.62,14,84.25,Books,7148.68,Thursday,November
2023-11-03,Product_3,473.39,13,53.53,Clothing,6154.07,Friday,November
2023-11-04,Product_3,420.78,11,87.91,Electronics,4628.58,Saturday,November
2023-11-05,Product_3,449.08,12,91.11,Toys,5388.96,Sunday,November
2023-11-06,Product_3,440.0,12,82.48,Toys,5280.0,Monday,November
2023-11-07,Product_3,474.98,13,63.77,Food,6174.74,Tuesday,November
2023-11-08,Product_3,440.44,12,43.97,Clothing,5285.28,Wednesday,November
2023-11-09,Product_3,499.19,13,58.5,Electronics,6489.47,Thursday,November
2023-11-10,Product_3,526.2,14,82.59,Food,7366.800000000001,Friday,November
2023-11-11,Product_3,423.57,11,35.69,Food,4659.2699999999995,Saturday,November
2023-11-12,Product_3,441.01,12,76.24,Food,5292.12,Sunday,November
2023-11-13,Product_3,419.58,11,96.94,Clothing,4615.38,Monday,November
2023-11-14,Product_3,487.34,13,80.49,Electronics,6335.42,Tuesday,November
2023-11-15,Product_3,497.49,13,51.46,Electronics,6467.37,Wednesday,November
2023-11-16,Product_3,447.57,12,97.74,Electronics,5370.84,Thursday,November
2023-11-17,Product_3,562.49,15,30.1,Toys,8437.35,Friday,November
2023-11-18,Product_3,422.01,11,35.96,Food,4642.11,Saturday,November
2023-11-19,Product_3,450.6,12,88.93,Toys,5407.200000000001,Sunday,November
2023-11-20,Product_3,415.84,11,70.02,Food,4574.24,Monday,November
2023-11-21,Product_3,398.89,11,79.35,Books,4387.79,Tuesday,November
2023-11-22,Product_3,468.05,12,94.68,Clothing,5616.6,Wednesday,November
2023-11-23,Product_3,465.89,12,95.94,Books,5590.68,Thursday,November
2023-11-24,Product_3,501.93,13,53.16,Books,6525.09,Friday,November
2023-11-25,Product_3,442.68,12,88.39,Toys,5312.16,Saturday,November
2023-11-26,Product_3,477.75,13,32.79,Toys,6210.75,Sunday,November
2023-11-27,Product_3,476.08,13,23.14,Electronics,6189.04,Monday,November
2023-11-28,Product_3,469.07,12,54.15,Food,5628.84,Tuesday,November
2023-11-29,Product_3,470.33,13,25.37,Books,6114.29,Wednesday,November
2023-11-30,Product_3,499.8,13,99.95,Electronics,6497.400000000001,Thursday,November
2023-12-01,Product_3,501.54,13,38.58,Electronics,6520.02,Friday,December
2023-12-02,Product_3,464.79,12,38.19,Electronics,5577.4800000000005,Saturday,December
2023-12-03,Product_3,426.42,11,38.35,Food,4690.62,Sunday,December
2023-12-04,Product_3,435.22,12,60.57,Food,5222.64,Monday,December
2023-12-05,Product_3,462.94,12,29.96,Clothing,5555.28,Tuesday,December
2023-12-06,Product_3,510.36,14,42.2,Books,7145.04,Wednesday,December
2023-12-07,Product_3,511.15,14,87.52,Clothing,7156.099999999999,Thursday,December
2023-12-08,Product_3,522.95,14,57.08,Clothing,7321.300000000001,Friday,December
2023-12-09,Product_3,434.78,12,81.0,Clothing,5217.36,Saturday,December
2023-12-10,Product_3,458.08,12,63.76,Electronics,5496.96,Sunday,December
2023-12-11,Product_3,482.24,13,97.84,Electronics,6269.12,Monday,December
2023-12-12,Product_3,617.91,17,30.81,Food,10504.47,Tuesday,December
2023-12-13,Product_3,468.49,12,74.6,Electronics,5621.88,Wednesday,December
2023-12-14,Product_3,488.91,13,64.33,Food,6355.83,Thursday,December
2023-12-15,Product_3,513.38,14,76.9,Clothing,7187.32,Friday,December
2023-12-16,Product_3,519.17,14,67.63,Food,7268.379999999999,Saturday,December
2023-12-17,Product_3,490.73,13,85.96,Clothing,6379.49,Sunday,December
2023-12-18,Product_3,457.75,12,39.72,Toys,5493.0,Monday,December
2023-12-19,Product_3,419.34,11,81.28,Electronics,4612.74,Tuesday,December
2023-12-20,Product_3,461.12,12,70.9,Toys,5533.4400000000005,Wednesday,December
2023-12-21,Product_3,547.17,15,43.67,Clothing,8207.55,Thursday,December
2023-12-22,Product_3,584.69,16,65.3,Clothing,9355.04,Friday,December
2023-12-23,Product_3,441.25,12,71.26,Food,5295.0,Saturday,December
2023-12-24,Product_3,489.84,13,70.38,Food,6367.92,Sunday,December
2023-12-25,Product_3,445.3,12,94.63,Toys,5343.6,Monday,December
2023-12-26,Product_3,544.36,15,20.91,Clothing,8165.400000000001,Tuesday,December
2023-12-27,Product_3,509.46,14,74.76,Food,7132.44,Wednesday,December
2023-12-28,Product_3,602.37,16,99.57,Clothing,9637.92,Thursday,December
2023-12-29,Product_3,505.7,13,51.52,Toys,6574.099999999999,Friday,December
2023-12-30,Product_3,562.09,15,37.99,Electronics,8431.35,Saturday,December
2023-12-31,Product_3,512.81,14,56.43,Books,7179.339999999999,Sunday,December
2024-01-01,Product_3,484.3,13,30.8,Books,6295.900000000001,Monday,January
2024-01-02,Product_3,462.55,12,82.84,Food,5550.6,Tuesday,January
2024-01-03,Product_3,482.26,13,64.27,Clothing,6269.38,Wednesday,January
2024-01-04,Product_3,517.61,14,97.75,Clothing,7246.54,Thursday,January
2024-01-05,Product_3,540.71,14,88.81,Toys,7569.9400000000005,Friday,January
2024-01-06,Product_3,518.91,14,84.05,Books,7264.74,Saturday,January
2024-01-07,Product_3,497.69,13,79.2,Electronics,6469.97,Sunday,January
2024-01-08,Product_3,467.24,12,82.35,Electronics,5606.88,Monday,January
2024-01-09,Product_3,461.74,12,91.41,Clothing,5540.88,Tuesday,January
2024-01-10,Product_3,504.2,13,52.94,Books,6554.599999999999,Wednesday,January
2024-01-11,Product_3,560.44,15,59.68,Toys,8406.6,Thursday,January
2024-01-12,Product_3,536.53,14,60.72,Books,7511.42,Friday,January
2024-01-13,Product_3,506.96,14,78.5,Toys,7097.44,Saturday,January
2024-01-14,Product_3,502.07,13,58.3,Food,6526.91,Sunday,January
2024-01-15,Product_3,476.03,13,57.16,Clothing,6188.389999999999,Monday,January
2024-01-16,Product_3,514.75,14,48.47,Electronics,7206.5,Tuesday,January
2024-01-17,Product_3,507.4,14,58.46,Toys,7103.599999999999,Wednesday,January
2024-01-18,Product_3,543.04,15,79.22,Toys,8145.599999999999,Thursday,January
2024-01-19,Product_3,550.34,15,57.22,Toys,8255.1,Friday,January
2024-01-20,Product_3,512.61,14,71.33,Books,7176.54,Saturday,January
2024-01-21,Product_3,487.9,13,66.26,Books,6342.7,Sunday,January
2024-01-22,Product_3,508.98,14,35.17,Food,7125.72,Monday,January
2024-01-23,Product_3,506.38,14,93.89,Books,7089.32,Tuesday,January
2024-01-24,Product_3,530.31,14,85.92,Toys,7424.339999999999,Wednesday,January
2024-01-25,Product_3,584.0,16,48.72,Clothing,9344.0,Thursday,January
2024-01-26,Product_3,568.33,15,28.19,Clothing,8524.95,Friday,January
2024-01-27,Product_3,544.6,15,68.41,Clothing,8169.0,Saturday,January
2024-01-28,Product_3,497.61,13,63.93,Toys,6468.93,Sunday,January
2024-01-29,Product_3,499.28,13,54.81,Clothing,6490.639999999999,Monday,January
2024-01-30,Product_3,525.3,14,48.93,Food,7354.199999999999,Tuesday,January
2024-01-31,Product_3,551.39,15,21.88,Clothing,8270.85,Wednesday,January
2024-02-01,Product_3,529.94,14,72.05,Books,7419.160000000001,Thursday,February
2024-02-02,Product_3,556.04,15,40.67,Electronics,8340.599999999999,Friday,February
2024-02-03,Product_3,521.66,14,55.82,Food,7303.24,Saturday,February
2024-02-04,Product_3,495.68,13,87.26,Toys,6443.84,Sunday,February
2024-02-05,Product_3,562.34,15,33.44,Books,8435.1,Monday,February
2024-02-06,Product_3,488.49,13,45.8,Toys,6350.37,Tuesday,February
2024-02-07,Product_3,540.71,14,51.0,Electronics,7569.9400000000005,Wednesday,February
2024-02-08,Product_3,516.07,14,23.84,Electronics,7224.9800000000005,Thursday,February
2024-02-09,Product_3,475.94,13,89.87,Toys,6187.22,Friday,February
2024-02-10,Product_3,530.9,14,74.42,Books,7432.599999999999,Saturday,February
2024-02-11,Product_3,489.0,13,56.98,Electronics,6357.0,Sunday,February
2024-02-12,Product_3,494.37,13,33.2,Electronics,6426.81,Monday,February
2024-02-13,Product_3,513.59,14,51.92,Food,7190.26,Tuesday,February
2024-02-14,Product_3,605.6,16,27.61,Books,9689.6,Wednesday,February
2024-02-15,Product_3,560.7,15,47.05,Food,8410.5,Thursday,February
2024-02-16,Product_3,568.87,15,79.43,Toys,8533.05,Friday,February
2024-02-17,Product_3,555.76,15,44.57,Toys,8336.4,Saturday,February
2024-02-18,Product_3,544.06,15,94.86,Electronics,8160.9,Sunday,February
2024-02-19,Product_3,562.3,15,32.0,Electronics,8434.5,Monday,February
2024-02-20,Product_3,533.1,14,45.31,Food,7463.400000000001,Tuesday,February
2024-02-21,Product_3,529.4,14,80.41,Books,7411.599999999999,Wednesday,February
2024-02-22,Product_3,545.62,15,77.95,Electronics,8184.3,Thursday,February
2024-02-23,Product_3,586.35,16,82.21,Clothing,9381.6,Friday,February
2024-02-24,Product_3,566.86,15,98.65,Clothing,8502.9,Saturday,February
2024-02-25,Product_3,530.87,14,98.47,Toys,7432.18,Sunday,February
2024-02-26,Product_3,567.63,15,20.42,Books,8514.45,Monday,February
2024-02-27,Product_3,526.84,14,76.46,Food,7375.76,Tuesday,February
2024-02-28,Product_3,503.19,13,64.94,Electronics,6541.47,Wednesday,February
2024-02-29,Product_3,622.81,17,27.78,Books,10587.769999999999,Thursday,February
2024-03-01,Product_3,550.55,15,43.13,Food,8258.25,Friday,March
2024-03-02,Product_3,558.3,15,36.23,Food,8374.5,Saturday,March
2024-03-03,Product_3,494.15,13,68.89,Clothing,6423.95,Sunday,March
2024-03-04,Product_3,538.55,14,43.49,Clothing,7539.699999999999,Monday,March
2024-03-05,Product_3,537.79,14,22.99,Food,7529.0599999999995,Tuesday,March
2024-03-06,Product_3,541.41,14,43.98,Books,7579.74,Wednesday,March
2024-03-07,Product_3,558.07,15,23.8,Toys,8371.050000000001,Thursday,March
2024-03-08,Product_3,554.87,15,71.47,Electronics,8323.05,Friday,March
2024-03-09,Product_3,531.14,14,29.74,Books,7435.96,Saturday,March
2024-03-10,Product_3,557.02,15,66.72,Toys,8355.3,Sunday,March
2024-03-11,Product_3,530.97,14,23.05,Clothing,7433.58,Monday,March
2024-03-12,Product_3,477.15,13,57.76,Toys,6202.95,Tuesday,March
2024-03-13,Product_3,577.9,15,37.0,Food,8668.5,Wednesday,March
2024-03-14,Product_3,605.07,16,69.17,Toys,9681.12,Thursday,March
2024-03-15,Product_3,593.7,16,73.57,Clothing,9499.2,Friday,March
2024-03-16,Product_3,567.64,15,34.91,Books,8514.6,Saturday,March
2024-03-17,Product_3,595.4,16,64.73,Food,9526.4,Sunday,March
2024-03-18,Product_3,553.85,15,67.58,Clothing,8307.75,Monday,March
2024-03-19,Product_3,600.4,16,56.17,Books,9606.4,Tuesday,March
2024-03-20,Product_3,575.48,15,49.44,Food,8632.2,Wednesday,March
2024-03-21,Product_3,581.6,16,88.84,Toys,9305.6,Thursday,March
2024-03-22,Product_3,564.87,15,94.56,Books,8473.05,Friday,March
2024-03-23,Product_3,559.99,15,77.34,Toys,8399.85,Saturday,March
2024-03-24,Product_3,526.28,14,27.66,Toys,7367.92,Sunday,March
2024-03-25,Product_3,522.29,14,83.55,Books,7312.0599999999995,Monday,March
2024-03-26,Product_3,549.65,15,54.65,Electronics,8244.75,Tuesday,March
2024-03-27,Product_3,495.33,13,56.75,Books,6439.29,Wednesday,March
2024-03-28,Product_3,548.35,15,83.05,Electronics,8225.25,Thursday,March
2024-03-29,Product_3,594.9,16,20.71,Clothing,9518.4,Friday,March
2024-03-30,Product_3,569.0,15,70.58,Books,8535.0,Saturday,March
2024-03-31,Product_3,553.12,15,89.37,Electronics,8296.8,Sunday,March
2024-04-01,Product_3,555.19,15,66.32,Toys,8327.85,Monday,April
2024-04-02,Product_3,567.98,15,91.49,Clothing,8519.7,Tuesday,April
2024-04-03,Product_3,498.73,13,56.38,Toys,6483.49,Wednesday,April
2024-04-04,Product_3,559.8,15,32.76,Books,8397.0,Thursday,April
2024-04-05,Product_3,529.53,14,89.37,Toys,7413.42,Friday,April
2024-04-06,Product_3,581.22,16,29.31,Toys,9299.52,Saturday,April
2024-04-07,Product_3,593.54,16,63.18,Food,9496.64,Sunday,April
2024-04-08,Product_3,544.98,15,43.85,Electronics,8174.700000000001,Monday,April
2024-04-09,Product_3,510.65,14,41.78,Electronics,7149.099999999999,Tuesday,April
2024-04-10,Product_3,536.64,14,21.16,Toys,7512.96,Wednesday,April
2024-04-11,Product_3,561.22,15,75.11,Food,8418.300000000001,Thursday,April
2024-04-12,Product_3,556.35,15,60.3,Clothing,8345.25,Friday,April
2024-04-13,Product_3,623.95,17,74.57,Clothing,10607.150000000001,Saturday,April
2024-04-14,Product_3,541.4,14,87.59,Books,7579.599999999999,Sunday,April
2024-04-15,Product_3,569.6,15,24.52,Clothing,8544.0,Monday,April
2024-04-16,Product_3,534.16,14,25.13,Clothing,7478.24,Tuesday,April
2024-04-17,Product_3,526.84,14,70.64,Electronics,7375.76,Wednesday,April
2024-04-18,Product_3,650.75,18,20.08,Books,11713.5,Thursday,April
2024-04-19,Product_3,543.64,15,89.92,Food,8154.599999999999,Friday,April
2024-04-20,Product_3,587.51,16,96.54,Books,9400.16,Saturday,April
2024-04-21,Product_3,596.8,16,39.38,Books,9548.8,Sunday,April
2024-04-22,Product_3,523.27,14,66.86,Toys,7325.78,Monday,April
2024-04-23,Product_3,609.19,16,57.1,Toys,9747.04,Tuesday,April
2024-04-24,Product_3,550.61,15,76.97,Clothing,8259.15,Wednesday,April
2024-04-25,Product_3,597.91,16,42.85,Books,9566.56,Thursday,April
2024-04-26,Product_3,577.24,15,36.08,Electronics,8658.6,Friday,April
2024-04-27,Product_3,600.69,16,45.89,Toys,9611.04,Saturday,April
2024-04-28,Product_3,533.18,14,73.7,Food,7464.5199999999995,Sunday,April
2024-04-29,Product_3,445.48,12,95.43,Clothing,5345.76,Monday,April
2024-04-30,Product_3,593.42,16,87.7,Books,9494.72,Tuesday,April
2024-05-01,Product_3,575.88,15,32.82,Toys,8638.2,Wednesday,May
2024-05-02,Product_3,569.73,15,97.17,Food,8545.95,Thursday,May
2024-05-03,Product_3,585.68,16,65.13,Clothing,9370.88,Friday,May
2024-05-04,Product_3,598.54,16,86.3,Clothing,9576.64,Saturday,May
2024-05-05,Product_3,560.16,15,59.01,Electronics,8402.4,Sunday,May
2024-05-06,Product_3,598.03,16,36.81,Toys,9568.48,Monday,May
2024-05-07,Product_3,573.77,15,93.85,Electronics,8606.55,Tuesday,May
2024-05-08,Product_3,592.86,16,90.66,Food,9485.76,Wednesday,May
2024-05-09,Product_3,587.83,16,36.17,Electronics,9405.28,Thursday,May
2024-05-10,Product_3,550.95,15,80.52,Toys,8264.25,Friday,May
2024-05-11,Product_3,577.04,15,20.73,Books,8655.599999999999,Saturday,May
2024-05-12,Product_3,522.16,14,72.34,Clothing,7310.24,Sunday,May
2024-05-13,Product_3,498.21,13,44.13,Clothing,6476.73,Monday,May
2024-05-14,Product_3,520.24,14,55.8,Books,7283.360000000001,Tuesday,May
2024-05-15,Product_3,525.71,14,72.65,Toys,7359.9400000000005,Wednesday,May
2024-05-16,Product_3,598.55,16,55.16,Food,9576.8,Thursday,May
2024-05-17,Product_3,580.91,16,61.56,Electronics,9294.56,Friday,May
2024-05-18,Product_3,595.42,16,37.15,Food,9526.72,Saturday,May
2024-05-19,Product_3,579.5,16,30.99,Clothing,9272.0,Sunday,May
2024-05-20,Product_3,435.4,12,89.82,Toys,5224.799999999999,Monday,May
2024-05-21,Product_3,490.11,13,21.98,Books,6371.43,Tuesday,May
2024-05-22,Product_3,534.38,14,75.95,Electronics,7481.32,Wednesday,May
2024-05-23,Product_3,509.47,14,79.66,Electronics,7132.58,Thursday,May
2024-05-24,Product_3,620.11,17,29.79,Food,10541.87,Friday,May
2024-05-25,Product_3,590.5,16,70.35,Clothing,9448.0,Saturday,May
2024-05-26,Product_3,522.66,14,27.99,Toys,7317.24,Sunday,May
2024-05-27,Product_3,514.26,14,35.49,Food,7199.639999999999,Monday,May
2024-05-28,Product_3,529.25,14,69.24,Food,7409.5,Tuesday,May
2024-05-29,Product_3,532.87,14,97.95,Clothing,7460.18,Wednesday,May
2024-05-30,Product_3,620.44,17,22.82,Electronics,10547.480000000001,Thursday,May
2024-05-31,Product_3,535.5,14,95.56,Food,7497.0,Friday,May
2024-06-01,Product_3,510.41,14,25.86,Electronics,7145.740000000001,Saturday,June
2024-06-02,Product_3,496.37,13,84.42,Books,6452.81,Sunday,June
2024-06-03,Product_3,504.51,13,86.48,Electronics,6558.63,Monday,June
2024-06-04,Product_3,468.39,12,65.5,Books,5620.68,Tuesday,June
2024-06-05,Product_3,510.09,14,82.89,Toys,7141.259999999999,Wednesday,June
2024-06-06,Product_3,547.79,15,56.41,Clothing,8216.849999999999,Thursday,June
2024-06-07,Product_3,533.86,14,20.68,Clothing,7474.04,Friday,June
2024-06-08,Product_3,529.7,14,64.75,Food,7415.800000000001,Saturday,June
2024-06-09,Product_3,527.26,14,29.97,Toys,7381.639999999999,Sunday,June
2024-06-10,Product_3,484.55,13,82.71,Toys,6299.150000000001,Monday,June
2024-06-11,Product_3,554.03,15,93.47,Food,8310.449999999999,Tuesday,June
2024-06-12,Product_3,583.33,16,62.92,Electronics,9333.28,Wednesday,June
2024-06-13,Product_3,522.59,14,59.15,Food,7316.26,Thursday,June
2024-06-14,Product_3,524.46,14,84.36,Toys,7342.4400000000005,Friday,June
2024-06-15,Product_3,548.05,15,41.8,Books,8220.75,Saturday,June
2024-06-16,Product_3,465.88,12,96.08,Toys,5590.5599999999995,Sunday,June
2024-06-17,Product_3,469.27,12,47.8,Electronics,5631.24,Monday,June
2024-06-18,Product_3,616.38,17,53.84,Food,10478.46,Tuesday,June
2024-06-19,Product_3,564.88,15,39.05,Food,8473.2,Wednesday,June
2024-06-20,Product_3,527.72,14,32.18,Clothing,7388.08,Thursday,June
2024-06-21,Product_3,584.72,16,20.47,Toys,9355.52,Friday,June
2024-06-22,Product_3,518.89,14,30.95,Food,7264.46,Saturday,June
2024-06-23,Product_3,538.35,14,38.75,Clothing,7536.900000000001,Sunday,June
2024-06-24,Product_3,526.17,14,91.68,Food,7366.379999999999,Monday,June
2024-06-25,Product_3,513.26,14,58.31,Books,7185.639999999999,Tuesday,June
2024-06-26,Product_3,533.57,14,28.1,Books,7469.9800000000005,Wednesday,June
2024-06-27,Product_3,647.62,17,81.74,Clothing,11009.54,Thursday,June
2024-06-28,Product_3,499.05,13,69.25,Food,6487.650000000001,Friday,June
2024-06-29,Product_3,488.96,13,47.68,Books,6356.48,Saturday,June
2024-06-30,Product_3,516.5,14,84.57,Clothing,7231.0,Sunday,June
2024-07-01,Product_3,486.73,13,85.66,Electronics,6327.49,Monday,July
2024-07-02,Product_3,524.66,14,84.18,Clothing,7345.24,Tuesday,July
2024-07-03,Product_3,497.25,13,63.5,Food,6464.25,Wednesday,July
2024-07-04,Product_3,539.22,14,24.37,Toys,7549.08,Thursday,July
2024-07-05,Product_3,553.29,15,84.6,Books,8299.349999999999,Friday,July
2024-07-06,Product_3,547.16,15,27.01,Toys,8207.4,Saturday,July
2024-07-07,Product_3,471.61,13,40.72,Food,6130.93,Sunday,July
2024-07-08,Product_3,481.99,13,22.06,Books,6265.87,Monday,July
2024-07-09,Product_3,532.56,14,57.63,Books,7455.839999999999,Tuesday,July
2024-07-10,Product_3,531.8,14,32.06,Toys,7445.199999999999,Wednesday,July
2024-07-11,Product_3,521.09,14,80.59,Books,7295.26,Thursday,July
2024-07-12,Product_3,517.46,14,52.91,Books,7244.4400000000005,Friday,July
2024-07-13,Product_3,487.17,13,57.69,Toys,6333.21,Saturday,July
2024-07-14,Product_3,488.95,13,42.15,Books,6356.349999999999,Sunday,July
2024-07-15,Product_3,474.84,13,91.73,Toys,6172.92,Monday,July
2024-07-16,Product_3,490.76,13,63.27,Electronics,6379.88,Tuesday,July
2024-07-17,Product_3,524.7,14,94.92,Books,7345.800000000001,Wednesday,July
2024-07-18,Product_3,506.71,14,97.47,Clothing,7093.94,Thursday,July
2024-07-19,Product_3,594.92,16,44.62,Electronics,9518.72,Friday,July
2024-07-20,Product_3,511.83,14,60.52,Electronics,7165.62,Saturday,July
2024-07-21,Product_3,487.71,13,75.64,Books,6340.23,Sunday,July
2024-07-22,Product_3,449.58,12,96.1,Electronics,5394.96,Monday,July
2024-07-23,Product_3,488.62,13,92.39,Books,6352.06,Tuesday,July
2024-07-24,Product_3,559.56,15,54.09,Food,8393.4,Wednesday,July
2024-07-25,Product_3,549.04,15,81.78,Food,8235.599999999999,Thursday,July
2024-07-26,Product_3,507.81,14,62.89,Toys,7109.34,Friday,July
2024-07-27,Product_3,562.58,15,91.9,Books,8438.7,Saturday,July
2024-07-28,Product_3,485.91,13,32.81,Electronics,6316.83,Sunday,July
2024-07-29,Product_3,463.32,12,55.89,Books,5559.84,Monday,July
2024-07-30,Product_3,487.84,13,47.75,Books,6341.92,Tuesday,July
2024-07-31,Product_3,513.32,14,36.13,Books,7186.4800000000005,Wednesday,July
2024-08-01,Product_3,543.03,15,29.33,Books,8145.45,Thursday,August
2024-08-02,Product_3,539.61,14,65.66,Food,7554.54,Friday,August
2024-08-03,Product_3,512.23,14,41.65,Toys,7171.22,Saturday,August
2024-08-04,Product_3,440.21,12,71.49,Books,5282.5199999999995,Sunday,August
2024-08-05,Product_3,556.11,15,66.65,Electronics,8341.65,Monday,August
2024-08-06,Product_3,485.27,13,100.0,Food,6308.51,Tuesday,August
2024-08-07,Product_3,455.31,12,56.99,Food,5463.72,Wednesday,August
2024-08-08,Product_3,472.87,13,74.02,Books,6147.31,Thursday,August
2024-08-09,Product_3,494.39,13,23.14,Electronics,6427.07,Friday,August
2024-08-10,Product_3,522.72,14,81.41,Clothing,7318.08,Saturday,August
2024-08-11,Product_3,467.65,12,90.29,Toys,5611.799999999999,Sunday,August
2024-08-12,Product_3,523.26,14,93.58,Toys,7325.639999999999,Monday,August
2024-08-13,Product_3,461.37,12,64.69,Electronics,5536.4400000000005,Tuesday,August
2024-08-14,Product_3,420.3,11,90.78,Food,4623.3,Wednesday,August
2024-08-15,Product_3,535.87,14,44.57,Food,7502.18,Thursday,August
2024-08-16,Product_3,502.94,13,60.61,Books,6538.22,Friday,August
2024-08-17,Product_3,493.48,13,97.17,Food,6415.24,Saturday,August
2024-08-18,Product_3,457.54,12,22.81,Toys,5490.4800000000005,Sunday,August
2024-08-19,Product_3,461.13,12,20.67,Electronics,5533.5599999999995,Monday,August
2024-08-20,Product_3,522.64,14,91.31,Clothing,7316.96,Tuesday,August
2024-08-21,Product_3,465.46,12,46.56,Toys,5585.5199999999995,Wednesday,August
2024-08-22,Product_3,505.73,13,39.17,Food,6574.49,Thursday,August
2024-08-23,Product_3,521.64,14,77.19,Books,7302.96,Friday,August
2024-08-24,Product_3,526.69,14,59.17,Books,7373.660000000001,Saturday,August
2024-08-25,Product_3,479.54,13,79.26,Toys,6234.02,Sunday,August
2024-08-26,Product_3,431.8,11,51.14,Electronics,4749.8,Monday,August
2024-08-27,Product_3,473.15,13,53.69,Food,6150.95,Tuesday,August
2024-08-28,Product_3,456.86,12,59.69,Electronics,5482.32,Wednesday,August
2024-08-29,Product_3,554.0,15,67.53,Food,8310.0,Thursday,August
2024-08-30,Product_3,472.57,13,46.78,Electronics,6143.41,Friday,August
2024-08-31,Product_3,511.55,14,57.55,Clothing,7161.7,Saturday,August
2024-09-01,Product_3,519.52,14,39.65,Toys,7273.28,Sunday,September
2024-09-02,Product_3,445.63,12,74.07,Electronics,5347.5599999999995,Monday,September
2024-09-03,Product_3,472.92,13,38.68,Toys,6147.96,Tuesday,September
2024-09-04,Product_3,498.81,13,37.65,Toys,6484.53,Wednesday,September
2024-09-05,Product_3,475.11,13,41.0,Food,6176.43,Thursday,September
2024-09-06,Product_3,484.56,13,84.53,Books,6299.28,Friday,September
2024-09-07,Product_3,550.83,15,24.65,Food,8262.45,Saturday,September
2024-09-08,Product_3,467.84,12,76.97,Electronics,5614.08,Sunday,September
2024-09-09,Product_3,478.95,13,79.35,Clothing,6226.349999999999,Monday,September
2024-09-10,Product_3,427.6,11,66.29,Food,4703.6,Tuesday,September
2024-09-11,Product_3,441.02,12,50.68,Books,5292.24,Wednesday,September
2024-09-12,Product_3,527.95,14,32.13,Food,7391.300000000001,Thursday,September
2024-09-13,Product_3,531.32,14,26.19,Electronics,7438.4800000000005,Friday,September
2024-09-14,Product_3,471.26,13,74.32,Electronics,6126.38,Saturday,September
2024-09-15,Product_3,478.47,13,42.16,Electronics,6220.110000000001,Sunday,September
2024-09-16,Product_3,410.04,11,93.15,Toys,4510.4400000000005,Monday,September
2024-09-17,Product_3,449.9,12,61.39,Food,5398.799999999999,Tuesday,September
2024-09-18,Product_3,511.18,14,21.99,Books,7156.52,Wednesday,September
2024-09-19,Product_3,465.68,12,32.27,Toys,5588.16,Thursday,September
2024-09-20,Product_3,466.88,12,37.91,Electronics,5602.5599999999995,Friday,September
2024-09-21,Product_3,458.06,12,37.7,Clothing,5496.72,Saturday,September
2024-09-22,Product_3,481.29,13,33.25,Books,6256.77,Sunday,September
2024-09-23,Product_3,465.95,12,96.46,Clothing,5591.4,Monday,September
2024-09-24,Product_3,411.85,11,79.04,Books,4530.35,Tuesday,September
2024-09-25,Product_3,483.85,13,79.06,Food,6290.05,Wednesday,September
2024-09-26,Product_3,455.5,12,21.94,Clothing,5466.0,Thursday,September
2024-09-27,Product_3,533.86,14,47.06,Food,7474.04,Friday,September
2024-09-28,Product_3,432.68,11,47.31,Electronics,4759.4800000000005,Saturday,September
2024-09-29,Product_3,469.84,12,34.48,Books,5638.08,Sunday,September
2024-09-30,Product_3,479.26,13,94.71,Toys,6230.38,Monday,September
2024-10-01,Product_3,479.0,13,49.26,Clothing,6227.0,Tuesday,October
2024-10-02,Product_3,559.67,15,86.7,Electronics,8395.05,Wednesday,October
2024-10-03,Product_3,516.74,14,35.77,Clothing,7234.360000000001,Thursday,October
2024-10-04,Product_3,449.14,12,66.57,Food,5389.68,Friday,October
2024-10-05,Product_3,502.59,13,61.04,Books,6533.67,Saturday,October
2024-10-06,Product_3,471.07,13,45.81,Food,6123.91,Sunday,October
2024-10-07,Product_3,521.75,14,83.52,Toys,7304.5,Monday,October
2024-10-08,Product_3,477.64,13,77.75,Toys,6209.32,Tuesday,October
2024-10-09,Product_3,457.25,12,29.3,Electronics,5487.0,Wednesday,October
2024-10-10,Product_3,550.96,15,58.5,Toys,8264.400000000001,Thursday,October
2024-10-11,Product_3,494.61,13,53.42,Books,6429.93,Friday,October
2024-10-12,Product_3,430.69,11,39.53,Electronics,4737.59,Saturday,October
2024-10-13,Product_3,397.14,10,87.69,Books,3971.3999999999996,Sunday,October
2024-10-14,Product_3,415.6,11,98.74,Electronics,4571.6,Monday,October
2024-10-15,Product_3,454.88,12,46.66,Food,5458.5599999999995,Tuesday,October
2024-10-16,Product_3,507.71,14,32.43,Food,7107.94,Wednesday,October
2024-10-17,Product_3,515.76,14,39.02,Toys,7220.639999999999,Thursday,October
2024-10-18,Product_3,517.95,14,56.15,Food,7251.300000000001,Friday,October
2024-10-19,Product_3,448.03,12,84.36,Toys,5376.36,Saturday,October
2024-10-20,Product_3,489.35,13,96.12,Clothing,6361.55,Sunday,October
2024-10-21,Product_3,474.63,13,90.16,Clothing,6170.19,Monday,October
2024-10-22,Product_3,466.38,12,94.83,Food,5596.5599999999995,Tuesday,October
2024-10-23,Product_3,454.22,12,69.2,Food,5450.64,Wednesday,October
2024-10-24,Product_3,477.09,13,90.87,Toys,6202.17,Thursday,October
2024-10-25,Product_3,494.52,13,88.08,Electronics,6428.76,Friday,October
2024-10-26,Product_3,504.4,13,83.74,Electronics,6557.2,Saturday,October
2024-10-27,Product_3,430.71,11,36.91,Books,4737.8099999999995,Sunday,October
2024-10-28,Product_3,424.29,11,57.61,Toys,4667.1900000000005,Monday,October
2024-10-29,Product_3,473.52,13,83.43,Clothing,6155.76,Tuesday,October
2024-10-30,Product_3,484.0,13,99.18,Electronics,6292.0,Wednesday,October
2024-10-31,Product_3,469.59,12,91.96,Books,5635.08,Thursday,October
2024-11-01,Product_3,472.61,13,52.17,Electronics,6143.93,Friday,November
2024-11-02,Product_3,508.4,14,39.65,Clothing,7117.599999999999,Saturday,November
2024-11-03,Product_3,455.78,12,42.77,Toys,5469.36,Sunday,November
2024-11-04,Product_3,409.47,11,82.1,Clothing,4504.17,Monday,November
2024-11-05,Product_3,436.74,12,56.14,Food,5240.88,Tuesday,November
2024-11-06,Product_3,490.75,13,31.63,Electronics,6379.75,Wednesday,November
2024-11-07,Product_3,550.78,15,63.98,Books,8261.699999999999,Thursday,November
2024-11-08,Product_3,475.8,13,56.33,Clothing,6185.400000000001,Friday,November
2024-11-09,Product_3,560.27,15,33.54,Books,8404.05,Saturday,November
2024-11-10,Product_3,461.12,12,94.83,Books,5533.4400000000005,Sunday,November
2024-11-11,Product_3,490.16,13,38.76,Toys,6372.08,Monday,November
2024-11-12,Product_3,455.61,12,88.43,Toys,5467.32,Tuesday,November
2024-11-13,Product_3,484.45,13,32.06,Books,6297.849999999999,Wednesday,November
2024-11-14,Product_3,480.24,13,97.74,Food,6243.12,Thursday,November
2024-11-15,Product_3,489.57,13,57.82,Food,6364.41,Friday,November
2024-11-16,Product_3,501.71,13,68.85,Books,6522.23,Saturday,November
2024-11-17,Product_3,457.89,12,58.75,Electronics,5494.68,Sunday,November
2024-11-18,Product_3,591.9,16,47.6,Electronics,9470.4,Monday,November
2024-11-19,Product_3,483.26,13,96.87,Books,6282.38,Tuesday,November
2024-11-20,Product_3,478.43,13,35.74,Toys,6219.59,Wednesday,November
2024-11-21,Product_3,504.48,13,64.13,Books,6558.24,Thursday,November
2024-11-22,Product_3,523.51,14,83.25,Books,7329.139999999999,Friday,November
2024-11-23,Product_3,552.95,15,67.45,Food,8294.25,Saturday,November
2024-11-24,Product_3,509.84,14,98.02,Food,7137.759999999999,Sunday,November
2024-11-25,Product_3,471.37,13,36.76,Toys,6127.81,Monday,November
2024-11-26,Product_3,461.59,12,72.43,Clothing,5539.08,Tuesday,November
2024-11-27,Product_3,477.86,13,30.82,Electronics,6212.18,Wednesday,November
2024-11-28,Product_3,476.42,13,94.18,Food,6193.46,Thursday,November
2024-11-29,Product_3,575.08,15,94.52,Electronics,8626.2,Friday,November
2024-11-30,Product_3,515.18,14,41.72,Books,7212.5199999999995,Saturday,November
2024-12-01,Product_3,537.59,14,51.27,Clothing,7526.26,Sunday,December
2024-12-02,Product_3,482.44,13,96.41,Electronics,6271.72,Monday,December
2024-12-03,Product_3,533.91,14,66.22,Toys,7474.74,Tuesday,December
2024-12-04,Product_3,595.17,16,43.33,Electronics,9522.72,Wednesday,December
2024-12-05,Product_3,546.71,15,95.13,Clothing,8200.650000000001,Thursday,December
2024-12-06,Product_3,561.07,15,37.54,Toys,8416.050000000001,Friday,December
2024-12-07,Product_3,525.22,14,55.39,Clothing,7353.08,Saturday,December
2024-12-08,Product_3,438.58,12,43.56,Clothing,5262.96,Sunday,December
2024-12-09,Product_3,513.04,14,32.47,Toys,7182.5599999999995,Monday,December
2024-12-10,Product_3,454.03,12,54.4,Books,5448.36,Tuesday,December
2024-12-11,Product_3,549.52,15,67.54,Electronics,8242.8,Wednesday,December
2024-12-12,Product_3,546.96,15,57.65,Clothing,8204.400000000001,Thursday,December
2024-12-13,Product_3,567.07,15,59.21,Books,8506.050000000001,Friday,December
2024-12-14,Product_3,563.84,15,31.64,Books,8457.6,Saturday,December
2024-12-15,Product_3,499.76,13,70.94,Electronics,6496.88,Sunday,December
2024-12-16,Product_3,515.79,14,33.93,Clothing,7221.0599999999995,Monday,December
2024-12-17,Product_3,515.49,14,54.79,Toys,7216.860000000001,Tuesday,December
2024-12-18,Product_3,546.97,15,41.08,Clothing,8204.550000000001,Wednesday,December
2024-12-19,Product_3,517.13,14,30.19,Clothing,7239.82,Thursday,December
2024-12-20,Product_3,525.15,14,84.71,Toys,7352.099999999999,Friday,December
2024-12-21,Product_3,525.39,14,31.18,Clothing,7355.46,Saturday,December
2024-12-22,Product_3,518.03,14,91.12,Books,7252.42,Sunday,December
2024-12-23,Product_3,510.89,14,86.38,Clothing,7152.46,Monday,December
2024-12-24,Product_3,483.64,13,65.34,Clothing,6287.32,Tuesday,December
2024-12-25,Product_3,548.91,15,30.17,Food,8233.65,Wednesday,December
2024-12-26,Product_3,545.35,15,46.66,Electronics,8180.25,Thursday,December
2024-12-27,Product_3,545.8,15,55.74,Electronics,8186.999999999999,Friday,December
2024-12-28,Product_3,583.29,16,56.41,Food,9332.64,Saturday,December
2024-12-29,Product_3,499.79,13,46.51,Food,6497.27,Sunday,December
2024-12-30,Product_3,537.8,14,25.15,Clothing,7529.199999999999,Monday,December
2024-12-31,Product_3,506.08,13,58.5,Toys,6579.04,Tuesday,December
2020-01-01,Product_4,286.28,7,24.65,Electronics,2003.9599999999998,Wednesday,January
2020-01-02,Product_4,272.62,6,43.68,Toys,1635.72,Thursday,January
2020-01-03,Product_4,289.71,7,88.19,Electronics,2027.9699999999998,Friday,January
2020-01-04,Product_4,254.04,6,55.51,Electronics,1524.24,Saturday,January
2020-01-05,Product_4,224.33,5,24.79,Clothing,1121.65,Sunday,January
2020-01-06,Product_4,200.36,4,82.35,Food,801.44,Monday,January
2020-01-07,Product_4,217.37,5,81.71,Electronics,1086.85,Tuesday,January
2020-01-08,Product_4,282.49,7,50.82,Toys,1977.43,Wednesday,January
2020-01-09,Product_4,263.33,6,72.92,Toys,1579.98,Thursday,January
2020-01-10,Product_4,310.46,7,74.4,Books,2173.22,Friday,January
2020-01-11,Product_4,239.86,5,90.37,Food,1199.3000000000002,Saturday,January
2020-01-12,Product_4,238.89,5,59.5,Books,1194.4499999999998,Sunday,January
2020-01-13,Product_4,258.4,6,23.68,Clothing,1550.3999999999999,Monday,January
2020-01-14,Product_4,233.95,5,28.38,Food,1169.75,Tuesday,January
2020-01-15,Product_4,260.28,6,33.25,Electronics,1561.6799999999998,Wednesday,January
2020-01-16,Product_4,335.66,8,22.57,Toys,2685.28,Thursday,January
2020-01-17,Product_4,325.56,8,56.8,Toys,2604.48,Friday,January
2020-01-18,Product_4,289.02,7,64.94,Toys,2023.1399999999999,Saturday,January
2020-01-19,Product_4,261.02,6,71.59,Clothing,1566.12,Sunday,January
2020-01-20,Product_4,270.09,6,31.8,Books,1620.54,Monday,January
2020-01-21,Product_4,295.8,7,42.25,Books,2070.6,Tuesday,January
2020-01-22,Product_4,237.68,5,86.82,Electronics,1188.4,Wednesday,January
2020-01-23,Product_4,293.49,7,39.24,Books,2054.4300000000003,Thursday,January
2020-01-24,Product_4,279.76,6,62.1,Toys,1678.56,Friday,January
2020-01-25,Product_4,317.06,7,43.6,Food,2219.42,Saturday,January
2020-01-26,Product_4,274.36,6,57.53,Clothing,1646.16,Sunday,January
2020-01-27,Product_4,262.84,6,57.04,Food,1577.04,Monday,January
2020-01-28,Product_4,263.08,6,62.7,Books,1578.48,Tuesday,January
2020-01-29,Product_4,265.75,6,33.09,Books,1594.5,Wednesday,January
2020-01-30,Product_4,296.53,7,48.83,Food,2075.71,Thursday,January
2020-01-31,Product_4,273.22,6,92.02,Food,1639.3200000000002,Friday,January
2020-02-01,Product_4,281.95,7,25.18,Toys,1973.6499999999999,Saturday,February
2020-02-02,Product_4,296.26,7,40.64,Toys,2073.8199999999997,Sunday,February
2020-02-03,Product_4,236.9,5,75.33,Books,1184.5,Monday,February
2020-02-04,Product_4,255.87,6,86.79,Electronics,1535.22,Tuesday,February
2020-02-05,Product_4,263.03,6,68.24,Toys,1578.1799999999998,Wednesday,February
2020-02-06,Product_4,256.4,6,60.69,Clothing,1538.3999999999999,Thursday,February
2020-02-07,Product_4,304.44,7,85.29,Clothing,2131.08,Friday,February
2020-02-08,Product_4,299.6,7,27.39,Electronics,2097.2000000000003,Saturday,February
2020-02-09,Product_4,289.29,7,87.18,Toys,2025.0300000000002,Sunday,February
2020-02-10,Product_4,279.69,6,63.87,Books,1678.1399999999999,Monday,February
2020-02-11,Product_4,295.0,7,76.42,Books,2065.0,Tuesday,February
2020-02-12,Product_4,347.26,8,65.01,Books,2778.08,Wednesday,February
2020-02-13,Product_4,308.49,7,94.68,Food,2159.4300000000003,Thursday,February
2020-02-14,Product_4,326.86,8,43.89,Toys,2614.88,Friday,February
2020-02-15,Product_4,310.08,7,56.19,Food,2170.56,Saturday,February
2020-02-16,Product_4,285.77,7,42.5,Electronics,2000.3899999999999,Sunday,February
2020-02-17,Product_4,283.24,7,36.46,Electronics,1982.68,Monday,February
2020-02-18,Product_4,291.89,7,51.64,Electronics,2043.23,Tuesday,February
2020-02-19,Product_4,261.64,6,40.06,Clothing,1569.84,Wednesday,February
2020-02-20,Product_4,288.66,7,85.26,Clothing,2020.6200000000001,Thursday,February
2020-02-21,Product_4,311.26,7,48.85,Electronics,2178.8199999999997,Friday,February
2020-02-22,Product_4,329.09,8,61.58,Clothing,2632.72,Saturday,February
2020-02-23,Product_4,293.52,7,31.29,Books,2054.64,Sunday,February
2020-02-24,Product_4,321.7,7,70.98,Books,2251.9,Monday,February
2020-02-25,Product_4,310.21,7,67.46,Food,2171.47,Tuesday,February
2020-02-26,Product_4,291.96,7,75.74,Electronics,2043.7199999999998,Wednesday,February
2020-02-27,Product_4,294.86,7,87.32,Books,2064.02,Thursday,February
2020-02-28,Product_4,310.51,7,25.45,Toys,2173.5699999999997,Friday,February
2020-02-29,Product_4,335.31,8,66.24,Food,2682.48,Saturday,February
2020-03-01,Product_4,250.99,6,70.9,Electronics,1505.94,Sunday,March
2020-03-02,Product_4,282.7,7,23.81,Food,1978.8999999999999,Monday,March
2020-03-03,Product_4,289.49,7,60.77,Clothing,2026.43,Tuesday,March
2020-03-04,Product_4,320.94,7,55.41,Food,2246.58,Wednesday,March
2020-03-05,Product_4,336.47,8,99.16,Clothing,2691.76,Thursday,March
2020-03-06,Product_4,317.16,7,54.06,Books,2220.1200000000003,Friday,March
2020-03-07,Product_4,370.58,9,56.78,Books,3335.22,Saturday,March
2020-03-08,Product_4,277.08,6,49.94,Clothing,1662.48,Sunday,March
2020-03-09,Product_4,301.56,7,68.29,Electronics,2110.92,Monday,March
2020-03-10,Product_4,306.79,7,21.16,Electronics,2147.53,Tuesday,March
2020-03-11,Product_4,333.89,8,68.65,Food,2671.12,Wednesday,March
2020-03-12,Product_4,333.56,8,37.06,Electronics,2668.48,Thursday,March
2020-03-13,Product_4,373.17,9,79.39,Food,3358.53,Friday,March
2020-03-14,Product_4,347.89,8,53.47,Electronics,2783.12,Saturday,March
2020-03-15,Product_4,303.97,7,51.08,Clothing,2127.79,Sunday,March
2020-03-16,Product_4,378.65,9,99.44,Electronics,3407.85,Monday,March
2020-03-17,Product_4,272.15,6,75.5,Toys,1632.8999999999999,Tuesday,March
2020-03-18,Product_4,333.02,8,78.25,Food,2664.16,Wednesday,March
2020-03-19,Product_4,353.35,8,60.3,Electronics,2826.8,Thursday,March
2020-03-20,Product_4,349.98,8,62.6,Toys,2799.84,Friday,March
2020-03-21,Product_4,367.58,9,86.01,Electronics,3308.22,Saturday,March
2020-03-22,Product_4,292.06,7,62.97,Toys,2044.42,Sunday,March
2020-03-23,Product_4,360.92,8,89.45,Electronics,2887.36,Monday,March
2020-03-24,Product_4,320.81,7,51.55,Food,2245.67,Tuesday,March
2020-03-25,Product_4,310.61,7,60.82,Toys,2174.27,Wednesday,March
2020-03-26,Product_4,319.91,7,31.4,Food,2239.3700000000003,Thursday,March
2020-03-27,Product_4,361.25,8,43.85,Clothing,2890.0,Friday,March
2020-03-28,Product_4,307.73,7,30.15,Books,2154.11,Saturday,March
2020-03-29,Product_4,323.11,8,60.53,Electronics,2584.88,Sunday,March
2020-03-30,Product_4,268.59,6,99.56,Food,1611.54,Monday,March
2020-03-31,Product_4,273.37,6,67.05,Electronics,1640.22,Tuesday,March
2020-04-01,Product_4,292.29,7,40.49,Toys,2046.0300000000002,Wednesday,April
2020-04-02,Product_4,326.6,8,67.19,Food,2612.8,Thursday,April
2020-04-03,Product_4,365.18,9,57.29,Books,3286.62,Friday,April
2020-04-04,Product_4,331.77,8,28.96,Toys,2654.16,Saturday,April
2020-04-05,Product_4,300.45,7,38.82,Books,2103.15,Sunday,April
2020-04-06,Product_4,239.51,5,47.06,Electronics,1197.55,Monday,April
2020-04-07,Product_4,350.33,8,93.14,Toys,2802.64,Tuesday,April
2020-04-08,Product_4,332.15,8,71.56,Electronics,2657.2,Wednesday,April
2020-04-09,Product_4,347.35,8,42.17,Toys,2778.8,Thursday,April
2020-04-10,Product_4,305.58,7,91.46,Toys,2139.06,Friday,April
2020-04-11,Product_4,348.76,8,53.71,Food,2790.08,Saturday,April
2020-04-12,Product_4,288.78,7,44.37,Toys,2021.4599999999998,Sunday,April
2020-04-13,Product_4,275.16,6,72.98,Food,1650.96,Monday,April
2020-04-14,Product_4,308.53,7,35.19,Toys,2159.71,Tuesday,April
2020-04-15,Product_4,313.11,7,69.12,Food,2191.77,Wednesday,April
2020-04-16,Product_4,348.82,8,80.39,Books,2790.56,Thursday,April
2020-04-17,Product_4,354.98,8,24.82,Clothing,2839.84,Friday,April
2020-04-18,Product_4,330.45,8,43.13,Toys,2643.6,Saturday,April
2020-04-19,Product_4,252.61,6,59.72,Toys,1515.66,Sunday,April
2020-04-20,Product_4,274.99,6,37.58,Toys,1649.94,Monday,April
2020-04-21,Product_4,288.4,7,69.46,Clothing,2018.7999999999997,Tuesday,April
2020-04-22,Product_4,299.92,7,71.98,Food,2099.44,Wednesday,April
2020-04-23,Product_4,334.92,8,26.18,Electronics,2679.36,Thursday,April
2020-04-24,Product_4,351.83,8,87.73,Toys,2814.64,Friday,April
2020-04-25,Product_4,316.29,7,85.18,Electronics,2214.03,Saturday,April
2020-04-26,Product_4,301.05,7,95.75,Toys,2107.35,Sunday,April
2020-04-27,Product_4,339.87,8,55.4,Books,2718.96,Monday,April
2020-04-28,Product_4,362.59,9,99.37,Toys,3263.31,Tuesday,April
2020-04-29,Product_4,342.57,8,37.04,Books,2740.56,Wednesday,April
2020-04-30,Product_4,301.26,7,76.98,Electronics,2108.8199999999997,Thursday,April
2020-05-01,Product_4,401.53,9,90.98,Clothing,3613.7699999999995,Friday,May
2020-05-02,Product_4,311.65,7,39.29,Books,2181.5499999999997,Saturday,May
2020-05-03,Product_4,312.04,7,20.97,Clothing,2184.28,Sunday,May
2020-05-04,Product_4,353.96,8,67.06,Clothing,2831.68,Monday,May
2020-05-05,Product_4,302.69,7,66.06,Toys,2118.83,Tuesday,May
2020-05-06,Product_4,277.92,6,29.71,Books,1667.52,Wednesday,May
2020-05-07,Product_4,307.15,7,75.12,Food,2150.0499999999997,Thursday,May
2020-05-08,Product_4,331.19,8,52.76,Clothing,2649.52,Friday,May
2020-05-09,Product_4,331.73,8,21.82,Food,2653.84,Saturday,May
2020-05-10,Product_4,282.09,7,21.29,Clothing,1974.6299999999999,Sunday,May
2020-05-11,Product_4,340.52,8,62.04,Books,2724.16,Monday,May
2020-05-12,Product_4,326.23,8,65.6,Clothing,2609.84,Tuesday,May
2020-05-13,Product_4,352.65,8,37.05,Clothing,2821.2,Wednesday,May
2020-05-14,Product_4,290.49,7,56.55,Books,2033.43,Thursday,May
2020-05-15,Product_4,299.4,7,85.92,Books,2095.7999999999997,Friday,May
2020-05-16,Product_4,350.75,8,72.11,Books,2806.0,Saturday,May
2020-05-17,Product_4,298.06,7,25.74,Clothing,2086.42,Sunday,May
2020-05-18,Product_4,309.49,7,20.44,Electronics,2166.4300000000003,Monday,May
2020-05-19,Product_4,274.54,6,90.44,Books,1647.2400000000002,Tuesday,May
2020-05-20,Product_4,295.32,7,57.79,Books,2067.24,Wednesday,May
2020-05-21,Product_4,350.78,8,69.88,Clothing,2806.24,Thursday,May
2020-05-22,Product_4,373.26,9,91.81,Books,3359.34,Friday,May
2020-05-23,Product_4,301.0,7,71.13,Clothing,2107.0,Saturday,May
2020-05-24,Product_4,309.69,7,82.36,Food,2167.83,Sunday,May
2020-05-25,Product_4,264.87,6,98.5,Books,1589.22,Monday,May
2020-05-26,Product_4,278.6,6,79.5,Clothing,1671.6000000000001,Tuesday,May
2020-05-27,Product_4,260.51,6,71.82,Clothing,1563.06,Wednesday,May
2020-05-28,Product_4,335.6,8,76.03,Books,2684.8,Thursday,May
2020-05-29,Product_4,297.25,7,40.92,Electronics,2080.75,Friday,May
2020-05-30,Product_4,336.24,8,40.23,Food,2689.92,Saturday,May
2020-05-31,Product_4,307.69,7,37.94,Electronics,2153.83,Sunday,May
2020-06-01,Product_4,309.93,7,30.7,Food,2169.51,Monday,June
2020-06-02,Product_4,299.78,7,37.53,Food,2098.46,Tuesday,June
2020-06-03,Product_4,341.67,8,47.57,Toys,2733.36,Wednesday,June
2020-06-04,Product_4,317.48,7,94.79,Electronics,2222.36,Thursday,June
2020-06-05,Product_4,315.37,7,70.29,Electronics,2207.59,Friday,June
2020-06-06,Product_4,341.57,8,89.49,Toys,2732.56,Saturday,June
2020-06-07,Product_4,320.03,7,62.99,Clothing,2240.21,Sunday,June
2020-06-08,Product_4,325.9,8,67.29,Clothing,2607.2,Monday,June
2020-06-09,Product_4,259.7,6,90.34,Toys,1558.1999999999998,Tuesday,June
2020-06-10,Product_4,241.77,6,84.29,Electronics,1450.6200000000001,Wednesday,June
2020-06-11,Product_4,308.94,7,53.57,Books,2162.58,Thursday,June
2020-06-12,Product_4,295.77,7,95.63,Food,2070.39,Friday,June
2020-06-13,Product_4,342.65,8,73.01,Clothing,2741.2,Saturday,June
2020-06-14,Product_4,251.92,6,93.21,Clothing,1511.52,Sunday,June
2020-06-15,Product_4,264.66,6,46.44,Food,1587.96,Monday,June
2020-06-16,Product_4,250.77,6,20.72,Books,1504.6200000000001,Tuesday,June
2020-06-17,Product_4,256.0,6,69.31,Clothing,1536.0,Wednesday,June
2020-06-18,Product_4,337.0,8,98.46,Toys,2696.0,Thursday,June
2020-06-19,Product_4,281.83,6,61.28,Electronics,1690.98,Friday,June
2020-06-20,Product_4,278.13,6,59.06,Food,1668.78,Saturday,June
2020-06-21,Product_4,368.36,9,81.69,Clothing,3315.2400000000002,Sunday,June
2020-06-22,Product_4,292.14,7,26.2,Clothing,2044.98,Monday,June
2020-06-23,Product_4,288.18,7,88.13,Books,2017.26,Tuesday,June
2020-06-24,Product_4,249.28,6,22.18,Clothing,1495.68,Wednesday,June
2020-06-25,Product_4,300.83,7,47.69,Toys,2105.81,Thursday,June
2020-06-26,Product_4,336.29,8,77.6,Toys,2690.32,Friday,June
2020-06-27,Product_4,257.67,6,36.96,Books,1546.02,Saturday,June
2020-06-28,Product_4,314.98,7,39.42,Electronics,2204.86,Sunday,June
2020-06-29,Product_4,247.23,6,61.89,Food,1483.3799999999999,Monday,June
2020-06-30,Product_4,264.56,6,75.75,Food,1587.3600000000001,Tuesday,June
2020-07-01,Product_4,303.91,7,37.49,Clothing,2127.3700000000003,Wednesday,July
2020-07-02,Product_4,306.12,7,92.68,Books,2142.84,Thursday,July
2020-07-03,Product_4,265.69,6,66.65,Clothing,1594.1399999999999,Friday,July
2020-07-04,Product_4,276.56,6,65.74,Clothing,1659.3600000000001,Saturday,July
2020-07-05,Product_4,321.03,7,58.71,Clothing,2247.21,Sunday,July
2020-07-06,Product_4,264.87,6,67.31,Books,1589.22,Monday,July
2020-07-07,Product_4,267.06,6,77.18,Clothing,1602.3600000000001,Tuesday,July
2020-07-08,Product_4,259.3,6,30.52,Food,1555.8000000000002,Wednesday,July
2020-07-09,Product_4,276.45,6,94.12,Books,1658.6999999999998,Thursday,July
2020-07-10,Product_4,316.67,7,45.74,Books,2216.69,Friday,July
2020-07-11,Product_4,226.52,5,28.83,Clothing,1132.6000000000001,Saturday,July
2020-07-12,Product_4,272.52,6,48.2,Clothing,1635.12,Sunday,July
2020-07-13,Product_4,221.81,5,44.76,Clothing,1109.05,Monday,July
2020-07-14,Product_4,201.24,4,66.74,Food,804.96,Tuesday,July
2020-07-15,Product_4,296.51,7,37.52,Clothing,2075.5699999999997,Wednesday,July
2020-07-16,Product_4,332.02,8,41.2,Toys,2656.16,Thursday,July
2020-07-17,Product_4,317.58,7,92.16,Toys,2223.06,Friday,July
2020-07-18,Product_4,248.31,6,37.7,Books,1489.8600000000001,Saturday,July
2020-07-19,Product_4,208.5,5,41.34,Toys,1042.5,Sunday,July
2020-07-20,Product_4,268.72,6,69.06,Books,1612.3200000000002,Monday,July
2020-07-21,Product_4,224.68,5,87.27,Toys,1123.4,Tuesday,July
2020-07-22,Product_4,239.67,5,79.8,Books,1198.35,Wednesday,July
2020-07-23,Product_4,257.2,6,61.24,Toys,1543.1999999999998,Thursday,July
2020-07-24,Product_4,259.05,6,70.58,Toys,1554.3000000000002,Friday,July
2020-07-25,Product_4,256.07,6,70.92,Books,1536.42,Saturday,July
2020-07-26,Product_4,229.43,5,44.58,Toys,1147.15,Sunday,July
2020-07-27,Product_4,264.52,6,68.01,Clothing,1587.12,Monday,July
2020-07-28,Product_4,216.02,5,61.16,Electronics,1080.1000000000001,Tuesday,July
2020-07-29,Product_4,256.18,6,64.11,Books,1537.08,Wednesday,July
2020-07-30,Product_4,194.44,4,65.98,Books,777.76,Thursday,July
2020-07-31,Product_4,287.46,7,28.63,Clothing,2012.2199999999998,Friday,July
2020-08-01,Product_4,227.68,5,88.34,Food,1138.4,Saturday,August
2020-08-02,Product_4,222.72,5,39.64,Clothing,1113.6,Sunday,August
2020-08-03,Product_4,222.25,5,50.11,Books,1111.25,Monday,August
2020-08-04,Product_4,246.0,6,38.32,Electronics,1476.0,Tuesday,August
2020-08-05,Product_4,239.38,5,76.36,Electronics,1196.9,Wednesday,August
2020-08-06,Product_4,275.55,6,66.6,Food,1653.3000000000002,Thursday,August
2020-08-07,Product_4,250.27,6,90.19,Clothing,1501.6200000000001,Friday,August
2020-08-08,Product_4,290.64,7,46.01,Toys,2034.48,Saturday,August
2020-08-09,Product_4,237.15,5,78.25,Books,1185.75,Sunday,August
2020-08-10,Product_4,225.43,5,96.49,Toys,1127.15,Monday,August
2020-08-11,Product_4,224.55,5,31.69,Toys,1122.75,Tuesday,August
2020-08-12,Product_4,245.51,6,88.22,Books,1473.06,Wednesday,August
2020-08-13,Product_4,297.25,7,71.48,Toys,2080.75,Thursday,August
2020-08-14,Product_4,305.28,7,84.88,Toys,2136.96,Friday,August
2020-08-15,Product_4,291.51,7,83.5,Food,2040.57,Saturday,August
2020-08-16,Product_4,235.26,5,82.31,Books,1176.3,Sunday,August
2020-08-17,Product_4,211.61,5,89.75,Electronics,1058.0500000000002,Monday,August
2020-08-18,Product_4,224.49,5,33.54,Food,1122.45,Tuesday,August
2020-08-19,Product_4,249.22,6,78.24,Toys,1495.32,Wednesday,August
2020-08-20,Product_4,249.4,6,92.08,Books,1496.4,Thursday,August
2020-08-21,Product_4,226.57,5,99.64,Toys,1132.85,Friday,August
2020-08-22,Product_4,258.7,6,32.43,Electronics,1552.1999999999998,Saturday,August
2020-08-23,Product_4,214.76,5,96.76,Toys,1073.8,Sunday,August
2020-08-24,Product_4,214.56,5,70.62,Toys,1072.8,Monday,August
2020-08-25,Product_4,205.3,5,41.02,Clothing,1026.5,Tuesday,August
2020-08-26,Product_4,212.4,5,80.34,Clothing,1062.0,Wednesday,August
2020-08-27,Product_4,226.38,5,39.77,Toys,1131.9,Thursday,August
2020-08-28,Product_4,226.27,5,41.48,Toys,1131.3500000000001,Friday,August
2020-08-29,Product_4,218.03,5,68.31,Food,1090.15,Saturday,August
2020-08-30,Product_4,268.41,6,86.44,Electronics,1610.46,Sunday,August
2020-08-31,Product_4,225.57,5,55.44,Books,1127.85,Monday,August
2020-09-01,Product_4,209.44,5,76.75,Electronics,1047.2,Tuesday,September
2020-09-02,Product_4,244.93,6,80.25,Books,1469.58,Wednesday,September
2020-09-03,Product_4,224.51,5,60.97,Books,1122.55,Thursday,September
2020-09-04,Product_4,254.13,6,67.79,Clothing,1524.78,Friday,September
2020-09-05,Product_4,211.53,5,81.59,Clothing,1057.65,Saturday,September
2020-09-06,Product_4,258.76,6,94.1,Books,1552.56,Sunday,September
2020-09-07,Product_4,250.66,6,33.25,Clothing,1503.96,Monday,September
2020-09-08,Product_4,217.62,5,54.69,Clothing,1088.1,Tuesday,September
2020-09-09,Product_4,230.33,5,66.43,Toys,1151.65,Wednesday,September
2020-09-10,Product_4,294.08,7,66.19,Food,2058.56,Thursday,September
2020-09-11,Product_4,215.61,5,40.8,Food,1078.0500000000002,Friday,September
2020-09-12,Product_4,184.03,4,25.16,Clothing,736.12,Saturday,September
2020-09-13,Product_4,212.17,5,43.33,Toys,1060.85,Sunday,September
2020-09-14,Product_4,247.8,6,89.99,Electronics,1486.8000000000002,Monday,September
2020-09-15,Product_4,225.82,5,25.22,Toys,1129.1,Tuesday,September
2020-09-16,Product_4,240.56,5,47.29,Toys,1202.8,Wednesday,September
2020-09-17,Product_4,285.46,7,79.5,Clothing,1998.2199999999998,Thursday,September
2020-09-18,Product_4,263.84,6,99.18,Food,1583.04,Friday,September
2020-09-19,Product_4,219.39,5,26.02,Books,1096.9499999999998,Saturday,September
2020-09-20,Product_4,221.54,5,56.74,Electronics,1107.7,Sunday,September
2020-09-21,Product_4,197.98,4,33.82,Toys,791.92,Monday,September
2020-09-22,Product_4,204.56,5,39.4,Electronics,1022.8,Tuesday,September
2020-09-23,Product_4,161.26,4,37.43,Electronics,645.04,Wednesday,September
2020-09-24,Product_4,262.2,6,68.38,Books,1573.1999999999998,Thursday,September
2020-09-25,Product_4,234.35,5,68.25,Books,1171.75,Friday,September
2020-09-26,Product_4,279.74,6,48.83,Clothing,1678.44,Saturday,September
2020-09-27,Product_4,227.6,5,64.42,Clothing,1138.0,Sunday,September
2020-09-28,Product_4,206.1,5,99.38,Food,1030.5,Monday,September
2020-09-29,Product_4,251.69,6,86.87,Clothing,1510.1399999999999,Tuesday,September
2020-09-30,Product_4,205.06,5,30.73,Books,1025.3,Wednesday,September
2020-10-01,Product_4,294.41,7,91.17,Electronics,2060.8700000000003,Thursday,October
2020-10-02,Product_4,337.65,8,98.45,Electronics,2701.2,Friday,October
2020-10-03,Product_4,225.19,5,98.6,Toys,1125.95,Saturday,October
2020-10-04,Product_4,257.71,6,90.18,Food,1546.2599999999998,Sunday,October
2020-10-05,Product_4,203.78,5,48.92,Food,1018.9,Monday,October
2020-10-06,Product_4,224.4,5,94.61,Food,1122.0,Tuesday,October
2020-10-07,Product_4,236.62,5,58.03,Food,1183.1,Wednesday,October
2020-10-08,Product_4,236.03,5,68.94,Toys,1180.15,Thursday,October
2020-10-09,Product_4,214.71,5,81.05,Clothing,1073.55,Friday,October
2020-10-10,Product_4,280.07,6,71.13,Books,1680.42,Saturday,October
2020-10-11,Product_4,245.1,6,40.25,Clothing,1470.6,Sunday,October
2020-10-12,Product_4,206.63,5,20.36,Clothing,1033.15,Monday,October
2020-10-13,Product_4,254.55,6,88.72,Toys,1527.3000000000002,Tuesday,October
2020-10-14,Product_4,204.07,5,77.72,Food,1020.3499999999999,Wednesday,October
2020-10-15,Product_4,242.47,6,51.33,Toys,1454.82,Thursday,October
2020-10-16,Product_4,228.19,5,20.63,Food,1140.95,Friday,October
2020-10-17,Product_4,248.87,6,91.2,Clothing,1493.22,Saturday,October
2020-10-18,Product_4,233.8,5,84.1,Clothing,1169.0,Sunday,October
2020-10-19,Product_4,206.12,5,82.14,Food,1030.6,Monday,October
2020-10-20,Product_4,237.08,5,82.62,Toys,1185.4,Tuesday,October
2020-10-21,Product_4,235.95,5,88.59,Electronics,1179.75,Wednesday,October
2020-10-22,Product_4,200.79,4,63.91,Toys,803.16,Thursday,October
2020-10-23,Product_4,195.58,4,45.66,Clothing,782.32,Friday,October
2020-10-24,Product_4,254.27,6,82.55,Books,1525.6200000000001,Saturday,October
2020-10-25,Product_4,187.98,4,22.32,Food,751.92,Sunday,October
2020-10-26,Product_4,215.82,5,56.58,Clothing,1079.1,Monday,October
2020-10-27,Product_4,251.81,6,96.19,Clothing,1510.8600000000001,Tuesday,October
2020-10-28,Product_4,242.48,6,28.69,Food,1454.8799999999999,Wednesday,October
2020-10-29,Product_4,266.28,6,28.96,Electronics,1597.6799999999998,Thursday,October
2020-10-30,Product_4,251.76,6,30.59,Books,1510.56,Friday,October
2020-10-31,Product_4,210.68,5,90.17,Clothing,1053.4,Saturday,October
2020-11-01,Product_4,197.77,4,88.21,Books,791.08,Sunday,November
2020-11-02,Product_4,217.44,5,69.07,Food,1087.2,Monday,November
2020-11-03,Product_4,246.81,6,53.25,Electronics,1480.8600000000001,Tuesday,November
2020-11-04,Product_4,266.02,6,46.55,Toys,1596.12,Wednesday,November
2020-11-05,Product_4,252.46,6,89.77,Books,1514.76,Thursday,November
2020-11-06,Product_4,259.97,6,21.47,Books,1559.8200000000002,Friday,November
2020-11-07,Product_4,196.22,4,96.8,Electronics,784.88,Saturday,November
2020-11-08,Product_4,210.32,5,32.66,Food,1051.6,Sunday,November
2020-11-09,Product_4,177.22,4,91.35,Food,708.88,Monday,November
2020-11-10,Product_4,201.82,5,78.3,Electronics,1009.0999999999999,Tuesday,November
2020-11-11,Product_4,193.4,4,79.12,Food,773.6,Wednesday,November
2020-11-12,Product_4,269.17,6,52.87,Toys,1615.02,Thursday,November
2020-11-13,Product_4,264.02,6,52.64,Electronics,1584.12,Friday,November
2020-11-14,Product_4,290.06,7,46.37,Books,2030.42,Saturday,November
2020-11-15,Product_4,195.17,4,20.92,Toys,780.68,Sunday,November
2020-11-16,Product_4,169.68,4,63.29,Books,678.72,Monday,November
2020-11-17,Product_4,193.77,4,85.3,Toys,775.08,Tuesday,November
2020-11-18,Product_4,254.64,6,86.48,Electronics,1527.84,Wednesday,November
2020-11-19,Product_4,277.77,6,44.15,Toys,1666.62,Thursday,November
2020-11-20,Product_4,300.84,7,21.55,Electronics,2105.8799999999997,Friday,November
2020-11-21,Product_4,311.33,7,62.67,Food,2179.31,Saturday,November
2020-11-22,Product_4,244.2,6,58.66,Clothing,1465.1999999999998,Sunday,November
2020-11-23,Product_4,266.0,6,90.82,Clothing,1596.0,Monday,November
2020-11-24,Product_4,222.79,5,27.68,Electronics,1113.95,Tuesday,November
2020-11-25,Product_4,238.0,5,76.45,Electronics,1190.0,Wednesday,November
2020-11-26,Product_4,243.8,6,48.98,Food,1462.8000000000002,Thursday,November
2020-11-27,Product_4,290.73,7,95.51,Books,2035.1100000000001,Friday,November
2020-11-28,Product_4,254.73,6,83.95,Toys,1528.3799999999999,Saturday,November
2020-11-29,Product_4,292.54,7,88.2,Toys,2047.7800000000002,Sunday,November
2020-11-30,Product_4,262.29,6,59.6,Toys,1573.7400000000002,Monday,November
2020-12-01,Product_4,229.45,5,81.1,Toys,1147.25,Tuesday,December
2020-12-02,Product_4,283.95,7,51.79,Books,1987.6499999999999,Wednesday,December
2020-12-03,Product_4,280.03,6,69.45,Books,1680.1799999999998,Thursday,December
2020-12-04,Product_4,283.92,7,60.43,Books,1987.44,Friday,December
2020-12-05,Product_4,266.39,6,88.86,Toys,1598.34,Saturday,December
2020-12-06,Product_4,207.43,5,82.81,Electronics,1037.15,Sunday,December
2020-12-07,Product_4,210.2,5,61.08,Food,1051.0,Monday,December
2020-12-08,Product_4,252.59,6,44.9,Toys,1515.54,Tuesday,December
2020-12-09,Product_4,264.11,6,67.91,Electronics,1584.66,Wednesday,December
2020-12-10,Product_4,283.69,7,24.96,Toys,1985.83,Thursday,December
2020-12-11,Product_4,297.34,7,74.61,Toys,2081.3799999999997,Friday,December
2020-12-12,Product_4,265.61,6,22.1,Electronics,1593.66,Saturday,December
2020-12-13,Product_4,207.69,5,86.96,Books,1038.45,Sunday,December
2020-12-14,Product_4,216.1,5,35.46,Toys,1080.5,Monday,December
2020-12-15,Product_4,259.57,6,67.9,Food,1557.42,Tuesday,December
2020-12-16,Product_4,295.18,7,89.21,Electronics,2066.26,Wednesday,December
2020-12-17,Product_4,234.88,5,49.97,Toys,1174.4,Thursday,December
2020-12-18,Product_4,296.31,7,76.37,Toys,2074.17,Friday,December
2020-12-19,Product_4,302.76,7,25.7,Food,2119.3199999999997,Saturday,December
2020-12-20,Product_4,281.75,6,59.56,Electronics,1690.5,Sunday,December
2020-12-21,Product_4,258.17,6,76.51,Clothing,1549.02,Monday,December
2020-12-22,Product_4,255.16,6,99.57,Electronics,1530.96,Tuesday,December
2020-12-23,Product_4,299.19,7,38.87,Toys,2094.33,Wednesday,December
2020-12-24,Product_4,296.41,7,79.48,Clothing,2074.8700000000003,Thursday,December
2020-12-25,Product_4,296.5,7,83.64,Toys,2075.5,Friday,December
2020-12-26,Product_4,307.83,7,56.92,Books,2154.81,Saturday,December
2020-12-27,Product_4,296.98,7,25.26,Clothing,2078.86,Sunday,December
2020-12-28,Product_4,227.59,5,84.25,Clothing,1137.95,Monday,December
2020-12-29,Product_4,241.95,6,68.15,Food,1451.6999999999998,Tuesday,December
2020-12-30,Product_4,221.5,5,33.37,Clothing,1107.5,Wednesday,December
2020-12-31,Product_4,289.98,7,62.05,Electronics,2029.8600000000001,Thursday,December
2021-01-01,Product_4,270.82,6,21.99,Toys,1624.92,Friday,January
2021-01-02,Product_4,277.88,6,23.51,Food,1667.28,Saturday,January
2021-01-03,Product_4,286.1,7,26.02,Clothing,2002.7000000000003,Sunday,January
2021-01-04,Product_4,235.61,5,33.67,Clothing,1178.0500000000002,Monday,January
2021-01-05,Product_4,217.67,5,64.6,Books,1088.35,Tuesday,January
2021-01-06,Product_4,299.74,7,97.2,Food,2098.1800000000003,Wednesday,January
2021-01-07,Product_4,255.69,6,24.48,Books,1534.1399999999999,Thursday,January
2021-01-08,Product_4,284.86,7,51.15,Clothing,1994.02,Friday,January
2021-01-09,Product_4,364.09,9,34.38,Clothing,3276.81,Saturday,January
2021-01-10,Product_4,308.03,7,85.26,Electronics,2156.21,Sunday,January
2021-01-11,Product_4,286.52,7,39.88,Clothing,2005.6399999999999,Monday,January
2021-01-12,Product_4,300.57,7,74.1,Food,2103.99,Tuesday,January
2021-01-13,Product_4,251.39,6,59.35,Electronics,1508.34,Wednesday,January
2021-01-14,Product_4,284.16,7,91.26,Electronics,1989.1200000000001,Thursday,January
2021-01-15,Product_4,330.5,8,97.64,Toys,2644.0,Friday,January
2021-01-16,Product_4,317.5,7,49.37,Electronics,2222.5,Saturday,January
2021-01-17,Product_4,322.88,8,54.99,Electronics,2583.04,Sunday,January
2021-01-18,Product_4,273.81,6,20.5,Food,1642.8600000000001,Monday,January
2021-01-19,Product_4,270.11,6,99.38,Books,1620.66,Tuesday,January
2021-01-20,Product_4,308.8,7,51.19,Toys,2161.6,Wednesday,January
2021-01-21,Product_4,335.37,8,75.63,Clothing,2682.96,Thursday,January
2021-01-22,Product_4,356.28,8,89.98,Food,2850.24,Friday,January
2021-01-23,Product_4,302.76,7,33.1,Clothing,2119.3199999999997,Saturday,January
2021-01-24,Product_4,286.2,7,73.58,Electronics,2003.3999999999999,Sunday,January
2021-01-25,Product_4,303.57,7,23.09,Food,2124.99,Monday,January
2021-01-26,Product_4,263.78,6,51.64,Toys,1582.6799999999998,Tuesday,January
2021-01-27,Product_4,315.13,7,69.58,Electronics,2205.91,Wednesday,January
2021-01-28,Product_4,336.63,8,58.38,Food,2693.04,Thursday,January
2021-01-29,Product_4,356.04,8,90.56,Food,2848.32,Friday,January
2021-01-30,Product_4,355.16,8,45.72,Food,2841.28,Saturday,January
2021-01-31,Product_4,364.95,9,94.04,Food,3284.5499999999997,Sunday,January
2021-02-01,Product_4,278.91,6,67.61,Food,1673.46,Monday,February
2021-02-02,Product_4,280.55,6,64.63,Clothing,1683.3000000000002,Tuesday,February
2021-02-03,Product_4,302.77,7,65.88,Books,2119.39,Wednesday,February
2021-02-04,Product_4,354.24,8,91.79,Clothing,2833.92,Thursday,February
2021-02-05,Product_4,293.37,7,58.51,Toys,2053.59,Friday,February
2021-02-06,Product_4,341.61,8,52.31,Toys,2732.88,Saturday,February
2021-02-07,Product_4,326.79,8,31.2,Electronics,2614.32,Sunday,February
2021-02-08,Product_4,323.78,8,48.76,Food,2590.24,Monday,February
2021-02-09,Product_4,302.23,7,25.51,Food,2115.61,Tuesday,February
2021-02-10,Product_4,357.22,8,75.27,Toys,2857.76,Wednesday,February
2021-02-11,Product_4,385.13,9,25.0,Toys,3466.17,Thursday,February
2021-02-12,Product_4,354.24,8,66.94,Toys,2833.92,Friday,February
2021-02-13,Product_4,307.63,7,81.34,Clothing,2153.41,Saturday,February
2021-02-14,Product_4,317.54,7,78.69,Clothing,2222.78,Sunday,February
2021-02-15,Product_4,327.54,8,79.89,Electronics,2620.32,Monday,February
2021-02-16,Product_4,322.5,8,84.37,Electronics,2580.0,Tuesday,February
2021-02-17,Product_4,289.24,7,52.26,Food,2024.68,Wednesday,February
2021-02-18,Product_4,324.7,8,90.19,Electronics,2597.6,Thursday,February
2021-02-19,Product_4,332.53,8,90.73,Clothing,2660.24,Friday,February
2021-02-20,Product_4,318.59,7,53.42,Food,2230.1299999999997,Saturday,February
2021-02-21,Product_4,344.9,8,24.84,Food,2759.2,Sunday,February
2021-02-22,Product_4,310.12,7,92.62,Clothing,2170.84,Monday,February
2021-02-23,Product_4,326.12,8,82.43,Food,2608.96,Tuesday,February
2021-02-24,Product_4,284.58,7,36.63,Electronics,1992.06,Wednesday,February
2021-02-25,Product_4,381.98,9,87.7,Clothing,3437.82,Thursday,February
2021-02-26,Product_4,430.66,10,93.88,Books,4306.6,Friday,February
2021-02-27,Product_4,280.09,6,90.51,Electronics,1680.54,Saturday,February
2021-02-28,Product_4,420.25,10,46.58,Food,4202.5,Sunday,February
2021-03-01,Product_4,301.72,7,90.38,Toys,2112.04,Monday,March
2021-03-02,Product_4,314.41,7,34.05,Electronics,2200.8700000000003,Tuesday,March
2021-03-03,Product_4,299.87,7,84.11,Toys,2099.09,Wednesday,March
2021-03-04,Product_4,363.75,9,65.92,Books,3273.75,Thursday,March
2021-03-05,Product_4,353.02,8,83.4,Food,2824.16,Friday,March
2021-03-06,Product_4,368.41,9,53.2,Toys,3315.69,Saturday,March
2021-03-07,Product_4,274.56,6,30.49,Electronics,1647.3600000000001,Sunday,March
2021-03-08,Product_4,316.81,7,55.25,Food,2217.67,Monday,March
2021-03-09,Product_4,372.07,9,45.48,Food,3348.63,Tuesday,March
2021-03-10,Product_4,341.18,8,51.46,Toys,2729.44,Wednesday,March
2021-03-11,Product_4,396.29,9,47.8,Electronics,3566.61,Thursday,March
2021-03-12,Product_4,323.45,8,57.01,Books,2587.6,Friday,March
2021-03-13,Product_4,367.0,9,35.56,Food,3303.0,Saturday,March
2021-03-14,Product_4,357.36,8,52.65,Electronics,2858.88,Sunday,March
2021-03-15,Product_4,288.47,7,23.74,Clothing,2019.2900000000002,Monday,March
2021-03-16,Product_4,326.28,8,87.03,Clothing,2610.24,Tuesday,March
2021-03-17,Product_4,363.36,9,82.63,Electronics,3270.2400000000002,Wednesday,March
2021-03-18,Product_4,384.84,9,30.69,Food,3463.56,Thursday,March
2021-03-19,Product_4,436.89,10,27.54,Clothing,4368.9,Friday,March
2021-03-20,Product_4,330.32,8,80.56,Books,2642.56,Saturday,March
2021-03-21,Product_4,321.85,7,40.4,Food,2252.9500000000003,Sunday,March
2021-03-22,Product_4,371.54,9,68.02,Electronics,3343.86,Monday,March
2021-03-23,Product_4,358.97,8,59.03,Books,2871.76,Tuesday,March
2021-03-24,Product_4,324.29,8,25.88,Food,2594.32,Wednesday,March
2021-03-25,Product_4,378.14,9,96.37,Food,3403.2599999999998,Thursday,March
2021-03-26,Product_4,348.38,8,85.14,Clothing,2787.04,Friday,March
2021-03-27,Product_4,382.79,9,55.66,Books,3445.11,Saturday,March
2021-03-28,Product_4,317.67,7,41.55,Clothing,2223.69,Sunday,March
2021-03-29,Product_4,336.43,8,81.67,Books,2691.44,Monday,March
2021-03-30,Product_4,321.29,7,31.35,Food,2249.03,Tuesday,March
2021-03-31,Product_4,313.41,7,67.12,Clothing,2193.8700000000003,Wednesday,March
2021-04-01,Product_4,403.72,10,76.14,Books,4037.2000000000003,Thursday,April
2021-04-02,Product_4,324.14,8,96.59,Clothing,2593.12,Friday,April
2021-04-03,Product_4,371.24,9,90.48,Books,3341.16,Saturday,April
2021-04-04,Product_4,328.68,8,21.8,Food,2629.44,Sunday,April
2021-04-05,Product_4,331.17,8,21.69,Clothing,2649.36,Monday,April
2021-04-06,Product_4,369.58,9,60.3,Toys,3326.22,Tuesday,April
2021-04-07,Product_4,352.69,8,66.69,Toys,2821.52,Wednesday,April
2021-04-08,Product_4,379.64,9,75.98,Electronics,3416.7599999999998,Thursday,April
2021-04-09,Product_4,350.4,8,54.92,Toys,2803.2,Friday,April
2021-04-10,Product_4,387.31,9,98.95,Toys,3485.79,Saturday,April
2021-04-11,Product_4,352.86,8,67.01,Food,2822.88,Sunday,April
2021-04-12,Product_4,298.94,7,93.21,Electronics,2092.58,Monday,April
2021-04-13,Product_4,325.28,8,46.45,Clothing,2602.24,Tuesday,April
2021-04-14,Product_4,348.79,8,64.46,Books,2790.32,Wednesday,April
2021-04-15,Product_4,339.32,8,39.17,Toys,2714.56,Thursday,April
2021-04-16,Product_4,381.08,9,85.4,Books,3429.72,Friday,April
2021-04-17,Product_4,377.5,9,40.39,Food,3397.5,Saturday,April
2021-04-18,Product_4,351.01,8,33.75,Books,2808.08,Sunday,April
2021-04-19,Product_4,344.64,8,54.09,Electronics,2757.12,Monday,April
2021-04-20,Product_4,324.56,8,68.45,Toys,2596.48,Tuesday,April
2021-04-21,Product_4,384.5,9,83.32,Food,3460.5,Wednesday,April
2021-04-22,Product_4,363.5,9,29.09,Toys,3271.5,Thursday,April
2021-04-23,Product_4,356.79,8,84.0,Toys,2854.32,Friday,April
2021-04-24,Product_4,337.96,8,31.63,Electronics,2703.68,Saturday,April
2021-04-25,Product_4,368.7,9,95.31,Clothing,3318.2999999999997,Sunday,April
2021-04-26,Product_4,266.86,6,40.47,Books,1601.16,Monday,April
2021-04-27,Product_4,371.2,9,52.28,Clothing,3340.7999999999997,Tuesday,April
2021-04-28,Product_4,319.6,7,72.17,Books,2237.2000000000003,Wednesday,April
2021-04-29,Product_4,350.1,8,28.84,Clothing,2800.8,Thursday,April
2021-04-30,Product_4,323.8,8,32.01,Clothing,2590.4,Friday,April
2021-05-01,Product_4,250.75,6,63.79,Books,1504.5,Saturday,May
2021-05-02,Product_4,367.18,9,64.17,Food,3304.62,Sunday,May
2021-05-03,Product_4,304.41,7,47.1,Electronics,2130.8700000000003,Monday,May
2021-05-04,Product_4,302.43,7,52.81,Toys,2117.01,Tuesday,May
2021-05-05,Product_4,308.9,7,21.78,Electronics,2162.2999999999997,Wednesday,May
2021-05-06,Product_4,368.74,9,30.39,Books,3318.66,Thursday,May
2021-05-07,Product_4,326.85,8,50.58,Electronics,2614.8,Friday,May
2021-05-08,Product_4,377.73,9,68.75,Food,3399.57,Saturday,May
2021-05-09,Product_4,360.64,8,38.95,Books,2885.12,Sunday,May
2021-05-10,Product_4,341.6,8,29.53,Toys,2732.8,Monday,May
2021-05-11,Product_4,279.35,6,66.73,Books,1676.1000000000001,Tuesday,May
2021-05-12,Product_4,321.55,7,81.49,Electronics,2250.85,Wednesday,May
2021-05-13,Product_4,333.91,8,41.6,Toys,2671.28,Thursday,May
2021-05-14,Product_4,360.49,8,44.06,Books,2883.92,Friday,May
2021-05-15,Product_4,271.79,6,78.37,Clothing,1630.7400000000002,Saturday,May
2021-05-16,Product_4,344.71,8,51.57,Food,2757.68,Sunday,May
2021-05-17,Product_4,272.06,6,26.67,Toys,1632.3600000000001,Monday,May
2021-05-18,Product_4,394.8,9,90.25,Electronics,3553.2000000000003,Tuesday,May
2021-05-19,Product_4,334.73,8,50.25,Food,2677.84,Wednesday,May
2021-05-20,Product_4,372.73,9,43.49,Clothing,3354.57,Thursday,May
2021-05-21,Product_4,358.08,8,59.55,Books,2864.64,Friday,May
2021-05-22,Product_4,334.29,8,82.61,Toys,2674.32,Saturday,May
2021-05-23,Product_4,339.28,8,42.51,Food,2714.24,Sunday,May
2021-05-24,Product_4,308.66,7,72.79,Food,2160.6200000000003,Monday,May
2021-05-25,Product_4,336.35,8,39.19,Electronics,2690.8,Tuesday,May
2021-05-26,Product_4,289.94,7,23.11,Clothing,2029.58,Wednesday,May
2021-05-27,Product_4,376.32,9,30.07,Toys,3386.88,Thursday,May
2021-05-28,Product_4,329.89,8,33.8,Books,2639.12,Friday,May
2021-05-29,Product_4,365.65,9,71.28,Clothing,3290.85,Saturday,May
2021-05-30,Product_4,314.46,7,29.18,Electronics,2201.22,Sunday,May
2021-05-31,Product_4,297.31,7,65.47,Clothing,2081.17,Monday,May
2021-06-01,Product_4,330.04,8,48.02,Electronics,2640.32,Tuesday,June
2021-06-02,Product_4,312.2,7,87.73,Clothing,2185.4,Wednesday,June
2021-06-03,Product_4,344.59,8,56.18,Clothing,2756.72,Thursday,June
2021-06-04,Product_4,381.63,9,52.48,Food,3434.67,Friday,June
2021-06-05,Product_4,390.16,9,71.72,Clothing,3511.44,Saturday,June
2021-06-06,Product_4,285.65,7,26.16,Electronics,1999.5499999999997,Sunday,June
2021-06-07,Product_4,316.14,7,66.53,Clothing,2212.98,Monday,June
2021-06-08,Product_4,304.43,7,97.05,Clothing,2131.01,Tuesday,June
2021-06-09,Product_4,267.11,6,24.18,Toys,1602.66,Wednesday,June
2021-06-10,Product_4,317.36,7,64.57,Toys,2221.52,Thursday,June
2021-06-11,Product_4,294.46,7,79.29,Books,2061.22,Friday,June
2021-06-12,Product_4,327.44,8,52.22,Food,2619.52,Saturday,June
2021-06-13,Product_4,298.78,7,91.57,Food,2091.46,Sunday,June
2021-06-14,Product_4,298.67,7,53.72,Clothing,2090.69,Monday,June
2021-06-15,Product_4,287.61,7,93.75,Food,2013.27,Tuesday,June
2021-06-16,Product_4,307.66,7,53.51,Food,2153.6200000000003,Wednesday,June
2021-06-17,Product_4,307.45,7,26.04,Clothing,2152.15,Thursday,June
2021-06-18,Product_4,365.03,9,88.16,Electronics,3285.2699999999995,Friday,June
2021-06-19,Product_4,307.75,7,64.73,Food,2154.25,Saturday,June
2021-06-20,Product_4,286.82,7,96.82,Electronics,2007.74,Sunday,June
2021-06-21,Product_4,298.17,7,72.31,Clothing,2087.19,Monday,June
2021-06-22,Product_4,267.85,6,82.13,Books,1607.1000000000001,Tuesday,June
2021-06-23,Product_4,308.38,7,67.76,Books,2158.66,Wednesday,June
2021-06-24,Product_4,318.92,7,97.98,Electronics,2232.44,Thursday,June
2021-06-25,Product_4,346.67,8,20.86,Books,2773.36,Friday,June
2021-06-26,Product_4,295.11,7,33.84,Food,2065.77,Saturday,June
2021-06-27,Product_4,291.64,7,53.35,Toys,2041.48,Sunday,June
2021-06-28,Product_4,254.52,6,80.85,Toys,1527.1200000000001,Monday,June
2021-06-29,Product_4,268.54,6,56.82,Toys,1611.2400000000002,Tuesday,June
2021-06-30,Product_4,322.4,8,96.89,Toys,2579.2,Wednesday,June
2021-07-01,Product_4,303.43,7,55.4,Food,2124.01,Thursday,July
2021-07-02,Product_4,326.53,8,90.76,Books,2612.24,Friday,July
2021-07-03,Product_4,315.76,7,31.3,Clothing,2210.3199999999997,Saturday,July
2021-07-04,Product_4,340.5,8,55.74,Electronics,2724.0,Sunday,July
2021-07-05,Product_4,239.04,5,73.59,Electronics,1195.2,Monday,July
2021-07-06,Product_4,338.21,8,38.62,Toys,2705.68,Tuesday,July
2021-07-07,Product_4,279.91,6,99.76,Toys,1679.46,Wednesday,July
2021-07-08,Product_4,271.88,6,84.73,Clothing,1631.28,Thursday,July
2021-07-09,Product_4,314.94,7,92.87,Clothing,2204.58,Friday,July
2021-07-10,Product_4,350.63,8,28.02,Clothing,2805.04,Saturday,July
2021-07-11,Product_4,274.61,6,65.46,Books,1647.66,Sunday,July
2021-07-12,Product_4,286.34,7,45.04,Food,2004.3799999999999,Monday,July
2021-07-13,Product_4,347.38,8,57.37,Electronics,2779.04,Tuesday,July
2021-07-14,Product_4,269.43,6,38.47,Books,1616.58,Wednesday,July
2021-07-15,Product_4,300.6,7,47.09,Toys,2104.2000000000003,Thursday,July
2021-07-16,Product_4,313.19,7,68.99,Clothing,2192.33,Friday,July
2021-07-17,Product_4,256.62,6,62.63,Clothing,1539.72,Saturday,July
2021-07-18,Product_4,279.1,6,24.59,Toys,1674.6000000000001,Sunday,July
2021-07-19,Product_4,287.34,7,93.37,Electronics,2011.3799999999999,Monday,July
2021-07-20,Product_4,246.4,6,80.7,Food,1478.4,Tuesday,July
2021-07-21,Product_4,298.67,7,66.62,Toys,2090.69,Wednesday,July
2021-07-22,Product_4,227.85,5,26.84,Clothing,1139.25,Thursday,July
2021-07-23,Product_4,286.03,7,55.35,Toys,2002.2099999999998,Friday,July
2021-07-24,Product_4,292.2,7,85.67,Electronics,2045.3999999999999,Saturday,July
2021-07-25,Product_4,275.15,6,45.78,Books,1650.8999999999999,Sunday,July
2021-07-26,Product_4,221.58,5,49.51,Clothing,1107.9,Monday,July
2021-07-27,Product_4,248.45,6,23.75,Books,1490.6999999999998,Tuesday,July
2021-07-28,Product_4,306.35,7,43.2,Toys,2144.4500000000003,Wednesday,July
2021-07-29,Product_4,281.24,6,46.12,Clothing,1687.44,Thursday,July
2021-07-30,Product_4,320.3,7,26.38,Toys,2242.1,Friday,July
2021-07-31,Product_4,316.71,7,75.71,Toys,2216.97,Saturday,July
2021-08-01,Product_4,207.11,5,27.05,Electronics,1035.5500000000002,Sunday,August
2021-08-02,Product_4,234.05,5,78.92,Electronics,1170.25,Monday,August
2021-08-03,Product_4,302.15,7,36.75,Books,2115.0499999999997,Tuesday,August
2021-08-04,Product_4,252.09,6,63.71,Clothing,1512.54,Wednesday,August
2021-08-05,Product_4,266.2,6,88.28,Clothing,1597.1999999999998,Thursday,August
2021-08-06,Product_4,310.1,7,38.08,Books,2170.7000000000003,Friday,August
2021-08-07,Product_4,272.92,6,75.36,Books,1637.52,Saturday,August
2021-08-08,Product_4,289.21,7,76.42,Food,2024.4699999999998,Sunday,August
2021-08-09,Product_4,212.29,5,80.76,Food,1061.45,Monday,August
2021-08-10,Product_4,247.0,6,21.58,Books,1482.0,Tuesday,August
2021-08-11,Product_4,227.12,5,41.96,Toys,1135.6,Wednesday,August
2021-08-12,Product_4,257.5,6,21.77,Books,1545.0,Thursday,August
2021-08-13,Product_4,285.43,7,35.39,Electronics,1998.01,Friday,August
2021-08-14,Product_4,296.14,7,93.96,Clothing,2072.98,Saturday,August
2021-08-15,Product_4,294.86,7,55.41,Food,2064.02,Sunday,August
2021-08-16,Product_4,271.25,6,71.12,Toys,1627.5,Monday,August
2021-08-17,Product_4,273.87,6,70.26,Books,1643.22,Tuesday,August
2021-08-18,Product_4,260.98,6,75.55,Food,1565.88,Wednesday,August
2021-08-19,Product_4,282.51,7,76.68,Books,1977.57,Thursday,August
2021-08-20,Product_4,339.97,8,77.47,Clothing,2719.76,Friday,August
2021-08-21,Product_4,273.33,6,34.65,Electronics,1639.98,Saturday,August
2021-08-22,Product_4,279.17,6,59.89,Toys,1675.02,Sunday,August
2021-08-23,Product_4,202.1,5,42.88,Food,1010.5,Monday,August
2021-08-24,Product_4,271.95,6,76.26,Electronics,1631.6999999999998,Tuesday,August
2021-08-25,Product_4,283.04,7,66.77,Electronics,1981.2800000000002,Wednesday,August
2021-08-26,Product_4,309.67,7,83.21,Books,2167.69,Thursday,August
2021-08-27,Product_4,254.57,6,73.93,Food,1527.42,Friday,August
2021-08-28,Product_4,239.62,5,42.9,Clothing,1198.1,Saturday,August
2021-08-29,Product_4,192.08,4,89.36,Electronics,768.32,Sunday,August
2021-08-30,Product_4,220.97,5,81.1,Toys,1104.85,Monday,August
2021-08-31,Product_4,240.41,5,41.13,Electronics,1202.05,Tuesday,August
2021-09-01,Product_4,278.58,6,94.02,Food,1671.48,Wednesday,September
2021-09-02,Product_4,357.44,8,54.35,Books,2859.52,Thursday,September
2021-09-03,Product_4,245.06,6,26.46,Electronics,1470.3600000000001,Friday,September
2021-09-04,Product_4,245.46,6,44.24,Clothing,1472.76,Saturday,September
2021-09-05,Product_4,224.29,5,28.65,Clothing,1121.45,Sunday,September
2021-09-06,Product_4,237.46,5,53.4,Clothing,1187.3,Monday,September
2021-09-07,Product_4,238.67,5,50.15,Clothing,1193.35,Tuesday,September
2021-09-08,Product_4,312.56,7,64.02,Clothing,2187.92,Wednesday,September
2021-09-09,Product_4,227.38,5,97.48,Toys,1136.9,Thursday,September
2021-09-10,Product_4,303.15,7,28.47,Food,2122.0499999999997,Friday,September
2021-09-11,Product_4,291.92,7,65.09,Electronics,2043.44,Saturday,September
2021-09-12,Product_4,245.21,6,82.31,Books,1471.26,Sunday,September
2021-09-13,Product_4,238.29,5,90.82,Clothing,1191.45,Monday,September
2021-09-14,Product_4,286.4,7,21.42,Clothing,2004.7999999999997,Tuesday,September
2021-09-15,Product_4,247.66,6,21.12,Clothing,1485.96,Wednesday,September
2021-09-16,Product_4,281.68,6,34.02,Clothing,1690.08,Thursday,September
2021-09-17,Product_4,271.85,6,34.2,Electronics,1631.1000000000001,Friday,September
2021-09-18,Product_4,240.0,5,28.16,Clothing,1200.0,Saturday,September
2021-09-19,Product_4,263.42,6,23.02,Clothing,1580.52,Sunday,September
2021-09-20,Product_4,275.27,6,52.19,Clothing,1651.62,Monday,September
2021-09-21,Product_4,211.7,5,76.93,Clothing,1058.5,Tuesday,September
2021-09-22,Product_4,218.21,5,21.45,Clothing,1091.05,Wednesday,September
2021-09-23,Product_4,275.93,6,24.25,Electronics,1655.58,Thursday,September
2021-09-24,Product_4,254.93,6,27.38,Food,1529.58,Friday,September
2021-09-25,Product_4,257.84,6,51.68,Clothing,1547.04,Saturday,September
2021-09-26,Product_4,288.32,7,50.07,Food,2018.24,Sunday,September
2021-09-27,Product_4,195.27,4,80.07,Books,781.08,Monday,September
2021-09-28,Product_4,260.48,6,65.12,Food,1562.88,Tuesday,September
2021-09-29,Product_4,275.71,6,93.37,Books,1654.2599999999998,Wednesday,September
2021-09-30,Product_4,273.3,6,66.39,Food,1639.8000000000002,Thursday,September
2021-10-01,Product_4,267.86,6,27.64,Clothing,1607.16,Friday,October
2021-10-02,Product_4,241.6,5,63.53,Electronics,1208.0,Saturday,October
2021-10-03,Product_4,211.16,5,46.13,Clothing,1055.8,Sunday,October
2021-10-04,Product_4,256.06,6,75.05,Food,1536.3600000000001,Monday,October
2021-10-05,Product_4,218.92,5,90.52,Electronics,1094.6,Tuesday,October
2021-10-06,Product_4,269.88,6,97.68,Clothing,1619.28,Wednesday,October
2021-10-07,Product_4,214.83,5,36.03,Electronics,1074.15,Thursday,October
2021-10-08,Product_4,263.24,6,99.18,Food,1579.44,Friday,October
2021-10-09,Product_4,246.32,6,93.57,Food,1477.92,Saturday,October
2021-10-10,Product_4,298.65,7,27.89,Food,2090.5499999999997,Sunday,October
2021-10-11,Product_4,257.52,6,45.13,Electronics,1545.12,Monday,October
2021-10-12,Product_4,251.95,6,52.31,Books,1511.6999999999998,Tuesday,October
2021-10-13,Product_4,285.7,7,33.87,Books,1999.8999999999999,Wednesday,October
2021-10-14,Product_4,297.88,7,85.97,Electronics,2085.16,Thursday,October
2021-10-15,Product_4,262.23,6,23.69,Clothing,1573.38,Friday,October
2021-10-16,Product_4,295.39,7,23.14,Toys,2067.73,Saturday,October
2021-10-17,Product_4,251.19,6,83.54,Electronics,1507.1399999999999,Sunday,October
2021-10-18,Product_4,259.39,6,76.52,Books,1556.34,Monday,October
2021-10-19,Product_4,281.02,6,49.91,Books,1686.12,Tuesday,October
2021-10-20,Product_4,230.96,5,38.1,Food,1154.8,Wednesday,October
2021-10-21,Product_4,243.16,6,27.57,Books,1458.96,Thursday,October
2021-10-22,Product_4,276.54,6,79.82,Clothing,1659.2400000000002,Friday,October
2021-10-23,Product_4,274.14,6,92.85,Electronics,1644.84,Saturday,October
2021-10-24,Product_4,219.32,5,32.65,Food,1096.6,Sunday,October
2021-10-25,Product_4,236.65,5,98.11,Electronics,1183.25,Monday,October
2021-10-26,Product_4,307.98,7,92.18,Books,2155.86,Tuesday,October
2021-10-27,Product_4,226.56,5,73.5,Electronics,1132.8,Wednesday,October
2021-10-28,Product_4,328.16,8,92.62,Toys,2625.28,Thursday,October
2021-10-29,Product_4,249.51,6,41.2,Toys,1497.06,Friday,October
2021-10-30,Product_4,274.82,6,74.88,Electronics,1648.92,Saturday,October
2021-10-31,Product_4,290.32,7,29.43,Electronics,2032.24,Sunday,October
2021-11-01,Product_4,234.89,5,48.7,Clothing,1174.4499999999998,Monday,November
2021-11-02,Product_4,288.36,7,43.8,Books,2018.52,Tuesday,November
2021-11-03,Product_4,267.48,6,38.86,Electronics,1604.88,Wednesday,November
2021-11-04,Product_4,271.46,6,39.43,Electronics,1628.7599999999998,Thursday,November
2021-11-05,Product_4,266.62,6,60.81,Toys,1599.72,Friday,November
2021-11-06,Product_4,235.92,5,72.5,Books,1179.6,Saturday,November
2021-11-07,Product_4,205.6,5,21.57,Electronics,1028.0,Sunday,November
2021-11-08,Product_4,221.84,5,55.63,Books,1109.2,Monday,November
2021-11-09,Product_4,250.4,6,67.67,Electronics,1502.4,Tuesday,November
2021-11-10,Product_4,299.94,7,63.82,Toys,2099.58,Wednesday,November
2021-11-11,Product_4,307.03,7,52.63,Toys,2149.21,Thursday,November
2021-11-12,Product_4,306.89,7,88.1,Food,2148.23,Friday,November
2021-11-13,Product_4,262.02,6,30.44,Clothing,1572.12,Saturday,November
2021-11-14,Product_4,264.08,6,32.75,Toys,1584.48,Sunday,November
2021-11-15,Product_4,307.37,7,31.99,Books,2151.59,Monday,November
2021-11-16,Product_4,289.79,7,95.75,Electronics,2028.5300000000002,Tuesday,November
2021-11-17,Product_4,325.35,8,58.99,Electronics,2602.8,Wednesday,November
2021-11-18,Product_4,297.82,7,39.27,Books,2084.74,Thursday,November
2021-11-19,Product_4,247.85,6,62.31,Toys,1487.1,Friday,November
2021-11-20,Product_4,263.72,6,60.74,Food,1582.3200000000002,Saturday,November
2021-11-21,Product_4,240.84,5,83.45,Books,1204.2,Sunday,November
2021-11-22,Product_4,253.86,6,21.19,Clothing,1523.16,Monday,November
2021-11-23,Product_4,272.73,6,88.02,Clothing,1636.38,Tuesday,November
2021-11-24,Product_4,276.57,6,43.39,Books,1659.42,Wednesday,November
2021-11-25,Product_4,321.58,7,40.95,Food,2251.06,Thursday,November
2021-11-26,Product_4,313.07,7,36.43,Food,2191.49,Friday,November
2021-11-27,Product_4,269.37,6,71.53,Toys,1616.22,Saturday,November
2021-11-28,Product_4,312.32,7,20.12,Clothing,2186.24,Sunday,November
2021-11-29,Product_4,205.36,5,62.41,Clothing,1026.8000000000002,Monday,November
2021-11-30,Product_4,277.42,6,84.36,Books,1664.52,Tuesday,November
2021-12-01,Product_4,278.05,6,99.6,Clothing,1668.3000000000002,Wednesday,December
2021-12-02,Product_4,304.89,7,87.31,Books,2134.23,Thursday,December
2021-12-03,Product_4,255.92,6,50.97,Food,1535.52,Friday,December
2021-12-04,Product_4,323.49,8,90.85,Books,2587.92,Saturday,December
2021-12-05,Product_4,296.37,7,74.45,Clothing,2074.59,Sunday,December
2021-12-06,Product_4,277.55,6,35.02,Food,1665.3000000000002,Monday,December
2021-12-07,Product_4,278.46,6,87.73,Toys,1670.7599999999998,Tuesday,December
2021-12-08,Product_4,223.04,5,67.42,Food,1115.2,Wednesday,December
2021-12-09,Product_4,263.65,6,96.5,Electronics,1581.8999999999999,Thursday,December
2021-12-10,Product_4,342.97,8,22.0,Toys,2743.76,Friday,December
2021-12-11,Product_4,309.84,7,78.38,Clothing,2168.8799999999997,Saturday,December
2021-12-12,Product_4,322.3,8,62.34,Electronics,2578.4,Sunday,December
2021-12-13,Product_4,274.85,6,32.51,Clothing,1649.1000000000001,Monday,December
2021-12-14,Product_4,309.2,7,40.48,Electronics,2164.4,Tuesday,December
2021-12-15,Product_4,242.9,6,60.33,Books,1457.4,Wednesday,December
2021-12-16,Product_4,332.29,8,98.95,Clothing,2658.32,Thursday,December
2021-12-17,Product_4,328.02,8,63.42,Toys,2624.16,Friday,December
2021-12-18,Product_4,348.39,8,54.73,Clothing,2787.12,Saturday,December
2021-12-19,Product_4,250.09,6,86.8,Food,1500.54,Sunday,December
2021-12-20,Product_4,286.11,7,23.37,Clothing,2002.77,Monday,December
2021-12-21,Product_4,317.54,7,77.01,Electronics,2222.78,Tuesday,December
2021-12-22,Product_4,366.0,9,48.43,Books,3294.0,Wednesday,December
2021-12-23,Product_4,350.37,8,50.62,Food,2802.96,Thursday,December
2021-12-24,Product_4,324.67,8,69.54,Clothing,2597.36,Friday,December
2021-12-25,Product_4,299.75,7,98.91,Clothing,2098.25,Saturday,December
2021-12-26,Product_4,308.19,7,80.94,Electronics,2157.33,Sunday,December
2021-12-27,Product_4,295.91,7,98.34,Toys,2071.3700000000003,Monday,December
2021-12-28,Product_4,255.27,6,40.25,Books,1531.6200000000001,Tuesday,December
2021-12-29,Product_4,307.81,7,61.46,Electronics,2154.67,Wednesday,December
2021-12-30,Product_4,355.87,8,67.14,Toys,2846.96,Thursday,December
2021-12-31,Product_4,335.54,8,51.31,Books,2684.32,Friday,December
2022-01-01,Product_4,326.17,8,21.82,Toys,2609.36,Saturday,January
2022-01-02,Product_4,331.59,8,90.44,Books,2652.72,Sunday,January
2022-01-03,Product_4,361.6,8,35.6,Books,2892.8,Monday,January
2022-01-04,Product_4,276.06,6,76.15,Electronics,1656.3600000000001,Tuesday,January
2022-01-05,Product_4,255.74,6,94.25,Toys,1534.44,Wednesday,January
2022-01-06,Product_4,265.07,6,98.91,Electronics,1590.42,Thursday,January
2022-01-07,Product_4,336.24,8,69.66,Food,2689.92,Friday,January
2022-01-08,Product_4,312.91,7,82.16,Books,2190.3700000000003,Saturday,January
2022-01-09,Product_4,322.97,8,96.26,Electronics,2583.76,Sunday,January
2022-01-10,Product_4,288.05,7,27.97,Clothing,2016.3500000000001,Monday,January
2022-01-11,Product_4,333.05,8,30.28,Toys,2664.4,Tuesday,January
2022-01-12,Product_4,313.25,7,84.52,Books,2192.75,Wednesday,January
2022-01-13,Product_4,351.34,8,75.65,Electronics,2810.72,Thursday,January
2022-01-14,Product_4,366.04,9,77.87,Electronics,3294.36,Friday,January
2022-01-15,Product_4,330.57,8,52.71,Electronics,2644.56,Saturday,January
2022-01-16,Product_4,299.43,7,20.17,Food,2096.01,Sunday,January
2022-01-17,Product_4,297.14,7,95.35,Clothing,2079.98,Monday,January
2022-01-18,Product_4,280.69,6,69.41,Books,1684.1399999999999,Tuesday,January
2022-01-19,Product_4,350.9,8,32.44,Toys,2807.2,Wednesday,January
2022-01-20,Product_4,328.65,8,47.58,Books,2629.2,Thursday,January
2022-01-21,Product_4,387.11,9,72.97,Toys,3483.9900000000002,Friday,January
2022-01-22,Product_4,339.75,8,77.31,Toys,2718.0,Saturday,January
2022-01-23,Product_4,280.11,6,84.12,Clothing,1680.66,Sunday,January
2022-01-24,Product_4,307.53,7,96.29,Clothing,2152.71,Monday,January
2022-01-25,Product_4,293.35,7,41.55,Toys,2053.4500000000003,Tuesday,January
2022-01-26,Product_4,348.33,8,70.5,Books,2786.64,Wednesday,January
2022-01-27,Product_4,357.7,8,44.13,Clothing,2861.6,Thursday,January
2022-01-28,Product_4,347.35,8,75.17,Electronics,2778.8,Friday,January
2022-01-29,Product_4,409.08,10,33.26,Books,4090.7999999999997,Saturday,January
2022-01-30,Product_4,360.42,8,69.27,Books,2883.36,Sunday,January
2022-01-31,Product_4,313.2,7,94.21,Food,2192.4,Monday,January
2022-02-01,Product_4,332.55,8,34.29,Toys,2660.4,Tuesday,February
2022-02-02,Product_4,334.71,8,30.31,Books,2677.68,Wednesday,February
2022-02-03,Product_4,328.74,8,33.89,Books,2629.92,Thursday,February
2022-02-04,Product_4,381.73,9,95.85,Books,3435.57,Friday,February
2022-02-05,Product_4,305.77,7,96.68,Toys,2140.39,Saturday,February
2022-02-06,Product_4,320.22,7,86.58,Books,2241.54,Sunday,February
2022-02-07,Product_4,348.2,8,45.48,Food,2785.6,Monday,February
2022-02-08,Product_4,383.59,9,52.27,Electronics,3452.31,Tuesday,February
2022-02-09,Product_4,346.54,8,53.46,Toys,2772.32,Wednesday,February
2022-02-10,Product_4,369.25,9,90.02,Electronics,3323.25,Thursday,February
2022-02-11,Product_4,374.41,9,86.93,Books,3369.69,Friday,February
2022-02-12,Product_4,378.64,9,34.36,Electronics,3407.7599999999998,Saturday,February
2022-02-13,Product_4,349.64,8,58.76,Clothing,2797.12,Sunday,February
2022-02-14,Product_4,346.43,8,33.4,Toys,2771.44,Monday,February
2022-02-15,Product_4,368.65,9,86.12,Toys,3317.85,Tuesday,February
2022-02-16,Product_4,322.56,8,40.55,Books,2580.48,Wednesday,February
2022-02-17,Product_4,402.89,10,76.89,Toys,4028.8999999999996,Thursday,February
2022-02-18,Product_4,359.65,8,81.75,Food,2877.2,Friday,February
2022-02-19,Product_4,342.26,8,23.71,Books,2738.08,Saturday,February
2022-02-20,Product_4,334.99,8,26.75,Toys,2679.92,Sunday,February
2022-02-21,Product_4,336.48,8,51.06,Clothing,2691.84,Monday,February
2022-02-22,Product_4,412.39,10,32.8,Books,4123.9,Tuesday,February
2022-02-23,Product_4,382.61,9,95.26,Clothing,3443.4900000000002,Wednesday,February
2022-02-24,Product_4,343.63,8,95.26,Toys,2749.04,Thursday,February
2022-02-25,Product_4,356.01,8,44.6,Clothing,2848.08,Friday,February
2022-02-26,Product_4,373.49,9,30.7,Electronics,3361.41,Saturday,February
2022-02-27,Product_4,342.34,8,30.28,Food,2738.72,Sunday,February
2022-02-28,Product_4,357.1,8,99.82,Books,2856.8,Monday,February
2022-03-01,Product_4,317.79,7,61.35,Electronics,2224.53,Tuesday,March
2022-03-02,Product_4,501.91,12,41.32,Books,6022.92,Wednesday,March
2022-03-03,Product_4,382.32,9,61.64,Toys,3440.88,Thursday,March
2022-03-04,Product_4,399.75,9,42.83,Toys,3597.75,Friday,March
2022-03-05,Product_4,371.42,9,60.97,Electronics,3342.78,Saturday,March
2022-03-06,Product_4,327.56,8,39.04,Books,2620.48,Sunday,March
2022-03-07,Product_4,364.56,9,39.04,Electronics,3281.04,Monday,March
2022-03-08,Product_4,341.95,8,35.41,Electronics,2735.6,Tuesday,March
2022-03-09,Product_4,391.34,9,92.3,Books,3522.06,Wednesday,March
2022-03-10,Product_4,381.57,9,87.1,Food,3434.13,Thursday,March
2022-03-11,Product_4,409.33,10,34.03,Clothing,4093.2999999999997,Friday,March
2022-03-12,Product_4,383.83,9,35.2,Clothing,3454.47,Saturday,March
2022-03-13,Product_4,384.49,9,89.55,Electronics,3460.41,Sunday,March
2022-03-14,Product_4,388.47,9,30.12,Clothing,3496.2300000000005,Monday,March
2022-03-15,Product_4,359.3,8,54.1,Electronics,2874.4,Tuesday,March
2022-03-16,Product_4,328.37,8,33.09,Toys,2626.96,Wednesday,March
2022-03-17,Product_4,358.81,8,84.01,Electronics,2870.48,Thursday,March
2022-03-18,Product_4,335.16,8,58.33,Books,2681.28,Friday,March
2022-03-19,Product_4,349.88,8,34.24,Toys,2799.04,Saturday,March
2022-03-20,Product_4,482.61,11,31.93,Books,5308.71,Sunday,March
2022-03-21,Product_4,383.54,9,26.45,Electronics,3451.86,Monday,March
2022-03-22,Product_4,366.91,9,26.35,Electronics,3302.19,Tuesday,March
2022-03-23,Product_4,358.09,8,27.77,Electronics,2864.72,Wednesday,March
2022-03-24,Product_4,365.66,9,53.71,Food,3290.94,Thursday,March
2022-03-25,Product_4,371.22,9,92.35,Food,3340.9800000000005,Friday,March
2022-03-26,Product_4,353.49,8,82.2,Books,2827.92,Saturday,March
2022-03-27,Product_4,363.86,9,95.37,Clothing,3274.7400000000002,Sunday,March
2022-03-28,Product_4,277.13,6,70.24,Toys,1662.78,Monday,March
2022-03-29,Product_4,370.54,9,39.81,Electronics,3334.86,Tuesday,March
2022-03-30,Product_4,395.37,9,66.21,Electronics,3558.33,Wednesday,March
2022-03-31,Product_4,363.47,9,20.57,Clothing,3271.2300000000005,Thursday,March
2022-04-01,Product_4,384.68,9,42.62,Books,3462.12,Friday,April
2022-04-02,Product_4,381.19,9,56.5,Electronics,3430.71,Saturday,April
2022-04-03,Product_4,424.04,10,27.04,Clothing,4240.400000000001,Sunday,April
2022-04-04,Product_4,369.17,9,60.48,Toys,3322.53,Monday,April
2022-04-05,Product_4,338.62,8,48.06,Clothing,2708.96,Tuesday,April
2022-04-06,Product_4,390.61,9,69.0,Toys,3515.4900000000002,Wednesday,April
2022-04-07,Product_4,456.66,11,98.43,Toys,5023.26,Thursday,April
2022-04-08,Product_4,422.66,10,75.18,Electronics,4226.6,Friday,April
2022-04-09,Product_4,344.58,8,30.07,Books,2756.64,Saturday,April
2022-04-10,Product_4,360.16,8,96.91,Toys,2881.28,Sunday,April
2022-04-11,Product_4,347.18,8,45.86,Books,2777.44,Monday,April
2022-04-12,Product_4,345.82,8,23.01,Clothing,2766.56,Tuesday,April
2022-04-13,Product_4,370.03,9,43.67,Food,3330.2699999999995,Wednesday,April
2022-04-14,Product_4,373.1,9,55.79,Food,3357.9,Thursday,April
2022-04-15,Product_4,326.52,8,85.19,Food,2612.16,Friday,April
2022-04-16,Product_4,385.03,9,38.65,Clothing,3465.2699999999995,Saturday,April
2022-04-17,Product_4,328.85,8,25.4,Toys,2630.8,Sunday,April
2022-04-18,Product_4,349.77,8,51.28,Electronics,2798.16,Monday,April
2022-04-19,Product_4,359.55,8,79.98,Toys,2876.4,Tuesday,April
2022-04-20,Product_4,361.29,8,76.49,Clothing,2890.32,Wednesday,April
2022-04-21,Product_4,362.73,9,27.18,Books,3264.57,Thursday,April
2022-04-22,Product_4,374.99,9,36.14,Clothing,3374.91,Friday,April
2022-04-23,Product_4,383.04,9,24.71,Clothing,3447.36,Saturday,April
2022-04-24,Product_4,299.23,7,91.72,Books,2094.61,Sunday,April
2022-04-25,Product_4,380.4,9,84.89,Electronics,3423.6,Monday,April
2022-04-26,Product_4,334.24,8,55.35,Food,2673.92,Tuesday,April
2022-04-27,Product_4,359.08,8,65.52,Books,2872.64,Wednesday,April
2022-04-28,Product_4,348.27,8,27.92,Clothing,2786.16,Thursday,April
2022-04-29,Product_4,392.92,9,79.21,Food,3536.28,Friday,April
2022-04-30,Product_4,397.14,9,94.31,Electronics,3574.2599999999998,Saturday,April
2022-05-01,Product_4,316.77,7,56.03,Toys,2217.39,Sunday,May
2022-05-02,Product_4,381.48,9,46.22,Food,3433.32,Monday,May
2022-05-03,Product_4,364.07,9,31.94,Books,3276.63,Tuesday,May
2022-05-04,Product_4,385.73,9,67.69,Clothing,3471.57,Wednesday,May
2022-05-05,Product_4,435.71,10,82.95,Food,4357.099999999999,Thursday,May
2022-05-06,Product_4,377.15,9,30.43,Clothing,3394.35,Friday,May
2022-05-07,Product_4,383.27,9,76.12,Food,3449.43,Saturday,May
2022-05-08,Product_4,330.05,8,52.22,Clothing,2640.4,Sunday,May
2022-05-09,Product_4,351.47,8,78.15,Electronics,2811.76,Monday,May
2022-05-10,Product_4,378.23,9,54.83,Food,3404.07,Tuesday,May
2022-05-11,Product_4,305.72,7,28.28,Clothing,2140.04,Wednesday,May
2022-05-12,Product_4,334.19,8,36.3,Books,2673.52,Thursday,May
2022-05-13,Product_4,357.69,8,68.0,Toys,2861.52,Friday,May
2022-05-14,Product_4,353.7,8,38.3,Food,2829.6,Saturday,May
2022-05-15,Product_4,311.15,7,47.14,Toys,2178.0499999999997,Sunday,May
2022-05-16,Product_4,282.96,7,36.81,Electronics,1980.7199999999998,Monday,May
2022-05-17,Product_4,327.18,8,99.92,Clothing,2617.44,Tuesday,May
2022-05-18,Product_4,377.9,9,40.91,Food,3401.1,Wednesday,May
2022-05-19,Product_4,416.01,10,63.36,Clothing,4160.1,Thursday,May
2022-05-20,Product_4,380.0,9,48.27,Books,3420.0,Friday,May
2022-05-21,Product_4,388.74,9,47.05,Toys,3498.66,Saturday,May
2022-05-22,Product_4,362.07,8,31.01,Toys,2896.56,Sunday,May
2022-05-23,Product_4,353.43,8,54.58,Food,2827.44,Monday,May
2022-05-24,Product_4,395.36,9,27.52,Toys,3558.2400000000002,Tuesday,May
2022-05-25,Product_4,404.07,10,46.46,Books,4040.7,Wednesday,May
2022-05-26,Product_4,347.69,8,42.35,Electronics,2781.52,Thursday,May
2022-05-27,Product_4,435.03,10,62.03,Books,4350.299999999999,Friday,May
2022-05-28,Product_4,352.71,8,66.75,Electronics,2821.68,Saturday,May
2022-05-29,Product_4,301.03,7,96.36,Clothing,2107.21,Sunday,May
2022-05-30,Product_4,337.03,8,88.85,Food,2696.24,Monday,May
2022-05-31,Product_4,345.26,8,80.23,Toys,2762.08,Tuesday,May
2022-06-01,Product_4,378.77,9,42.61,Toys,3408.93,Wednesday,June
2022-06-02,Product_4,380.85,9,68.43,Food,3427.65,Thursday,June
2022-06-03,Product_4,367.25,9,96.94,Clothing,3305.25,Friday,June
2022-06-04,Product_4,385.6,9,67.58,Food,3470.4,Saturday,June
2022-06-05,Product_4,315.35,7,91.94,Electronics,2207.4500000000003,Sunday,June
2022-06-06,Product_4,323.56,8,92.18,Books,2588.48,Monday,June
2022-06-07,Product_4,335.52,8,36.83,Toys,2684.16,Tuesday,June
2022-06-08,Product_4,333.51,8,22.67,Toys,2668.08,Wednesday,June
2022-06-09,Product_4,367.75,9,29.76,Toys,3309.75,Thursday,June
2022-06-10,Product_4,374.52,9,83.17,Books,3370.68,Friday,June
2022-06-11,Product_4,314.37,7,48.78,Clothing,2200.59,Saturday,June
2022-06-12,Product_4,348.48,8,70.66,Clothing,2787.84,Sunday,June
2022-06-13,Product_4,293.81,7,91.88,Books,2056.67,Monday,June
2022-06-14,Product_4,307.07,7,69.65,Books,2149.49,Tuesday,June
2022-06-15,Product_4,396.7,9,94.79,Electronics,3570.2999999999997,Wednesday,June
2022-06-16,Product_4,375.13,9,92.74,Food,3376.17,Thursday,June
2022-06-17,Product_4,393.6,9,93.83,Clothing,3542.4,Friday,June
2022-06-18,Product_4,378.63,9,65.38,Toys,3407.67,Saturday,June
2022-06-19,Product_4,441.1,10,57.87,Books,4411.0,Sunday,June
2022-06-20,Product_4,320.37,7,70.46,Electronics,2242.59,Monday,June
2022-06-21,Product_4,293.72,7,50.36,Electronics,2056.04,Tuesday,June
2022-06-22,Product_4,318.24,7,35.33,Toys,2227.6800000000003,Wednesday,June
2022-06-23,Product_4,312.6,7,39.45,Food,2188.2000000000003,Thursday,June
2022-06-24,Product_4,366.35,9,31.7,Food,3297.15,Friday,June
2022-06-25,Product_4,309.17,7,52.94,Clothing,2164.19,Saturday,June
2022-06-26,Product_4,313.84,7,42.18,Clothing,2196.8799999999997,Sunday,June
2022-06-27,Product_4,292.83,7,64.42,Food,2049.81,Monday,June
2022-06-28,Product_4,242.38,6,41.88,Clothing,1454.28,Tuesday,June
2022-06-29,Product_4,374.13,9,48.51,Clothing,3367.17,Wednesday,June
2022-06-30,Product_4,310.01,7,64.32,Toys,2170.0699999999997,Thursday,June
2022-07-01,Product_4,348.59,8,46.22,Toys,2788.72,Friday,July
2022-07-02,Product_4,279.9,6,90.32,Clothing,1679.3999999999999,Saturday,July
2022-07-03,Product_4,267.16,6,28.57,Clothing,1602.96,Sunday,July
2022-07-04,Product_4,317.77,7,39.86,Electronics,2224.39,Monday,July
2022-07-05,Product_4,335.45,8,98.67,Electronics,2683.6,Tuesday,July
2022-07-06,Product_4,332.86,8,32.71,Clothing,2662.88,Wednesday,July
2022-07-07,Product_4,358.81,8,53.49,Clothing,2870.48,Thursday,July
2022-07-08,Product_4,319.14,7,40.31,Food,2233.98,Friday,July
2022-07-09,Product_4,346.1,8,48.55,Books,2768.8,Saturday,July
2022-07-10,Product_4,264.12,6,47.52,Food,1584.72,Sunday,July
2022-07-11,Product_4,341.39,8,40.68,Books,2731.12,Monday,July
2022-07-12,Product_4,282.25,7,48.99,Food,1975.75,Tuesday,July
2022-07-13,Product_4,369.17,9,86.27,Toys,3322.53,Wednesday,July
2022-07-14,Product_4,338.98,8,72.89,Books,2711.84,Thursday,July
2022-07-15,Product_4,308.76,7,81.39,Electronics,2161.3199999999997,Friday,July
2022-07-16,Product_4,347.72,8,60.54,Clothing,2781.76,Saturday,July
2022-07-17,Product_4,321.66,7,35.9,Food,2251.6200000000003,Sunday,July
2022-07-18,Product_4,277.94,6,36.33,Books,1667.6399999999999,Monday,July
2022-07-19,Product_4,318.21,7,51.02,Clothing,2227.47,Tuesday,July
2022-07-20,Product_4,360.4,8,29.37,Toys,2883.2,Wednesday,July
2022-07-21,Product_4,327.76,8,78.3,Clothing,2622.08,Thursday,July
2022-07-22,Product_4,289.97,7,52.73,Food,2029.7900000000002,Friday,July
2022-07-23,Product_4,314.96,7,36.03,Food,2204.72,Saturday,July
2022-07-24,Product_4,296.17,7,87.93,Books,2073.19,Sunday,July
2022-07-25,Product_4,292.83,7,60.22,Food,2049.81,Monday,July
2022-07-26,Product_4,266.37,6,23.56,Food,1598.22,Tuesday,July
2022-07-27,Product_4,325.93,8,33.12,Books,2607.44,Wednesday,July
2022-07-28,Product_4,284.93,7,86.15,Clothing,1994.51,Thursday,July
2022-07-29,Product_4,381.71,9,86.05,Books,3435.39,Friday,July
2022-07-30,Product_4,270.97,6,26.3,Food,1625.8200000000002,Saturday,July
2022-07-31,Product_4,331.7,8,79.69,Food,2653.6,Sunday,July
2022-08-01,Product_4,304.67,7,84.47,Clothing,2132.69,Monday,August
2022-08-02,Product_4,333.66,8,27.26,Electronics,2669.28,Tuesday,August
2022-08-03,Product_4,301.24,7,64.7,Electronics,2108.6800000000003,Wednesday,August
2022-08-04,Product_4,368.85,9,26.36,Clothing,3319.65,Thursday,August
2022-08-05,Product_4,373.36,9,91.81,Food,3360.2400000000002,Friday,August
2022-08-06,Product_4,293.48,7,59.44,Clothing,2054.36,Saturday,August
2022-08-07,Product_4,271.13,6,85.91,Food,1626.78,Sunday,August
2022-08-08,Product_4,281.41,6,27.53,Books,1688.46,Monday,August
2022-08-09,Product_4,255.99,6,23.41,Food,1535.94,Tuesday,August
2022-08-10,Product_4,297.64,7,72.47,Books,2083.48,Wednesday,August
2022-08-11,Product_4,325.9,8,65.66,Books,2607.2,Thursday,August
2022-08-12,Product_4,326.84,8,85.58,Electronics,2614.72,Friday,August
2022-08-13,Product_4,307.94,7,53.91,Clothing,2155.58,Saturday,August
2022-08-14,Product_4,229.76,5,29.69,Toys,1148.8,Sunday,August
2022-08-15,Product_4,247.05,6,96.27,Books,1482.3000000000002,Monday,August
2022-08-16,Product_4,291.67,7,68.04,Electronics,2041.69,Tuesday,August
2022-08-17,Product_4,311.23,7,29.47,Books,2178.61,Wednesday,August
2022-08-18,Product_4,293.86,7,75.6,Clothing,2057.02,Thursday,August
2022-08-19,Product_4,319.42,7,74.25,Electronics,2235.94,Friday,August
2022-08-20,Product_4,271.52,6,33.51,Food,1629.12,Saturday,August
2022-08-21,Product_4,258.8,6,45.15,Clothing,1552.8000000000002,Sunday,August
2022-08-22,Product_4,286.76,7,64.89,Food,2007.32,Monday,August
2022-08-23,Product_4,247.55,6,89.18,Food,1485.3000000000002,Tuesday,August
2022-08-24,Product_4,280.29,6,61.65,Books,1681.7400000000002,Wednesday,August
2022-08-25,Product_4,315.06,7,97.09,Electronics,2205.42,Thursday,August
2022-08-26,Product_4,327.89,8,81.98,Electronics,2623.12,Friday,August
2022-08-27,Product_4,286.88,7,73.04,Electronics,2008.1599999999999,Saturday,August
2022-08-28,Product_4,273.8,6,48.61,Clothing,1642.8000000000002,Sunday,August
2022-08-29,Product_4,270.84,6,76.12,Books,1625.04,Monday,August
2022-08-30,Product_4,276.95,6,58.53,Books,1661.6999999999998,Tuesday,August
2022-08-31,Product_4,304.14,7,96.6,Electronics,2128.98,Wednesday,August
2022-09-01,Product_4,348.52,8,47.63,Toys,2788.16,Thursday,September
2022-09-02,Product_4,333.05,8,76.7,Toys,2664.4,Friday,September
2022-09-03,Product_4,321.66,7,60.31,Clothing,2251.6200000000003,Saturday,September
2022-09-04,Product_4,272.22,6,68.73,Toys,1633.3200000000002,Sunday,September
2022-09-05,Product_4,215.77,5,39.34,Electronics,1078.8500000000001,Monday,September
2022-09-06,Product_4,295.15,7,33.71,Food,2066.0499999999997,Tuesday,September
2022-09-07,Product_4,311.03,7,91.23,Toys,2177.21,Wednesday,September
2022-09-08,Product_4,287.11,7,81.37,Clothing,2009.77,Thursday,September
2022-09-09,Product_4,272.06,6,87.51,Toys,1632.3600000000001,Friday,September
2022-09-10,Product_4,312.52,7,77.07,Food,2187.64,Saturday,September
2022-09-11,Product_4,257.94,6,39.47,Food,1547.6399999999999,Sunday,September
2022-09-12,Product_4,227.74,5,28.7,Clothing,1138.7,Monday,September
2022-09-13,Product_4,258.48,6,52.26,Electronics,1550.88,Tuesday,September
2022-09-14,Product_4,316.55,7,48.75,Food,2215.85,Wednesday,September
2022-09-15,Product_4,282.22,7,52.31,Food,1975.5400000000002,Thursday,September
2022-09-16,Product_4,324.97,8,43.66,Food,2599.76,Friday,September
2022-09-17,Product_4,312.65,7,45.88,Toys,2188.5499999999997,Saturday,September
2022-09-18,Product_4,289.71,7,56.14,Books,2027.9699999999998,Sunday,September
2022-09-19,Product_4,233.33,5,43.63,Electronics,1166.65,Monday,September
2022-09-20,Product_4,302.27,7,72.75,Food,2115.89,Tuesday,September
2022-09-21,Product_4,301.36,7,63.51,Books,2109.52,Wednesday,September
2022-09-22,Product_4,264.99,6,59.29,Toys,1589.94,Thursday,September
2022-09-23,Product_4,297.48,7,56.24,Toys,2082.36,Friday,September
2022-09-24,Product_4,286.87,7,88.11,Books,2008.0900000000001,Saturday,September
2022-09-25,Product_4,274.11,6,40.99,Books,1644.66,Sunday,September
2022-09-26,Product_4,235.56,5,36.1,Clothing,1177.8,Monday,September
2022-09-27,Product_4,314.56,7,73.14,Toys,2201.92,Tuesday,September
2022-09-28,Product_4,291.74,7,25.91,Electronics,2042.18,Wednesday,September
2022-09-29,Product_4,380.4,9,57.04,Clothing,3423.6,Thursday,September
2022-09-30,Product_4,340.98,8,66.8,Clothing,2727.84,Friday,September
2022-10-01,Product_4,290.81,7,22.21,Toys,2035.67,Saturday,October
2022-10-02,Product_4,250.91,6,21.87,Clothing,1505.46,Sunday,October
2022-10-03,Product_4,275.76,6,44.3,Clothing,1654.56,Monday,October
2022-10-04,Product_4,291.18,7,79.2,Clothing,2038.26,Tuesday,October
2022-10-05,Product_4,268.46,6,47.36,Food,1610.7599999999998,Wednesday,October
2022-10-06,Product_4,318.28,7,98.76,Clothing,2227.96,Thursday,October
2022-10-07,Product_4,287.59,7,44.83,Electronics,2013.1299999999999,Friday,October
2022-10-08,Product_4,256.78,6,60.18,Food,1540.6799999999998,Saturday,October
2022-10-09,Product_4,305.0,7,82.73,Electronics,2135.0,Sunday,October
2022-10-10,Product_4,244.39,6,86.65,Toys,1466.34,Monday,October
2022-10-11,Product_4,302.36,7,98.62,Food,2116.52,Tuesday,October
2022-10-12,Product_4,271.53,6,21.33,Food,1629.1799999999998,Wednesday,October
2022-10-13,Product_4,296.65,7,65.13,Toys,2076.5499999999997,Thursday,October
2022-10-14,Product_4,317.21,7,85.36,Electronics,2220.47,Friday,October
2022-10-15,Product_4,267.14,6,66.79,Toys,1602.84,Saturday,October
2022-10-16,Product_4,291.32,7,79.73,Clothing,2039.24,Sunday,October
2022-10-17,Product_4,274.13,6,94.31,Books,1644.78,Monday,October
2022-10-18,Product_4,268.52,6,34.49,Electronics,1611.12,Tuesday,October
2022-10-19,Product_4,412.54,10,22.68,Books,4125.400000000001,Wednesday,October
2022-10-20,Product_4,300.49,7,63.9,Toys,2103.4300000000003,Thursday,October
2022-10-21,Product_4,313.25,7,99.03,Books,2192.75,Friday,October
2022-10-22,Product_4,317.38,7,51.84,Food,2221.66,Saturday,October
2022-10-23,Product_4,267.44,6,93.11,Electronics,1604.6399999999999,Sunday,October
2022-10-24,Product_4,226.55,5,89.89,Food,1132.75,Monday,October
2022-10-25,Product_4,293.13,7,27.74,Electronics,2051.91,Tuesday,October
2022-10-26,Product_4,320.91,7,44.04,Food,2246.3700000000003,Wednesday,October
2022-10-27,Product_4,291.29,7,97.72,Toys,2039.0300000000002,Thursday,October
2022-10-28,Product_4,286.25,7,58.95,Electronics,2003.75,Friday,October
2022-10-29,Product_4,310.99,7,28.6,Toys,2176.9300000000003,Saturday,October
2022-10-30,Product_4,293.18,7,25.07,Electronics,2052.26,Sunday,October
2022-10-31,Product_4,224.64,5,93.71,Books,1123.1999999999998,Monday,October
2022-11-01,Product_4,239.76,5,56.04,Books,1198.8,Tuesday,November
2022-11-02,Product_4,248.41,6,71.82,Electronics,1490.46,Wednesday,November
2022-11-03,Product_4,256.37,6,97.66,Electronics,1538.22,Thursday,November
2022-11-04,Product_4,344.08,8,96.49,Electronics,2752.64,Friday,November
2022-11-05,Product_4,299.46,7,56.19,Electronics,2096.22,Saturday,November
2022-11-06,Product_4,345.77,8,99.07,Electronics,2766.16,Sunday,November
2022-11-07,Product_4,290.78,7,92.99,Electronics,2035.4599999999998,Monday,November
2022-11-08,Product_4,305.8,7,93.69,Toys,2140.6,Tuesday,November
2022-11-09,Product_4,347.21,8,76.82,Books,2777.68,Wednesday,November
2022-11-10,Product_4,338.35,8,96.89,Toys,2706.8,Thursday,November
2022-11-11,Product_4,324.56,8,87.73,Clothing,2596.48,Friday,November
2022-11-12,Product_4,294.94,7,20.88,Books,2064.58,Saturday,November
2022-11-13,Product_4,278.56,6,57.34,Books,1671.3600000000001,Sunday,November
2022-11-14,Product_4,282.62,7,72.98,Toys,1978.3400000000001,Monday,November
2022-11-15,Product_4,315.85,7,99.78,Toys,2210.9500000000003,Tuesday,November
2022-11-16,Product_4,300.05,7,48.86,Toys,2100.35,Wednesday,November
2022-11-17,Product_4,329.3,8,99.29,Food,2634.4,Thursday,November
2022-11-18,Product_4,285.73,7,84.77,Toys,2000.1100000000001,Friday,November
2022-11-19,Product_4,351.58,8,45.35,Food,2812.64,Saturday,November
2022-11-20,Product_4,300.66,7,86.55,Clothing,2104.6200000000003,Sunday,November
2022-11-21,Product_4,286.99,7,94.91,Toys,2008.93,Monday,November
2022-11-22,Product_4,289.81,7,89.55,Books,2028.67,Tuesday,November
2022-11-23,Product_4,332.89,8,87.53,Clothing,2663.12,Wednesday,November
2022-11-24,Product_4,348.49,8,83.71,Books,2787.92,Thursday,November
2022-11-25,Product_4,344.62,8,91.06,Clothing,2756.96,Friday,November
2022-11-26,Product_4,347.0,8,55.69,Clothing,2776.0,Saturday,November
2022-11-27,Product_4,225.63,5,20.84,Toys,1128.15,Sunday,November
2022-11-28,Product_4,287.11,7,63.65,Food,2009.77,Monday,November
2022-11-29,Product_4,233.76,5,76.03,Clothing,1168.8,Tuesday,November
2022-11-30,Product_4,363.85,9,36.46,Clothing,3274.65,Wednesday,November
2022-12-01,Product_4,326.96,8,83.71,Food,2615.68,Thursday,December
2022-12-02,Product_4,310.05,7,55.62,Electronics,2170.35,Friday,December
2022-12-03,Product_4,346.29,8,52.69,Toys,2770.32,Saturday,December
2022-12-04,Product_4,274.78,6,31.83,Toys,1648.6799999999998,Sunday,December
2022-12-05,Product_4,270.8,6,26.53,Food,1624.8000000000002,Monday,December
2022-12-06,Product_4,301.13,7,20.46,Books,2107.91,Tuesday,December
2022-12-07,Product_4,389.95,9,57.24,Clothing,3509.5499999999997,Wednesday,December
2022-12-08,Product_4,344.86,8,44.18,Books,2758.88,Thursday,December
2022-12-09,Product_4,336.08,8,42.94,Clothing,2688.64,Friday,December
2022-12-10,Product_4,313.17,7,41.94,Toys,2192.19,Saturday,December
2022-12-11,Product_4,285.17,7,30.02,Food,1996.19,Sunday,December
2022-12-12,Product_4,305.14,7,43.43,Toys,2135.98,Monday,December
2022-12-13,Product_4,270.45,6,83.63,Toys,1622.6999999999998,Tuesday,December
2022-12-14,Product_4,334.32,8,68.67,Books,2674.56,Wednesday,December
2022-12-15,Product_4,306.42,7,87.33,Food,2144.94,Thursday,December
2022-12-16,Product_4,404.71,10,53.54,Toys,4047.1,Friday,December
2022-12-17,Product_4,365.8,9,74.22,Electronics,3292.2000000000003,Saturday,December
2022-12-18,Product_4,286.9,7,98.17,Food,2008.2999999999997,Sunday,December
2022-12-19,Product_4,323.85,8,91.24,Food,2590.8,Monday,December
2022-12-20,Product_4,345.32,8,78.49,Books,2762.56,Tuesday,December
2022-12-21,Product_4,329.2,8,93.24,Books,2633.6,Wednesday,December
2022-12-22,Product_4,387.24,9,30.5,Food,3485.16,Thursday,December
2022-12-23,Product_4,342.87,8,73.22,Food,2742.96,Friday,December
2022-12-24,Product_4,389.88,9,23.01,Food,3508.92,Saturday,December
2022-12-25,Product_4,311.41,7,70.05,Books,2179.8700000000003,Sunday,December
2022-12-26,Product_4,294.66,7,84.42,Electronics,2062.6200000000003,Monday,December
2022-12-27,Product_4,386.3,9,70.85,Toys,3476.7000000000003,Tuesday,December
2022-12-28,Product_4,308.89,7,59.2,Electronics,2162.23,Wednesday,December
2022-12-29,Product_4,400.87,9,29.38,Food,3607.83,Thursday,December
2022-12-30,Product_4,389.97,9,63.16,Clothing,3509.7300000000005,Friday,December
2022-12-31,Product_4,346.86,8,44.52,Toys,2774.88,Saturday,December
2023-01-01,Product_4,321.56,7,98.01,Books,2250.92,Sunday,January
2023-01-02,Product_4,323.58,8,80.5,Food,2588.64,Monday,January
2023-01-03,Product_4,354.28,8,90.0,Food,2834.24,Tuesday,January
2023-01-04,Product_4,389.95,9,64.97,Toys,3509.5499999999997,Wednesday,January
2023-01-05,Product_4,358.58,8,73.45,Electronics,2868.64,Thursday,January
2023-01-06,Product_4,361.89,8,45.16,Books,2895.12,Friday,January
2023-01-07,Product_4,364.45,9,71.09,Books,3280.0499999999997,Saturday,January
2023-01-08,Product_4,332.11,8,97.5,Food,2656.88,Sunday,January
2023-01-09,Product_4,355.43,8,94.95,Books,2843.44,Monday,January
2023-01-10,Product_4,340.3,8,54.01,Toys,2722.4,Tuesday,January
2023-01-11,Product_4,344.89,8,91.76,Toys,2759.12,Wednesday,January
2023-01-12,Product_4,312.02,7,20.5,Toys,2184.14,Thursday,January
2023-01-13,Product_4,387.11,9,89.95,Clothing,3483.9900000000002,Friday,January
2023-01-14,Product_4,338.59,8,91.5,Electronics,2708.72,Saturday,January
2023-01-15,Product_4,420.88,10,56.54,Books,4208.8,Sunday,January
2023-01-16,Product_4,339.74,8,99.5,Books,2717.92,Monday,January
2023-01-17,Product_4,370.03,9,57.08,Electronics,3330.2699999999995,Tuesday,January
2023-01-18,Product_4,349.11,8,44.12,Food,2792.88,Wednesday,January
2023-01-19,Product_4,365.82,9,50.08,Food,3292.38,Thursday,January
2023-01-20,Product_4,395.94,9,57.08,Electronics,3563.46,Friday,January
2023-01-21,Product_4,377.53,9,98.26,Books,3397.7699999999995,Saturday,January
2023-01-22,Product_4,318.71,7,20.53,Clothing,2230.97,Sunday,January
2023-01-23,Product_4,340.02,8,96.4,Electronics,2720.16,Monday,January
2023-01-24,Product_4,377.45,9,28.19,Books,3397.0499999999997,Tuesday,January
2023-01-25,Product_4,364.06,9,60.7,Food,3276.54,Wednesday,January
2023-01-26,Product_4,383.27,9,45.83,Toys,3449.43,Thursday,January
2023-01-27,Product_4,345.71,8,72.24,Toys,2765.68,Friday,January
2023-01-28,Product_4,387.79,9,47.9,Food,3490.11,Saturday,January
2023-01-29,Product_4,382.87,9,93.08,Clothing,3445.83,Sunday,January
2023-01-30,Product_4,362.49,9,74.95,Clothing,3262.41,Monday,January
2023-01-31,Product_4,398.65,9,30.31,Books,3587.85,Tuesday,January
2023-02-01,Product_4,396.17,9,54.26,Toys,3565.53,Wednesday,February
2023-02-02,Product_4,390.09,9,61.82,Food,3510.81,Thursday,February
2023-02-03,Product_4,384.73,9,93.41,Clothing,3462.57,Friday,February
2023-02-04,Product_4,407.66,10,67.1,Books,4076.6000000000004,Saturday,February
2023-02-05,Product_4,339.99,8,38.0,Electronics,2719.92,Sunday,February
2023-02-06,Product_4,403.92,10,73.78,Toys,4039.2000000000003,Monday,February
2023-02-07,Product_4,339.25,8,84.61,Toys,2714.0,Tuesday,February
2023-02-08,Product_4,340.98,8,69.89,Toys,2727.84,Wednesday,February
2023-02-09,Product_4,405.2,10,62.8,Toys,4052.0,Thursday,February
2023-02-10,Product_4,424.3,10,89.42,Electronics,4243.0,Friday,February
2023-02-11,Product_4,386.06,9,20.47,Food,3474.54,Saturday,February
2023-02-12,Product_4,347.5,8,80.55,Food,2780.0,Sunday,February
2023-02-13,Product_4,360.42,8,43.35,Clothing,2883.36,Monday,February
2023-02-14,Product_4,369.91,9,72.6,Clothing,3329.19,Tuesday,February
2023-02-15,Product_4,396.72,9,48.17,Books,3570.4800000000005,Wednesday,February
2023-02-16,Product_4,455.95,11,24.35,Electronics,5015.45,Thursday,February
2023-02-17,Product_4,390.79,9,28.9,Electronics,3517.11,Friday,February
2023-02-18,Product_4,406.55,10,34.95,Electronics,4065.5,Saturday,February
2023-02-19,Product_4,374.33,9,95.35,Books,3368.97,Sunday,February
2023-02-20,Product_4,384.84,9,92.71,Food,3463.56,Monday,February
2023-02-21,Product_4,373.54,9,93.79,Books,3361.86,Tuesday,February
2023-02-22,Product_4,398.99,9,25.32,Toys,3590.91,Wednesday,February
2023-02-23,Product_4,439.46,10,42.12,Electronics,4394.599999999999,Thursday,February
2023-02-24,Product_4,413.76,10,85.33,Toys,4137.6,Friday,February
2023-02-25,Product_4,396.46,9,50.9,Electronics,3568.14,Saturday,February
2023-02-26,Product_4,339.88,8,76.66,Toys,2719.04,Sunday,February
2023-02-27,Product_4,371.48,9,29.44,Books,3343.32,Monday,February
2023-02-28,Product_4,359.83,8,53.0,Clothing,2878.64,Tuesday,February
2023-03-01,Product_4,388.07,9,35.49,Food,3492.63,Wednesday,March
2023-03-02,Product_4,408.52,10,78.17,Food,4085.2,Thursday,March
2023-03-03,Product_4,428.81,10,38.58,Food,4288.1,Friday,March
2023-03-04,Product_4,439.34,10,36.77,Toys,4393.4,Saturday,March
2023-03-05,Product_4,406.0,10,80.78,Electronics,4060.0,Sunday,March
2023-03-06,Product_4,365.71,9,49.31,Clothing,3291.39,Monday,March
2023-03-07,Product_4,396.46,9,42.11,Food,3568.14,Tuesday,March
2023-03-08,Product_4,417.77,10,39.5,Toys,4177.7,Wednesday,March
2023-03-09,Product_4,395.14,9,20.6,Electronics,3556.2599999999998,Thursday,March
2023-03-10,Product_4,421.68,10,57.1,Books,4216.8,Friday,March
2023-03-11,Product_4,387.11,9,48.1,Clothing,3483.9900000000002,Saturday,March
2023-03-12,Product_4,406.3,10,28.56,Electronics,4063.0,Sunday,March
2023-03-13,Product_4,312.35,7,86.67,Books,2186.4500000000003,Monday,March
2023-03-14,Product_4,391.98,9,43.13,Books,3527.82,Tuesday,March
2023-03-15,Product_4,380.64,9,56.5,Books,3425.7599999999998,Wednesday,March
2023-03-16,Product_4,451.06,11,38.78,Books,4961.66,Thursday,March
2023-03-17,Product_4,440.32,10,81.1,Toys,4403.2,Friday,March
2023-03-18,Product_4,381.07,9,57.47,Toys,3429.63,Saturday,March
2023-03-19,Product_4,411.41,10,81.96,Books,4114.1,Sunday,March
2023-03-20,Product_4,332.53,8,51.58,Food,2660.24,Monday,March
2023-03-21,Product_4,390.97,9,51.31,Clothing,3518.7300000000005,Tuesday,March
2023-03-22,Product_4,380.9,9,65.14,Clothing,3428.1,Wednesday,March
2023-03-23,Product_4,446.6,11,50.87,Toys,4912.6,Thursday,March
2023-03-24,Product_4,400.5,9,39.4,Toys,3604.5,Friday,March
2023-03-25,Product_4,407.69,10,32.92,Toys,4076.9,Saturday,March
2023-03-26,Product_4,418.43,10,29.18,Toys,4184.3,Sunday,March
2023-03-27,Product_4,403.34,10,50.42,Toys,4033.3999999999996,Monday,March
2023-03-28,Product_4,363.6,9,40.85,Toys,3272.4,Tuesday,March
2023-03-29,Product_4,383.36,9,44.16,Books,3450.2400000000002,Wednesday,March
2023-03-30,Product_4,470.0,11,20.39,Food,5170.0,Thursday,March
2023-03-31,Product_4,432.74,10,60.48,Books,4327.4,Friday,March
2023-04-01,Product_4,391.14,9,35.5,Electronics,3520.2599999999998,Saturday,April
2023-04-02,Product_4,366.72,9,21.42,Electronics,3300.4800000000005,Sunday,April
2023-04-03,Product_4,361.64,8,49.07,Toys,2893.12,Monday,April
2023-04-04,Product_4,319.72,7,28.86,Books,2238.04,Tuesday,April
2023-04-05,Product_4,411.79,10,55.3,Toys,4117.900000000001,Wednesday,April
2023-04-06,Product_4,392.5,9,71.63,Toys,3532.5,Thursday,April
2023-04-07,Product_4,400.67,9,83.64,Toys,3606.03,Friday,April
2023-04-08,Product_4,419.09,10,56.68,Toys,4190.9,Saturday,April
2023-04-09,Product_4,402.95,10,85.51,Books,4029.5,Sunday,April
2023-04-10,Product_4,374.71,9,42.46,Books,3372.39,Monday,April
2023-04-11,Product_4,361.88,8,97.05,Food,2895.04,Tuesday,April
2023-04-12,Product_4,415.44,10,64.74,Books,4154.4,Wednesday,April
2023-04-13,Product_4,396.38,9,53.34,Books,3567.42,Thursday,April
2023-04-14,Product_4,438.67,10,56.72,Electronics,4386.7,Friday,April
2023-04-15,Product_4,406.41,10,98.52,Food,4064.1000000000004,Saturday,April
2023-04-16,Product_4,358.29,8,24.14,Electronics,2866.32,Sunday,April
2023-04-17,Product_4,363.33,9,76.85,Toys,3269.97,Monday,April
2023-04-18,Product_4,408.07,10,48.59,Food,4080.7,Tuesday,April
2023-04-19,Product_4,371.02,9,43.35,Books,3339.18,Wednesday,April
2023-04-20,Product_4,399.46,9,65.46,Food,3595.14,Thursday,April
2023-04-21,Product_4,450.64,11,21.37,Books,4957.04,Friday,April
2023-04-22,Product_4,461.0,11,58.64,Books,5071.0,Saturday,April
2023-04-23,Product_4,400.55,9,76.84,Food,3604.9500000000003,Sunday,April
2023-04-24,Product_4,389.98,9,68.33,Food,3509.82,Monday,April
2023-04-25,Product_4,415.62,10,27.4,Books,4156.2,Tuesday,April
2023-04-26,Product_4,468.51,11,39.37,Food,5153.61,Wednesday,April
2023-04-27,Product_4,402.92,10,61.93,Electronics,4029.2000000000003,Thursday,April
2023-04-28,Product_4,421.6,10,36.42,Toys,4216.0,Friday,April
2023-04-29,Product_4,413.91,10,86.28,Clothing,4139.1,Saturday,April
2023-04-30,Product_4,407.56,10,82.93,Toys,4075.6,Sunday,April
2023-05-01,Product_4,405.19,10,70.3,Books,4051.9,Monday,May
2023-05-02,Product_4,386.41,9,39.42,Toys,3477.69,Tuesday,May
2023-05-03,Product_4,386.6,9,31.7,Electronics,3479.4,Wednesday,May
2023-05-04,Product_4,378.57,9,76.29,Books,3407.13,Thursday,May
2023-05-05,Product_4,452.15,11,21.65,Food,4973.65,Friday,May
2023-05-06,Product_4,384.05,9,82.9,Electronics,3456.4500000000003,Saturday,May
2023-05-07,Product_4,389.16,9,49.31,Books,3502.44,Sunday,May
2023-05-08,Product_4,392.95,9,56.71,Toys,3536.5499999999997,Monday,May
2023-05-09,Product_4,372.57,9,31.62,Clothing,3353.13,Tuesday,May
2023-05-10,Product_4,412.66,10,73.83,Books,4126.6,Wednesday,May
2023-05-11,Product_4,442.86,10,63.32,Books,4428.6,Thursday,May
2023-05-12,Product_4,398.26,9,67.93,Clothing,3584.34,Friday,May
2023-05-13,Product_4,381.25,9,77.8,Clothing,3431.25,Saturday,May
2023-05-14,Product_4,356.27,8,72.57,Electronics,2850.16,Sunday,May
2023-05-15,Product_4,384.33,9,20.56,Food,3458.97,Monday,May
2023-05-16,Product_4,388.75,9,80.37,Toys,3498.75,Tuesday,May
2023-05-17,Product_4,351.87,8,70.44,Clothing,2814.96,Wednesday,May
2023-05-18,Product_4,355.33,8,66.1,Toys,2842.64,Thursday,May
2023-05-19,Product_4,444.49,11,91.31,Books,4889.39,Friday,May
2023-05-20,Product_4,397.76,9,23.67,Food,3579.84,Saturday,May
2023-05-21,Product_4,355.55,8,54.78,Books,2844.4,Sunday,May
2023-05-22,Product_4,400.29,9,34.14,Clothing,3602.61,Monday,May
2023-05-23,Product_4,411.49,10,25.93,Toys,4114.9,Tuesday,May
2023-05-24,Product_4,382.88,9,98.04,Food,3445.92,Wednesday,May
2023-05-25,Product_4,361.05,8,94.39,Clothing,2888.4,Thursday,May
2023-05-26,Product_4,424.89,10,46.23,Toys,4248.9,Friday,May
2023-05-27,Product_4,396.39,9,85.51,Food,3567.5099999999998,Saturday,May
2023-05-28,Product_4,370.55,9,47.12,Electronics,3334.9500000000003,Sunday,May
2023-05-29,Product_4,349.09,8,28.69,Food,2792.72,Monday,May
2023-05-30,Product_4,411.18,10,25.66,Clothing,4111.8,Tuesday,May
2023-05-31,Product_4,384.52,9,67.93,Food,3460.68,Wednesday,May
2023-06-01,Product_4,351.41,8,48.3,Food,2811.28,Thursday,June
2023-06-02,Product_4,433.61,10,22.68,Electronics,4336.1,Friday,June
2023-06-03,Product_4,387.46,9,92.16,Toys,3487.14,Saturday,June
2023-06-04,Product_4,412.79,10,86.84,Electronics,4127.900000000001,Sunday,June
2023-06-05,Product_4,354.39,8,75.4,Clothing,2835.12,Monday,June
2023-06-06,Product_4,356.78,8,35.07,Clothing,2854.24,Tuesday,June
2023-06-07,Product_4,378.78,9,56.76,Food,3409.0199999999995,Wednesday,June
2023-06-08,Product_4,424.77,10,68.87,Toys,4247.7,Thursday,June
2023-06-09,Product_4,495.57,12,32.78,Electronics,5946.84,Friday,June
2023-06-10,Product_4,394.44,9,54.79,Clothing,3549.96,Saturday,June
2023-06-11,Product_4,328.98,8,89.86,Food,2631.84,Sunday,June
2023-06-12,Product_4,238.91,5,72.74,Toys,1194.55,Monday,June
2023-06-13,Product_4,367.64,9,95.61,Toys,3308.7599999999998,Tuesday,June
2023-06-14,Product_4,386.55,9,97.24,Food,3478.9500000000003,Wednesday,June
2023-06-15,Product_4,407.38,10,93.19,Electronics,4073.8,Thursday,June
2023-06-16,Product_4,416.84,10,33.13,Clothing,4168.4,Friday,June
2023-06-17,Product_4,363.93,9,39.34,Food,3275.37,Saturday,June
2023-06-18,Product_4,380.58,9,27.05,Electronics,3425.22,Sunday,June
2023-06-19,Product_4,356.64,8,40.11,Clothing,2853.12,Monday,June
2023-06-20,Product_4,326.69,8,61.23,Clothing,2613.52,Tuesday,June
2023-06-21,Product_4,336.7,8,22.69,Toys,2693.6,Wednesday,June
2023-06-22,Product_4,360.37,8,73.85,Toys,2882.96,Thursday,June
2023-06-23,Product_4,368.69,9,40.23,Clothing,3318.21,Friday,June
2023-06-24,Product_4,331.07,8,20.52,Books,2648.56,Saturday,June
2023-06-25,Product_4,358.85,8,62.01,Food,2870.8,Sunday,June
2023-06-26,Product_4,371.43,9,35.94,Toys,3342.87,Monday,June
2023-06-27,Product_4,334.98,8,89.43,Food,2679.84,Tuesday,June
2023-06-28,Product_4,375.06,9,68.54,Food,3375.54,Wednesday,June
2023-06-29,Product_4,398.84,9,66.68,Books,3589.56,Thursday,June
2023-06-30,Product_4,326.81,8,65.73,Electronics,2614.48,Friday,June
2023-07-01,Product_4,359.7,8,76.46,Electronics,2877.6,Saturday,July
2023-07-02,Product_4,372.29,9,71.1,Food,3350.61,Sunday,July
2023-07-03,Product_4,333.8,8,64.28,Toys,2670.4,Monday,July
2023-07-04,Product_4,401.59,9,25.7,Electronics,3614.31,Tuesday,July
2023-07-05,Product_4,360.94,8,78.71,Clothing,2887.52,Wednesday,July
2023-07-06,Product_4,378.63,9,84.76,Toys,3407.67,Thursday,July
2023-07-07,Product_4,391.93,9,67.19,Books,3527.37,Friday,July
2023-07-08,Product_4,394.77,9,33.57,Food,3552.93,Saturday,July
2023-07-09,Product_4,364.95,9,82.79,Toys,3284.5499999999997,Sunday,July
2023-07-10,Product_4,312.12,7,49.43,Electronics,2184.84,Monday,July
2023-07-11,Product_4,313.87,7,71.18,Toys,2197.09,Tuesday,July
2023-07-12,Product_4,326.29,8,29.96,Clothing,2610.32,Wednesday,July
2023-07-13,Product_4,439.07,10,41.37,Food,4390.7,Thursday,July
2023-07-14,Product_4,397.7,9,22.32,Toys,3579.2999999999997,Friday,July
2023-07-15,Product_4,378.46,9,78.01,Food,3406.14,Saturday,July
2023-07-16,Product_4,353.0,8,83.46,Electronics,2824.0,Sunday,July
2023-07-17,Product_4,310.17,7,73.25,Food,2171.19,Monday,July
2023-07-18,Product_4,304.17,7,88.66,Electronics,2129.19,Tuesday,July
2023-07-19,Product_4,368.38,9,30.75,Clothing,3315.42,Wednesday,July
2023-07-20,Product_4,325.59,8,26.8,Electronics,2604.72,Thursday,July
2023-07-21,Product_4,380.69,9,54.08,Clothing,3426.21,Friday,July
2023-07-22,Product_4,325.93,8,36.75,Clothing,2607.44,Saturday,July
2023-07-23,Product_4,342.43,8,59.14,Toys,2739.44,Sunday,July
2023-07-24,Product_4,297.34,7,49.8,Toys,2081.3799999999997,Monday,July
2023-07-25,Product_4,307.01,7,55.47,Toys,2149.0699999999997,Tuesday,July
2023-07-26,Product_4,357.0,8,88.08,Toys,2856.0,Wednesday,July
2023-07-27,Product_4,371.67,9,46.55,Electronics,3345.03,Thursday,July
2023-07-28,Product_4,330.47,8,68.51,Toys,2643.76,Friday,July
2023-07-29,Product_4,362.34,8,62.59,Clothing,2898.72,Saturday,July
2023-07-30,Product_4,316.35,7,81.97,Books,2214.4500000000003,Sunday,July
2023-07-31,Product_4,329.61,8,23.56,Toys,2636.88,Monday,July
2023-08-01,Product_4,462.76,11,63.28,Electronics,5090.36,Tuesday,August
2023-08-02,Product_4,300.83,7,80.6,Books,2105.81,Wednesday,August
2023-08-03,Product_4,338.62,8,29.48,Toys,2708.96,Thursday,August
2023-08-04,Product_4,353.56,8,57.97,Books,2828.48,Friday,August
2023-08-05,Product_4,350.74,8,64.5,Toys,2805.92,Saturday,August
2023-08-06,Product_4,365.72,9,35.61,Food,3291.4800000000005,Sunday,August
2023-08-07,Product_4,357.82,8,68.92,Toys,2862.56,Monday,August
2023-08-08,Product_4,298.4,7,97.53,Books,2088.7999999999997,Tuesday,August
2023-08-09,Product_4,345.52,8,89.72,Electronics,2764.16,Wednesday,August
2023-08-10,Product_4,344.67,8,84.23,Toys,2757.36,Thursday,August
2023-08-11,Product_4,351.23,8,76.11,Toys,2809.84,Friday,August
2023-08-12,Product_4,311.9,7,88.19,Food,2183.2999999999997,Saturday,August
2023-08-13,Product_4,291.38,7,72.29,Food,2039.6599999999999,Sunday,August
2023-08-14,Product_4,359.65,8,41.45,Electronics,2877.2,Monday,August
2023-08-15,Product_4,293.21,7,84.24,Clothing,2052.47,Tuesday,August
2023-08-16,Product_4,312.72,7,22.62,Clothing,2189.04,Wednesday,August
2023-08-17,Product_4,336.99,8,93.36,Food,2695.92,Thursday,August
2023-08-18,Product_4,359.35,8,89.7,Electronics,2874.8,Friday,August
2023-08-19,Product_4,341.11,8,55.44,Clothing,2728.88,Saturday,August
2023-08-20,Product_4,326.95,8,77.47,Food,2615.6,Sunday,August
2023-08-21,Product_4,323.98,8,32.06,Toys,2591.84,Monday,August
2023-08-22,Product_4,341.73,8,71.4,Electronics,2733.84,Tuesday,August
2023-08-23,Product_4,280.45,6,31.36,Food,1682.6999999999998,Wednesday,August
2023-08-24,Product_4,304.71,7,74.35,Clothing,2132.97,Thursday,August
2023-08-25,Product_4,362.53,9,95.83,Electronics,3262.7699999999995,Friday,August
2023-08-26,Product_4,337.09,8,96.95,Electronics,2696.72,Saturday,August
2023-08-27,Product_4,362.4,8,81.04,Electronics,2899.2,Sunday,August
2023-08-28,Product_4,319.29,7,53.48,Electronics,2235.03,Monday,August
2023-08-29,Product_4,241.63,5,77.2,Clothing,1208.15,Tuesday,August
2023-08-30,Product_4,358.12,8,59.0,Food,2864.96,Wednesday,August
2023-08-31,Product_4,385.85,9,28.75,Toys,3472.65,Thursday,August
2023-09-01,Product_4,329.28,8,67.12,Toys,2634.24,Friday,September
2023-09-02,Product_4,341.01,8,63.28,Electronics,2728.08,Saturday,September
2023-09-03,Product_4,316.01,7,48.97,Books,2212.0699999999997,Sunday,September
2023-09-04,Product_4,288.31,7,78.79,Electronics,2018.17,Monday,September
2023-09-05,Product_4,300.56,7,63.19,Toys,2103.92,Tuesday,September
2023-09-06,Product_4,294.66,7,50.46,Books,2062.6200000000003,Wednesday,September
2023-09-07,Product_4,331.61,8,92.64,Electronics,2652.88,Thursday,September
2023-09-08,Product_4,321.8,7,67.87,Clothing,2252.6,Friday,September
2023-09-09,Product_4,293.92,7,56.77,Clothing,2057.44,Saturday,September
2023-09-10,Product_4,332.04,8,89.49,Clothing,2656.32,Sunday,September
2023-09-11,Product_4,300.31,7,68.49,Electronics,2102.17,Monday,September
2023-09-12,Product_4,305.67,7,34.19,Toys,2139.69,Tuesday,September
2023-09-13,Product_4,319.48,7,32.93,Electronics,2236.36,Wednesday,September
2023-09-14,Product_4,327.55,8,54.45,Food,2620.4,Thursday,September
2023-09-15,Product_4,352.07,8,44.65,Food,2816.56,Friday,September
2023-09-16,Product_4,304.04,7,41.82,Electronics,2128.28,Saturday,September
2023-09-17,Product_4,289.01,7,20.52,Books,2023.07,Sunday,September
2023-09-18,Product_4,306.6,7,56.31,Clothing,2146.2000000000003,Monday,September
2023-09-19,Product_4,303.28,7,51.96,Toys,2122.96,Tuesday,September
2023-09-20,Product_4,294.45,7,87.98,Electronics,2061.15,Wednesday,September
2023-09-21,Product_4,321.91,7,65.73,Electronics,2253.3700000000003,Thursday,September
2023-09-22,Product_4,313.62,7,66.62,Clothing,2195.34,Friday,September
2023-09-23,Product_4,321.71,7,83.09,Toys,2251.97,Saturday,September
2023-09-24,Product_4,263.88,6,25.03,Books,1583.28,Sunday,September
2023-09-25,Product_4,266.99,6,24.58,Food,1601.94,Monday,September
2023-09-26,Product_4,249.37,6,21.78,Food,1496.22,Tuesday,September
2023-09-27,Product_4,291.75,7,71.8,Books,2042.25,Wednesday,September
2023-09-28,Product_4,340.77,8,29.31,Food,2726.16,Thursday,September
2023-09-29,Product_4,292.53,7,72.58,Toys,2047.7099999999998,Friday,September
2023-09-30,Product_4,378.83,9,90.08,Toys,3409.47,Saturday,September
2023-10-01,Product_4,342.35,8,91.8,Electronics,2738.8,Sunday,October
2023-10-02,Product_4,338.19,8,62.63,Electronics,2705.52,Monday,October
2023-10-03,Product_4,283.47,7,98.65,Food,1984.2900000000002,Tuesday,October
2023-10-04,Product_4,271.62,6,91.31,Toys,1629.72,Wednesday,October
2023-10-05,Product_4,285.56,7,83.52,Clothing,1998.92,Thursday,October
2023-10-06,Product_4,339.01,8,57.61,Food,2712.08,Friday,October
2023-10-07,Product_4,347.05,8,58.02,Toys,2776.4,Saturday,October
2023-10-08,Product_4,303.05,7,53.19,Food,2121.35,Sunday,October
2023-10-09,Product_4,244.81,6,84.39,Clothing,1468.8600000000001,Monday,October
2023-10-10,Product_4,287.7,7,27.85,Books,2013.8999999999999,Tuesday,October
2023-10-11,Product_4,331.67,8,23.25,Books,2653.36,Wednesday,October
2023-10-12,Product_4,302.92,7,57.56,Food,2120.44,Thursday,October
2023-10-13,Product_4,341.17,8,86.99,Clothing,2729.36,Friday,October
2023-10-14,Product_4,356.11,8,36.89,Books,2848.88,Saturday,October
2023-10-15,Product_4,315.28,7,74.15,Clothing,2206.96,Sunday,October
2023-10-16,Product_4,259.14,6,41.87,Clothing,1554.84,Monday,October
2023-10-17,Product_4,290.87,7,52.22,Electronics,2036.0900000000001,Tuesday,October
2023-10-18,Product_4,284.12,7,54.9,Electronics,1988.8400000000001,Wednesday,October
2023-10-19,Product_4,340.47,8,79.84,Food,2723.76,Thursday,October
2023-10-20,Product_4,326.26,8,55.86,Toys,2610.08,Friday,October
2023-10-21,Product_4,339.96,8,93.79,Clothing,2719.68,Saturday,October
2023-10-22,Product_4,317.79,7,36.57,Clothing,2224.53,Sunday,October
2023-10-23,Product_4,295.4,7,42.49,Toys,2067.7999999999997,Monday,October
2023-10-24,Product_4,312.28,7,25.56,Books,2185.96,Tuesday,October
2023-10-25,Product_4,358.49,8,76.89,Toys,2867.92,Wednesday,October
2023-10-26,Product_4,318.56,7,93.55,Books,2229.92,Thursday,October
2023-10-27,Product_4,324.59,8,51.29,Clothing,2596.72,Friday,October
2023-10-28,Product_4,307.01,7,33.8,Books,2149.0699999999997,Saturday,October
2023-10-29,Product_4,279.06,6,92.03,Food,1674.3600000000001,Sunday,October
2023-10-30,Product_4,250.44,6,74.57,Electronics,1502.6399999999999,Monday,October
2023-10-31,Product_4,298.95,7,78.98,Clothing,2092.65,Tuesday,October
2023-11-01,Product_4,343.91,8,21.95,Clothing,2751.28,Wednesday,November
2023-11-02,Product_4,329.62,8,45.68,Food,2636.96,Thursday,November
2023-11-03,Product_4,309.58,7,46.91,Books,2167.06,Friday,November
2023-11-04,Product_4,280.64,6,91.82,Books,1683.84,Saturday,November
2023-11-05,Product_4,328.65,8,82.81,Food,2629.2,Sunday,November
2023-11-06,Product_4,306.38,7,56.47,Toys,2144.66,Monday,November
2023-11-07,Product_4,293.04,7,76.28,Electronics,2051.28,Tuesday,November
2023-11-08,Product_4,329.12,8,79.22,Food,2632.96,Wednesday,November
2023-11-09,Product_4,369.17,9,71.97,Toys,3322.53,Thursday,November
2023-11-10,Product_4,338.26,8,79.0,Toys,2706.08,Friday,November
2023-11-11,Product_4,341.62,8,95.73,Food,2732.96,Saturday,November
2023-11-12,Product_4,330.58,8,21.72,Clothing,2644.64,Sunday,November
2023-11-13,Product_4,287.09,7,79.27,Food,2009.6299999999999,Monday,November
2023-11-14,Product_4,347.37,8,23.2,Food,2778.96,Tuesday,November
2023-11-15,Product_4,361.24,8,69.53,Food,2889.92,Wednesday,November
2023-11-16,Product_4,359.14,8,60.76,Clothing,2873.12,Thursday,November
2023-11-17,Product_4,318.32,7,87.07,Clothing,2228.24,Friday,November
2023-11-18,Product_4,370.45,9,97.79,Toys,3334.0499999999997,Saturday,November
2023-11-19,Product_4,332.5,8,65.75,Food,2660.0,Sunday,November
2023-11-20,Product_4,324.53,8,25.59,Clothing,2596.24,Monday,November
2023-11-21,Product_4,320.05,7,74.3,Food,2240.35,Tuesday,November
2023-11-22,Product_4,302.56,7,52.91,Toys,2117.92,Wednesday,November
2023-11-23,Product_4,298.14,7,92.51,Toys,2086.98,Thursday,November
2023-11-24,Product_4,391.79,9,82.75,Clothing,3526.11,Friday,November
2023-11-25,Product_4,295.6,7,43.67,Food,2069.2000000000003,Saturday,November
2023-11-26,Product_4,330.81,8,77.5,Clothing,2646.48,Sunday,November
2023-11-27,Product_4,354.66,8,94.8,Toys,2837.28,Monday,November
2023-11-28,Product_4,301.73,7,40.55,Books,2112.11,Tuesday,November
2023-11-29,Product_4,312.47,7,39.06,Electronics,2187.29,Wednesday,November
2023-11-30,Product_4,422.93,10,71.6,Books,4229.3,Thursday,November
2023-12-01,Product_4,295.64,7,94.54,Food,2069.48,Friday,December
2023-12-02,Product_4,351.56,8,47.49,Clothing,2812.48,Saturday,December
2023-12-03,Product_4,319.4,7,24.92,Electronics,2235.7999999999997,Sunday,December
2023-12-04,Product_4,328.28,8,23.93,Electronics,2626.24,Monday,December
2023-12-05,Product_4,330.8,8,37.56,Clothing,2646.4,Tuesday,December
2023-12-06,Product_4,341.82,8,24.2,Books,2734.56,Wednesday,December
2023-12-07,Product_4,392.97,9,78.27,Clothing,3536.7300000000005,Thursday,December
2023-12-08,Product_4,400.9,9,23.73,Toys,3608.1,Friday,December
2023-12-09,Product_4,388.79,9,70.48,Clothing,3499.11,Saturday,December
2023-12-10,Product_4,293.6,7,44.63,Books,2055.2000000000003,Sunday,December
2023-12-11,Product_4,308.55,7,71.98,Clothing,2159.85,Monday,December
2023-12-12,Product_4,333.71,8,57.96,Clothing,2669.68,Tuesday,December
2023-12-13,Product_4,471.89,11,52.78,Food,5190.79,Wednesday,December
2023-12-14,Product_4,332.17,8,62.07,Books,2657.36,Thursday,December
2023-12-15,Product_4,371.63,9,67.14,Clothing,3344.67,Friday,December
2023-12-16,Product_4,371.38,9,75.13,Food,3342.42,Saturday,December
2023-12-17,Product_4,355.26,8,89.1,Food,2842.08,Sunday,December
2023-12-18,Product_4,272.81,6,62.85,Books,1636.8600000000001,Monday,December
2023-12-19,Product_4,355.76,8,84.23,Toys,2846.08,Tuesday,December
2023-12-20,Product_4,308.94,7,24.38,Clothing,2162.58,Wednesday,December
2023-12-21,Product_4,334.37,8,28.9,Food,2674.96,Thursday,December
2023-12-22,Product_4,398.49,9,49.01,Clothing,3586.41,Friday,December
2023-12-23,Product_4,333.42,8,28.28,Electronics,2667.36,Saturday,December
2023-12-24,Product_4,315.8,7,76.7,Books,2210.6,Sunday,December
2023-12-25,Product_4,347.74,8,51.49,Food,2781.92,Monday,December
2023-12-26,Product_4,370.78,9,52.8,Electronics,3337.0199999999995,Tuesday,December
2023-12-27,Product_4,401.03,9,45.95,Electronics,3609.2699999999995,Wednesday,December
2023-12-28,Product_4,383.08,9,21.13,Clothing,3447.72,Thursday,December
2023-12-29,Product_4,362.37,8,75.52,Clothing,2898.96,Friday,December
2023-12-30,Product_4,393.05,9,45.23,Electronics,3537.4500000000003,Saturday,December
2023-12-31,Product_4,324.61,8,29.99,Food,2596.88,Sunday,December
2024-01-01,Product_4,325.62,8,61.57,Clothing,2604.96,Monday,January
2024-01-02,Product_4,365.57,9,54.19,Electronics,3290.13,Tuesday,January
2024-01-03,Product_4,364.25,9,89.91,Books,3278.25,Wednesday,January
2024-01-04,Product_4,352.64,8,20.23,Books,2821.12,Thursday,January
2024-01-05,Product_4,340.56,8,92.09,Toys,2724.48,Friday,January
2024-01-06,Product_4,400.77,9,44.52,Clothing,3606.93,Saturday,January
2024-01-07,Product_4,339.6,8,94.13,Food,2716.8,Sunday,January
2024-01-08,Product_4,314.24,7,43.67,Food,2199.6800000000003,Monday,January
2024-01-09,Product_4,377.41,9,26.0,Clothing,3396.69,Tuesday,January
2024-01-10,Product_4,376.79,9,83.07,Books,3391.11,Wednesday,January
2024-01-11,Product_4,443.22,11,53.53,Clothing,4875.42,Thursday,January
2024-01-12,Product_4,457.62,11,45.67,Food,5033.82,Friday,January
2024-01-13,Product_4,373.11,9,79.53,Toys,3357.9900000000002,Saturday,January
2024-01-14,Product_4,330.54,8,89.11,Books,2644.32,Sunday,January
2024-01-15,Product_4,371.45,9,24.44,Books,3343.0499999999997,Monday,January
2024-01-16,Product_4,373.77,9,45.35,Toys,3363.93,Tuesday,January
2024-01-17,Product_4,374.07,9,65.84,Toys,3366.63,Wednesday,January
2024-01-18,Product_4,374.17,9,41.07,Electronics,3367.53,Thursday,January
2024-01-19,Product_4,394.02,9,24.14,Toys,3546.18,Friday,January
2024-01-20,Product_4,371.22,9,87.13,Food,3340.9800000000005,Saturday,January
2024-01-21,Product_4,415.78,10,31.19,Toys,4157.799999999999,Sunday,January
2024-01-22,Product_4,330.21,8,31.65,Electronics,2641.68,Monday,January
2024-01-23,Product_4,426.08,10,40.73,Food,4260.8,Tuesday,January
2024-01-24,Product_4,367.73,9,51.32,Books,3309.57,Wednesday,January
2024-01-25,Product_4,368.01,9,58.27,Clothing,3312.09,Thursday,January
2024-01-26,Product_4,436.57,10,37.55,Clothing,4365.7,Friday,January
2024-01-27,Product_4,370.53,9,34.22,Clothing,3334.7699999999995,Saturday,January
2024-01-28,Product_4,374.6,9,34.2,Toys,3371.4,Sunday,January
2024-01-29,Product_4,359.69,8,86.27,Electronics,2877.52,Monday,January
2024-01-30,Product_4,398.85,9,89.78,Toys,3589.65,Tuesday,January
2024-01-31,Product_4,386.18,9,37.1,Food,3475.62,Wednesday,January
2024-02-01,Product_4,428.92,10,51.28,Electronics,4289.2,Thursday,February
2024-02-02,Product_4,379.08,9,48.06,Food,3411.72,Friday,February
2024-02-03,Product_4,388.48,9,75.08,Electronics,3496.32,Saturday,February
2024-02-04,Product_4,435.21,10,46.35,Toys,4352.099999999999,Sunday,February
2024-02-05,Product_4,349.22,8,61.76,Electronics,2793.76,Monday,February
2024-02-06,Product_4,375.26,9,48.24,Electronics,3377.34,Tuesday,February
2024-02-07,Product_4,423.01,10,80.08,Electronics,4230.1,Wednesday,February
2024-02-08,Product_4,437.31,10,51.49,Books,4373.1,Thursday,February
2024-02-09,Product_4,412.44,10,56.43,Books,4124.4,Friday,February
2024-02-10,Product_4,406.55,10,65.71,Food,4065.5,Saturday,February
2024-02-11,Product_4,539.26,13,47.72,Food,7010.38,Sunday,February
2024-02-12,Product_4,364.15,9,31.64,Food,3277.35,Monday,February
2024-02-13,Product_4,341.83,8,84.06,Clothing,2734.64,Tuesday,February
2024-02-14,Product_4,434.33,10,42.57,Electronics,4343.3,Wednesday,February
2024-02-15,Product_4,392.6,9,82.72,Books,3533.4,Thursday,February
2024-02-16,Product_4,458.9,11,67.8,Toys,5047.9,Friday,February
2024-02-17,Product_4,449.87,11,96.74,Electronics,4948.57,Saturday,February
2024-02-18,Product_4,386.95,9,65.04,Food,3482.5499999999997,Sunday,February
2024-02-19,Product_4,342.73,8,35.35,Books,2741.84,Monday,February
2024-02-20,Product_4,414.26,10,75.21,Toys,4142.6,Tuesday,February
2024-02-21,Product_4,378.09,9,92.3,Food,3402.81,Wednesday,February
2024-02-22,Product_4,365.36,9,46.87,Toys,3288.2400000000002,Thursday,February
2024-02-23,Product_4,427.85,10,48.55,Food,4278.5,Friday,February
2024-02-24,Product_4,388.69,9,62.6,Electronics,3498.21,Saturday,February
2024-02-25,Product_4,444.2,11,49.0,Toys,4886.2,Sunday,February
2024-02-26,Product_4,362.0,8,24.94,Toys,2896.0,Monday,February
2024-02-27,Product_4,413.86,10,78.68,Electronics,4138.6,Tuesday,February
2024-02-28,Product_4,390.48,9,25.23,Electronics,3514.32,Wednesday,February
2024-02-29,Product_4,504.65,12,69.83,Toys,6055.799999999999,Thursday,February
2024-03-01,Product_4,431.85,10,53.91,Books,4318.5,Friday,March
2024-03-02,Product_4,432.04,10,92.04,Electronics,4320.400000000001,Saturday,March
2024-03-03,Product_4,381.57,9,81.81,Electronics,3434.13,Sunday,March
2024-03-04,Product_4,416.88,10,86.15,Food,4168.8,Monday,March
2024-03-05,Product_4,423.58,10,96.15,Food,4235.8,Tuesday,March
2024-03-06,Product_4,423.08,10,46.55,Food,4230.8,Wednesday,March
2024-03-07,Product_4,364.02,9,59.9,Clothing,3276.18,Thursday,March
2024-03-08,Product_4,462.16,11,76.17,Food,5083.76,Friday,March
2024-03-09,Product_4,458.56,11,69.62,Food,5044.16,Saturday,March
2024-03-10,Product_4,384.17,9,94.82,Electronics,3457.53,Sunday,March
2024-03-11,Product_4,422.89,10,42.48,Toys,4228.9,Monday,March
2024-03-12,Product_4,391.6,9,98.64,Electronics,3524.4,Tuesday,March
2024-03-13,Product_4,411.72,10,20.13,Books,4117.200000000001,Wednesday,March
2024-03-14,Product_4,459.84,11,47.33,Clothing,5058.24,Thursday,March
2024-03-15,Product_4,456.37,11,49.06,Food,5020.07,Friday,March
2024-03-16,Product_4,450.85,11,45.78,Books,4959.35,Saturday,March
2024-03-17,Product_4,462.51,11,56.26,Clothing,5087.61,Sunday,March
2024-03-18,Product_4,424.75,10,69.52,Electronics,4247.5,Monday,March
2024-03-19,Product_4,418.55,10,24.09,Toys,4185.5,Tuesday,March
2024-03-20,Product_4,435.14,10,40.1,Toys,4351.4,Wednesday,March
2024-03-21,Product_4,443.0,10,39.6,Books,4430.0,Thursday,March
2024-03-22,Product_4,424.97,10,34.41,Electronics,4249.700000000001,Friday,March
2024-03-23,Product_4,460.69,11,87.43,Books,5067.59,Saturday,March
2024-03-24,Product_4,454.72,11,57.26,Clothing,5001.92,Sunday,March
2024-03-25,Product_4,375.68,9,33.98,Electronics,3381.12,Monday,March
2024-03-26,Product_4,358.78,8,87.68,Clothing,2870.24,Tuesday,March
2024-03-27,Product_4,447.6,11,55.11,Electronics,4923.6,Wednesday,March
2024-03-28,Product_4,412.96,10,40.5,Books,4129.599999999999,Thursday,March
2024-03-29,Product_4,438.96,10,90.25,Electronics,4389.599999999999,Friday,March
2024-03-30,Product_4,404.04,10,76.64,Clothing,4040.4,Saturday,March
2024-03-31,Product_4,441.87,10,34.17,Toys,4418.7,Sunday,March
2024-04-01,Product_4,418.93,10,89.67,Electronics,4189.3,Monday,April
2024-04-02,Product_4,394.62,9,88.4,Toys,3551.58,Tuesday,April
2024-04-03,Product_4,536.59,13,63.89,Toys,6975.67,Wednesday,April
2024-04-04,Product_4,453.96,11,47.31,Toys,4993.5599999999995,Thursday,April
2024-04-05,Product_4,436.27,10,38.34,Clothing,4362.7,Friday,April
2024-04-06,Product_4,388.85,9,39.76,Food,3499.65,Saturday,April
2024-04-07,Product_4,461.43,11,45.18,Toys,5075.7300000000005,Sunday,April
2024-04-08,Product_4,436.12,10,47.08,Food,4361.2,Monday,April
2024-04-09,Product_4,459.45,11,59.69,Toys,5053.95,Tuesday,April
2024-04-10,Product_4,426.16,10,77.16,Electronics,4261.6,Wednesday,April
2024-04-11,Product_4,419.62,10,55.14,Clothing,4196.2,Thursday,April
2024-04-12,Product_4,425.29,10,96.26,Toys,4252.900000000001,Friday,April
2024-04-13,Product_4,435.87,10,24.01,Books,4358.7,Saturday,April
2024-04-14,Product_4,408.75,10,33.37,Electronics,4087.5,Sunday,April
2024-04-15,Product_4,414.42,10,20.76,Books,4144.2,Monday,April
2024-04-16,Product_4,360.35,8,68.86,Toys,2882.8,Tuesday,April
2024-04-17,Product_4,386.61,9,38.62,Food,3479.4900000000002,Wednesday,April
2024-04-18,Product_4,421.01,10,78.58,Clothing,4210.1,Thursday,April
2024-04-19,Product_4,465.32,11,58.92,Toys,5118.5199999999995,Friday,April
2024-04-20,Product_4,456.75,11,82.01,Books,5024.25,Saturday,April
2024-04-21,Product_4,414.19,10,54.05,Clothing,4141.9,Sunday,April
2024-04-22,Product_4,387.48,9,51.97,Food,3487.32,Monday,April
2024-04-23,Product_4,380.87,9,92.72,Books,3427.83,Tuesday,April
2024-04-24,Product_4,476.61,11,50.57,Books,5242.71,Wednesday,April
2024-04-25,Product_4,462.98,11,84.35,Food,5092.780000000001,Thursday,April
2024-04-26,Product_4,482.59,11,67.23,Food,5308.49,Friday,April
2024-04-27,Product_4,437.5,10,70.84,Food,4375.0,Saturday,April
2024-04-28,Product_4,426.45,10,28.15,Electronics,4264.5,Sunday,April
2024-04-29,Product_4,397.02,9,36.02,Food,3573.18,Monday,April
2024-04-30,Product_4,362.71,9,84.35,Toys,3264.39,Tuesday,April
2024-05-01,Product_4,415.94,10,45.98,Books,4159.4,Wednesday,May
2024-05-02,Product_4,445.59,11,50.41,Electronics,4901.49,Thursday,May
2024-05-03,Product_4,427.38,10,70.25,Food,4273.8,Friday,May
2024-05-04,Product_4,410.74,10,52.8,Toys,4107.4,Saturday,May
2024-05-05,Product_4,398.17,9,28.21,Toys,3583.53,Sunday,May
2024-05-06,Product_4,380.89,9,77.8,Clothing,3428.0099999999998,Monday,May
2024-05-07,Product_4,341.03,8,52.42,Books,2728.24,Tuesday,May
2024-05-08,Product_4,376.44,9,65.66,Electronics,3387.96,Wednesday,May
2024-05-09,Product_4,439.1,10,87.31,Clothing,4391.0,Thursday,May
2024-05-10,Product_4,497.45,12,61.96,Clothing,5969.4,Friday,May
2024-05-11,Product_4,423.79,10,20.03,Books,4237.900000000001,Saturday,May
2024-05-12,Product_4,417.11,10,54.78,Books,4171.1,Sunday,May
2024-05-13,Product_4,423.61,10,91.54,Toys,4236.1,Monday,May
2024-05-14,Product_4,403.08,10,86.36,Electronics,4030.7999999999997,Tuesday,May
2024-05-15,Product_4,416.75,10,32.27,Books,4167.5,Wednesday,May
2024-05-16,Product_4,392.5,9,20.33,Electronics,3532.5,Thursday,May
2024-05-17,Product_4,504.29,12,80.22,Books,6051.4800000000005,Friday,May
2024-05-18,Product_4,391.57,9,84.84,Toys,3524.13,Saturday,May
2024-05-19,Product_4,448.56,11,98.91,Books,4934.16,Sunday,May
2024-05-20,Product_4,415.69,10,72.41,Clothing,4156.9,Monday,May
2024-05-21,Product_4,393.23,9,46.61,Books,3539.07,Tuesday,May
2024-05-22,Product_4,405.47,10,98.77,Food,4054.7000000000003,Wednesday,May
2024-05-23,Product_4,449.46,11,79.31,Food,4944.0599999999995,Thursday,May
2024-05-24,Product_4,424.6,10,68.58,Clothing,4246.0,Friday,May
2024-05-25,Product_4,445.14,11,22.73,Food,4896.54,Saturday,May
2024-05-26,Product_4,385.72,9,85.82,Books,3471.4800000000005,Sunday,May
2024-05-27,Product_4,385.75,9,82.38,Clothing,3471.75,Monday,May
2024-05-28,Product_4,367.12,9,62.89,Books,3304.08,Tuesday,May
2024-05-29,Product_4,387.85,9,81.09,Books,3490.65,Wednesday,May
2024-05-30,Product_4,369.89,9,39.36,Food,3329.0099999999998,Thursday,May
2024-05-31,Product_4,406.47,10,39.47,Toys,4064.7000000000003,Friday,May
2024-06-01,Product_4,394.56,9,87.44,Books,3551.04,Saturday,June
2024-06-02,Product_4,386.8,9,64.24,Food,3481.2000000000003,Sunday,June
2024-06-03,Product_4,402.81,10,39.59,Food,4028.1,Monday,June
2024-06-04,Product_4,397.97,9,89.06,Toys,3581.7300000000005,Tuesday,June
2024-06-05,Product_4,386.28,9,57.91,Books,3476.5199999999995,Wednesday,June
2024-06-06,Product_4,356.35,8,58.78,Clothing,2850.8,Thursday,June
2024-06-07,Product_4,408.3,10,64.73,Books,4083.0,Friday,June
2024-06-08,Product_4,352.27,8,66.34,Books,2818.16,Saturday,June
2024-06-09,Product_4,382.92,9,57.95,Food,3446.28,Sunday,June
2024-06-10,Product_4,341.42,8,72.16,Clothing,2731.36,Monday,June
2024-06-11,Product_4,338.08,8,57.76,Books,2704.64,Tuesday,June
2024-06-12,Product_4,406.72,10,70.19,Clothing,4067.2000000000003,Wednesday,June
2024-06-13,Product_4,404.76,10,25.33,Electronics,4047.6,Thursday,June
2024-06-14,Product_4,414.15,10,35.83,Food,4141.5,Friday,June
2024-06-15,Product_4,431.67,10,82.2,Electronics,4316.7,Saturday,June
2024-06-16,Product_4,419.76,10,81.84,Electronics,4197.6,Sunday,June
2024-06-17,Product_4,389.41,9,80.27,Food,3504.69,Monday,June
2024-06-18,Product_4,369.51,9,85.64,Electronics,3325.59,Tuesday,June
2024-06-19,Product_4,342.69,8,35.64,Electronics,2741.52,Wednesday,June
2024-06-20,Product_4,394.54,9,51.31,Food,3550.86,Thursday,June
2024-06-21,Product_4,374.63,9,24.58,Clothing,3371.67,Friday,June
2024-06-22,Product_4,368.14,9,84.87,Books,3313.2599999999998,Saturday,June
2024-06-23,Product_4,401.51,9,34.79,Books,3613.59,Sunday,June
2024-06-24,Product_4,336.19,8,61.66,Electronics,2689.52,Monday,June
2024-06-25,Product_4,367.45,9,95.99,Food,3307.0499999999997,Tuesday,June
2024-06-26,Product_4,372.44,9,45.32,Electronics,3351.96,Wednesday,June
2024-06-27,Product_4,401.59,9,45.23,Clothing,3614.31,Thursday,June
2024-06-28,Product_4,366.51,9,99.73,Toys,3298.59,Friday,June
2024-06-29,Product_4,416.29,10,77.43,Clothing,4162.900000000001,Saturday,June
2024-06-30,Product_4,386.3,9,58.9,Books,3476.7000000000003,Sunday,June
2024-07-01,Product_4,334.49,8,74.86,Clothing,2675.92,Monday,July
2024-07-02,Product_4,382.55,9,80.75,Clothing,3442.9500000000003,Tuesday,July
2024-07-03,Product_4,399.55,9,65.86,Toys,3595.9500000000003,Wednesday,July
2024-07-04,Product_4,373.66,9,50.02,Books,3362.94,Thursday,July
2024-07-05,Product_4,407.31,10,45.87,Electronics,4073.1,Friday,July
2024-07-06,Product_4,391.46,9,27.19,Toys,3523.14,Saturday,July
2024-07-07,Product_4,390.57,9,49.13,Toys,3515.13,Sunday,July
2024-07-08,Product_4,362.9,9,84.08,Toys,3266.1,Monday,July
2024-07-09,Product_4,367.71,9,76.41,Food,3309.39,Tuesday,July
2024-07-10,Product_4,400.27,9,55.42,Electronics,3602.43,Wednesday,July
2024-07-11,Product_4,378.63,9,89.0,Food,3407.67,Thursday,July
2024-07-12,Product_4,379.58,9,70.66,Books,3416.22,Friday,July
2024-07-13,Product_4,396.96,9,72.4,Toys,3572.64,Saturday,July
2024-07-14,Product_4,365.98,9,29.09,Clothing,3293.82,Sunday,July
2024-07-15,Product_4,343.77,8,69.29,Books,2750.16,Monday,July
2024-07-16,Product_4,398.35,9,67.28,Toys,3585.15,Tuesday,July
2024-07-17,Product_4,401.18,9,23.64,Clothing,3610.62,Wednesday,July
2024-07-18,Product_4,387.3,9,32.67,Books,3485.7000000000003,Thursday,July
2024-07-19,Product_4,356.63,8,25.98,Books,2853.04,Friday,July
2024-07-20,Product_4,404.7,10,49.27,Electronics,4047.0,Saturday,July
2024-07-21,Product_4,377.86,9,66.58,Toys,3400.7400000000002,Sunday,July
2024-07-22,Product_4,366.94,9,50.56,Clothing,3302.46,Monday,July
2024-07-23,Product_4,365.99,9,36.47,Food,3293.91,Tuesday,July
2024-07-24,Product_4,530.53,13,58.98,Toys,6896.889999999999,Wednesday,July
2024-07-25,Product_4,380.62,9,65.87,Electronics,3425.58,Thursday,July
2024-07-26,Product_4,409.4,10,52.64,Clothing,4094.0,Friday,July
2024-07-27,Product_4,385.31,9,20.15,Food,3467.79,Saturday,July
2024-07-28,Product_4,341.61,8,84.28,Toys,2732.88,Sunday,July
2024-07-29,Product_4,369.3,9,31.61,Electronics,3323.7000000000003,Monday,July
2024-07-30,Product_4,363.81,9,49.77,Books,3274.29,Tuesday,July
2024-07-31,Product_4,364.28,9,55.18,Toys,3278.5199999999995,Wednesday,July
2024-08-01,Product_4,406.17,10,60.96,Food,4061.7000000000003,Thursday,August
2024-08-02,Product_4,342.18,8,89.14,Clothing,2737.44,Friday,August
2024-08-03,Product_4,388.01,9,92.06,Clothing,3492.09,Saturday,August
2024-08-04,Product_4,397.13,9,55.13,Toys,3574.17,Sunday,August
2024-08-05,Product_4,356.63,8,36.11,Electronics,2853.04,Monday,August
2024-08-06,Product_4,291.28,7,37.66,Clothing,2038.9599999999998,Tuesday,August
2024-08-07,Product_4,420.25,10,68.13,Toys,4202.5,Wednesday,August
2024-08-08,Product_4,327.96,8,23.15,Electronics,2623.68,Thursday,August
2024-08-09,Product_4,332.42,8,66.09,Toys,2659.36,Friday,August
2024-08-10,Product_4,343.57,8,60.7,Books,2748.56,Saturday,August
2024-08-11,Product_4,347.15,8,96.94,Toys,2777.2,Sunday,August
2024-08-12,Product_4,295.34,7,36.15,Clothing,2067.3799999999997,Monday,August
2024-08-13,Product_4,349.64,8,50.2,Toys,2797.12,Tuesday,August
2024-08-14,Product_4,362.62,9,51.59,Food,3263.58,Wednesday,August
2024-08-15,Product_4,386.87,9,22.91,Electronics,3481.83,Thursday,August
2024-08-16,Product_4,341.92,8,53.7,Food,2735.36,Friday,August
2024-08-17,Product_4,351.32,8,33.06,Food,2810.56,Saturday,August
2024-08-18,Product_4,293.04,7,84.13,Food,2051.28,Sunday,August
2024-08-19,Product_4,361.27,8,36.45,Books,2890.16,Monday,August
2024-08-20,Product_4,322.15,7,49.53,Toys,2255.0499999999997,Tuesday,August
2024-08-21,Product_4,362.23,8,59.66,Books,2897.84,Wednesday,August
2024-08-22,Product_4,364.13,9,80.79,Food,3277.17,Thursday,August
2024-08-23,Product_4,374.26,9,95.45,Clothing,3368.34,Friday,August
2024-08-24,Product_4,382.92,9,98.44,Electronics,3446.28,Saturday,August
2024-08-25,Product_4,362.7,9,76.06,Electronics,3264.2999999999997,Sunday,August
2024-08-26,Product_4,316.71,7,81.89,Toys,2216.97,Monday,August
2024-08-27,Product_4,317.67,7,71.89,Toys,2223.69,Tuesday,August
2024-08-28,Product_4,388.94,9,66.12,Toys,3500.46,Wednesday,August
2024-08-29,Product_4,391.83,9,83.91,Books,3526.47,Thursday,August
2024-08-30,Product_4,331.24,8,21.31,Books,2649.92,Friday,August
2024-08-31,Product_4,379.6,9,78.99,Toys,3416.4,Saturday,August
2024-09-01,Product_4,347.87,8,25.47,Food,2782.96,Sunday,September
2024-09-02,Product_4,321.95,7,65.77,Books,2253.65,Monday,September
2024-09-03,Product_4,317.42,7,74.33,Toys,2221.94,Tuesday,September
2024-09-04,Product_4,300.13,7,65.8,Books,2100.91,Wednesday,September
2024-09-05,Product_4,387.1,9,28.99,Electronics,3483.9,Thursday,September
2024-09-06,Product_4,326.88,8,54.75,Clothing,2615.04,Friday,September
2024-09-07,Product_4,287.63,7,73.87,Toys,2013.4099999999999,Saturday,September
2024-09-08,Product_4,303.28,7,49.35,Books,2122.96,Sunday,September
2024-09-09,Product_4,308.33,7,77.36,Books,2158.31,Monday,September
2024-09-10,Product_4,324.88,8,34.05,Toys,2599.04,Tuesday,September
2024-09-11,Product_4,271.65,6,96.39,Books,1629.8999999999999,Wednesday,September
2024-09-12,Product_4,329.22,8,59.37,Food,2633.76,Thursday,September
2024-09-13,Product_4,370.01,9,30.73,Food,3330.09,Friday,September
2024-09-14,Product_4,321.37,7,64.73,Toys,2249.59,Saturday,September
2024-09-15,Product_4,321.1,7,43.47,Electronics,2247.7000000000003,Sunday,September
2024-09-16,Product_4,337.7,8,36.82,Toys,2701.6,Monday,September
2024-09-17,Product_4,321.12,7,95.27,Food,2247.84,Tuesday,September
2024-09-18,Product_4,404.72,10,67.18,Toys,4047.2000000000003,Wednesday,September
2024-09-19,Product_4,329.66,8,78.89,Clothing,2637.28,Thursday,September
2024-09-20,Product_4,387.01,9,39.56,Clothing,3483.09,Friday,September
2024-09-21,Product_4,360.92,8,24.7,Books,2887.36,Saturday,September
2024-09-22,Product_4,301.37,7,42.33,Clothing,2109.59,Sunday,September
2024-09-23,Product_4,305.81,7,52.85,Books,2140.67,Monday,September
2024-09-24,Product_4,331.87,8,91.7,Electronics,2654.96,Tuesday,September
2024-09-25,Product_4,333.28,8,43.4,Electronics,2666.24,Wednesday,September
2024-09-26,Product_4,400.09,9,67.58,Books,3600.81,Thursday,September
2024-09-27,Product_4,379.23,9,42.28,Food,3413.07,Friday,September
2024-09-28,Product_4,317.88,7,96.63,Toys,2225.16,Saturday,September
2024-09-29,Product_4,334.81,8,22.23,Electronics,2678.48,Sunday,September
2024-09-30,Product_4,319.03,7,41.32,Food,2233.21,Monday,September
2024-10-01,Product_4,356.23,8,32.46,Food,2849.84,Tuesday,October
2024-10-02,Product_4,342.46,8,80.74,Food,2739.68,Wednesday,October
2024-10-03,Product_4,365.29,9,25.59,Clothing,3287.61,Thursday,October
2024-10-04,Product_4,350.54,8,22.26,Toys,2804.32,Friday,October
2024-10-05,Product_4,280.51,6,83.71,Books,1683.06,Saturday,October
2024-10-06,Product_4,329.14,8,32.13,Clothing,2633.12,Sunday,October
2024-10-07,Product_4,285.21,7,62.13,Food,1996.4699999999998,Monday,October
2024-10-08,Product_4,357.81,8,86.92,Electronics,2862.48,Tuesday,October
2024-10-09,Product_4,323.03,8,33.76,Toys,2584.24,Wednesday,October
2024-10-10,Product_4,400.36,9,52.78,Electronics,3603.2400000000002,Thursday,October
2024-10-11,Product_4,347.94,8,85.24,Clothing,2783.52,Friday,October
2024-10-12,Product_4,359.33,8,33.45,Books,2874.64,Saturday,October
2024-10-13,Product_4,358.47,8,76.83,Electronics,2867.76,Sunday,October
2024-10-14,Product_4,301.35,7,96.65,Books,2109.4500000000003,Monday,October
2024-10-15,Product_4,292.79,7,71.07,Food,2049.53,Tuesday,October
2024-10-16,Product_4,343.54,8,44.23,Electronics,2748.32,Wednesday,October
2024-10-17,Product_4,348.68,8,35.52,Electronics,2789.44,Thursday,October
2024-10-18,Product_4,430.33,10,83.88,Books,4303.3,Friday,October
2024-10-19,Product_4,383.19,9,64.61,Food,3448.71,Saturday,October
2024-10-20,Product_4,326.15,8,46.49,Toys,2609.2,Sunday,October
2024-10-21,Product_4,301.51,7,52.9,Clothing,2110.5699999999997,Monday,October
2024-10-22,Product_4,311.3,7,31.58,Electronics,2179.1,Tuesday,October
2024-10-23,Product_4,325.22,8,83.49,Food,2601.76,Wednesday,October
2024-10-24,Product_4,349.28,8,25.0,Electronics,2794.24,Thursday,October
2024-10-25,Product_4,335.06,8,56.76,Clothing,2680.48,Friday,October
2024-10-26,Product_4,313.83,7,52.0,Clothing,2196.81,Saturday,October
2024-10-27,Product_4,330.67,8,63.45,Electronics,2645.36,Sunday,October
2024-10-28,Product_4,340.51,8,43.55,Food,2724.08,Monday,October
2024-10-29,Product_4,330.42,8,89.26,Electronics,2643.36,Tuesday,October
2024-10-30,Product_4,334.09,8,34.06,Food,2672.72,Wednesday,October
2024-10-31,Product_4,345.82,8,22.6,Toys,2766.56,Thursday,October
2024-11-01,Product_4,402.4,9,37.34,Toys,3621.6,Friday,November
2024-11-02,Product_4,363.74,9,42.03,Clothing,3273.66,Saturday,November
2024-11-03,Product_4,268.93,6,48.92,Food,1613.58,Sunday,November
2024-11-04,Product_4,297.62,7,23.91,Electronics,2083.34,Monday,November
2024-11-05,Product_4,300.11,7,40.92,Electronics,2100.77,Tuesday,November
2024-11-06,Product_4,338.71,8,29.97,Books,2709.68,Wednesday,November
2024-11-07,Product_4,384.41,9,77.61,Clothing,3459.69,Thursday,November
2024-11-08,Product_4,330.06,8,62.52,Electronics,2640.48,Friday,November
2024-11-09,Product_4,340.55,8,38.87,Electronics,2724.4,Saturday,November
2024-11-10,Product_4,376.41,9,62.92,Electronics,3387.69,Sunday,November
2024-11-11,Product_4,340.41,8,22.61,Books,2723.28,Monday,November
2024-11-12,Product_4,348.49,8,62.02,Electronics,2787.92,Tuesday,November
2024-11-13,Product_4,328.25,8,97.45,Clothing,2626.0,Wednesday,November
2024-11-14,Product_4,349.61,8,99.43,Electronics,2796.88,Thursday,November
2024-11-15,Product_4,342.28,8,65.59,Books,2738.24,Friday,November
2024-11-16,Product_4,368.79,9,63.44,Food,3319.11,Saturday,November
2024-11-17,Product_4,266.84,6,41.89,Books,1601.04,Sunday,November
2024-11-18,Product_4,337.29,8,90.86,Food,2698.32,Monday,November
2024-11-19,Product_4,325.52,8,68.74,Books,2604.16,Tuesday,November
2024-11-20,Product_4,357.94,8,51.35,Clothing,2863.52,Wednesday,November
2024-11-21,Product_4,412.38,10,77.44,Toys,4123.8,Thursday,November
2024-11-22,Product_4,346.13,8,94.2,Food,2769.04,Friday,November
2024-11-23,Product_4,369.14,9,54.4,Food,3322.2599999999998,Saturday,November
2024-11-24,Product_4,333.73,8,28.25,Toys,2669.84,Sunday,November
2024-11-25,Product_4,346.8,8,51.78,Food,2774.4,Monday,November
2024-11-26,Product_4,341.12,8,26.89,Clothing,2728.96,Tuesday,November
2024-11-27,Product_4,421.24,10,99.83,Food,4212.4,Wednesday,November
2024-11-28,Product_4,424.98,10,88.06,Food,4249.8,Thursday,November
2024-11-29,Product_4,366.13,9,23.98,Electronics,3295.17,Friday,November
2024-11-30,Product_4,384.84,9,29.11,Toys,3463.56,Saturday,November
2024-12-01,Product_4,297.69,7,39.45,Food,2083.83,Sunday,December
2024-12-02,Product_4,339.32,8,49.04,Electronics,2714.56,Monday,December
2024-12-03,Product_4,411.46,10,48.96,Books,4114.599999999999,Tuesday,December
2024-12-04,Product_4,402.79,10,61.97,Food,4027.9,Wednesday,December
2024-12-05,Product_4,399.42,9,24.66,Food,3594.78,Thursday,December
2024-12-06,Product_4,389.96,9,21.47,Electronics,3509.64,Friday,December
2024-12-07,Product_4,428.32,10,99.98,Toys,4283.2,Saturday,December
2024-12-08,Product_4,341.79,8,56.48,Electronics,2734.32,Sunday,December
2024-12-09,Product_4,369.06,9,49.4,Electronics,3321.54,Monday,December
2024-12-10,Product_4,365.71,9,44.5,Books,3291.39,Tuesday,December
2024-12-11,Product_4,388.9,9,86.46,Toys,3500.1,Wednesday,December
2024-12-12,Product_4,427.31,10,83.39,Food,4273.1,Thursday,December
2024-12-13,Product_4,423.82,10,96.71,Food,4238.2,Friday,December
2024-12-14,Product_4,393.76,9,69.65,Food,3543.84,Saturday,December
2024-12-15,Product_4,390.07,9,21.36,Books,3510.63,Sunday,December
2024-12-16,Product_4,349.09,8,93.52,Toys,2792.72,Monday,December
2024-12-17,Product_4,373.1,9,43.07,Food,3357.9,Tuesday,December
2024-12-18,Product_4,379.81,9,61.53,Electronics,3418.29,Wednesday,December
2024-12-19,Product_4,389.34,9,88.56,Food,3504.06,Thursday,December
2024-12-20,Product_4,398.34,9,95.78,Books,3585.06,Friday,December
2024-12-21,Product_4,406.99,10,20.64,Electronics,4069.9,Saturday,December
2024-12-22,Product_4,430.98,10,97.05,Clothing,4309.8,Sunday,December
2024-12-23,Product_4,371.21,9,76.7,Food,3340.89,Monday,December
2024-12-24,Product_4,359.79,8,29.29,Toys,2878.32,Tuesday,December
2024-12-25,Product_4,360.87,8,71.48,Food,2886.96,Wednesday,December
2024-12-26,Product_4,419.53,10,52.55,Toys,4195.299999999999,Thursday,December
2024-12-27,Product_4,440.59,10,39.1,Electronics,4405.9,Friday,December
2024-12-28,Product_4,396.19,9,87.1,Clothing,3565.71,Saturday,December
2024-12-29,Product_4,387.42,9,25.69,Food,3486.78,Sunday,December
2024-12-30,Product_4,360.43,8,98.77,Food,2883.44,Monday,December
2024-12-31,Product_4,347.67,8,86.84,Toys,2781.36,Tuesday,December
2020-01-01,Product_5,146.39,4,98.28,Clothing,585.56,Wednesday,January
2020-01-02,Product_5,152.14,4,21.62,Toys,608.56,Thursday,January
2020-01-03,Product_5,221.85,7,25.48,Electronics,1552.95,Friday,January
2020-01-04,Product_5,157.15,5,27.71,Toys,785.75,Saturday,January
2020-01-05,Product_5,183.46,5,36.02,Toys,917.3000000000001,Sunday,January
2020-01-06,Product_5,112.91,3,33.59,Toys,338.73,Monday,January
2020-01-07,Product_5,206.4,6,91.93,Clothing,1238.4,Tuesday,January
2020-01-08,Product_5,195.31,6,57.21,Food,1171.8600000000001,Wednesday,January
2020-01-09,Product_5,197.63,6,94.97,Books,1185.78,Thursday,January
2020-01-10,Product_5,240.16,7,49.25,Books,1681.12,Friday,January
2020-01-11,Product_5,190.44,6,45.25,Books,1142.6399999999999,Saturday,January
2020-01-12,Product_5,222.48,7,48.53,Food,1557.36,Sunday,January
2020-01-13,Product_5,123.31,3,84.15,Food,369.93,Monday,January
2020-01-14,Product_5,154.58,4,70.68,Toys,618.32,Tuesday,January
2020-01-15,Product_5,202.23,6,64.79,Books,1213.3799999999999,Wednesday,January
2020-01-16,Product_5,218.3,6,84.96,Clothing,1309.8000000000002,Thursday,January
2020-01-17,Product_5,245.48,7,92.87,Toys,1718.36,Friday,January
2020-01-18,Product_5,205.95,6,93.63,Books,1235.6999999999998,Saturday,January
2020-01-19,Product_5,173.93,5,36.06,Clothing,869.6500000000001,Sunday,January
2020-01-20,Product_5,169.19,5,62.11,Books,845.95,Monday,January
2020-01-21,Product_5,167.62,5,45.37,Electronics,838.1,Tuesday,January
2020-01-22,Product_5,199.11,6,81.4,Toys,1194.66,Wednesday,January
2020-01-23,Product_5,246.29,7,96.5,Clothing,1724.03,Thursday,January
2020-01-24,Product_5,190.59,6,51.24,Food,1143.54,Friday,January
2020-01-25,Product_5,221.1,7,27.06,Electronics,1547.7,Saturday,January
2020-01-26,Product_5,267.27,8,72.82,Books,2138.16,Sunday,January
2020-01-27,Product_5,227.3,7,88.74,Electronics,1591.1000000000001,Monday,January
2020-01-28,Product_5,191.45,6,52.98,Clothing,1148.6999999999998,Tuesday,January
2020-01-29,Product_5,222.71,7,47.73,Clothing,1558.97,Wednesday,January
2020-01-30,Product_5,211.12,6,29.46,Clothing,1266.72,Thursday,January
2020-01-31,Product_5,227.91,7,27.12,Toys,1595.37,Friday,January
2020-02-01,Product_5,169.21,5,58.48,Books,846.0500000000001,Saturday,February
2020-02-02,Product_5,184.52,5,29.19,Books,922.6,Sunday,February
2020-02-03,Product_5,194.52,6,55.72,Clothing,1167.1200000000001,Monday,February
2020-02-04,Product_5,141.87,4,29.01,Clothing,567.48,Tuesday,February
2020-02-05,Product_5,235.17,7,65.57,Books,1646.1899999999998,Wednesday,February
2020-02-06,Product_5,210.59,6,54.39,Toys,1263.54,Thursday,February
2020-02-07,Product_5,241.65,7,29.25,Food,1691.55,Friday,February
2020-02-08,Product_5,240.27,7,40.84,Electronics,1681.89,Saturday,February
2020-02-09,Product_5,260.21,8,97.12,Electronics,2081.68,Sunday,February
2020-02-10,Product_5,212.28,6,66.23,Toys,1273.68,Monday,February
2020-02-11,Product_5,164.43,5,31.53,Books,822.1500000000001,Tuesday,February
2020-02-12,Product_5,204.66,6,67.25,Food,1227.96,Wednesday,February
2020-02-13,Product_5,232.19,7,81.95,Clothing,1625.33,Thursday,February
2020-02-14,Product_5,213.13,6,83.87,Clothing,1278.78,Friday,February
2020-02-15,Product_5,243.6,7,81.58,Clothing,1705.2,Saturday,February
2020-02-16,Product_5,175.73,5,96.04,Clothing,878.65,Sunday,February
2020-02-17,Product_5,200.42,6,95.04,Electronics,1202.52,Monday,February
2020-02-18,Product_5,224.1,7,77.71,Toys,1568.7,Tuesday,February
2020-02-19,Product_5,206.25,6,44.42,Clothing,1237.5,Wednesday,February
2020-02-20,Product_5,196.53,6,71.0,Food,1179.18,Thursday,February
2020-02-21,Product_5,210.21,6,50.99,Books,1261.26,Friday,February
2020-02-22,Product_5,260.24,8,26.49,Toys,2081.92,Saturday,February
2020-02-23,Product_5,180.23,5,65.97,Clothing,901.15,Sunday,February
2020-02-24,Product_5,196.15,6,33.48,Books,1176.9,Monday,February
2020-02-25,Product_5,170.46,5,60.03,Electronics,852.3000000000001,Tuesday,February
2020-02-26,Product_5,210.61,6,60.2,Clothing,1263.66,Wednesday,February
2020-02-27,Product_5,211.18,6,87.29,Books,1267.08,Thursday,February
2020-02-28,Product_5,240.19,7,23.43,Books,1681.33,Friday,February
2020-02-29,Product_5,201.3,6,70.34,Clothing,1207.8000000000002,Saturday,February
2020-03-01,Product_5,257.77,8,64.2,Clothing,2062.16,Sunday,March
2020-03-02,Product_5,188.8,6,29.92,Food,1132.8000000000002,Monday,March
2020-03-03,Product_5,201.08,6,34.15,Books,1206.48,Tuesday,March
2020-03-04,Product_5,230.97,7,81.33,Food,1616.79,Wednesday,March
2020-03-05,Product_5,247.85,7,93.81,Books,1734.95,Thursday,March
2020-03-06,Product_5,270.85,8,91.47,Food,2166.8,Friday,March
2020-03-07,Product_5,243.43,7,97.69,Books,1704.01,Saturday,March
2020-03-08,Product_5,175.42,5,54.93,Food,877.0999999999999,Sunday,March
2020-03-09,Product_5,164.77,5,23.17,Toys,823.85,Monday,March
2020-03-10,Product_5,229.91,7,20.58,Clothing,1609.37,Tuesday,March
2020-03-11,Product_5,256.5,8,44.14,Electronics,2052.0,Wednesday,March
2020-03-12,Product_5,259.78,8,49.93,Food,2078.24,Thursday,March
2020-03-13,Product_5,252.33,8,30.91,Clothing,2018.64,Friday,March
2020-03-14,Product_5,246.37,7,28.38,Food,1724.5900000000001,Saturday,March
2020-03-15,Product_5,224.5,7,51.82,Food,1571.5,Sunday,March
2020-03-16,Product_5,221.82,7,77.15,Food,1552.74,Monday,March
2020-03-17,Product_5,236.31,7,87.27,Electronics,1654.17,Tuesday,March
2020-03-18,Product_5,185.99,5,81.62,Electronics,929.95,Wednesday,March
2020-03-19,Product_5,274.73,8,99.06,Toys,2197.84,Thursday,March
2020-03-20,Product_5,270.06,8,43.32,Food,2160.48,Friday,March
2020-03-21,Product_5,231.25,7,57.33,Electronics,1618.75,Saturday,March
2020-03-22,Product_5,196.57,6,79.4,Toys,1179.42,Sunday,March
2020-03-23,Product_5,208.71,6,84.36,Electronics,1252.26,Monday,March
2020-03-24,Product_5,243.02,7,62.79,Clothing,1701.14,Tuesday,March
2020-03-25,Product_5,249.24,7,89.13,Electronics,1744.68,Wednesday,March
2020-03-26,Product_5,264.74,8,51.99,Food,2117.92,Thursday,March
2020-03-27,Product_5,232.64,7,52.3,Clothing,1628.48,Friday,March
2020-03-28,Product_5,317.38,10,78.29,Toys,3173.8,Saturday,March
2020-03-29,Product_5,160.61,5,49.26,Toys,803.0500000000001,Sunday,March
2020-03-30,Product_5,194.56,6,56.16,Food,1167.3600000000001,Monday,March
2020-03-31,Product_5,238.52,7,27.84,Toys,1669.64,Tuesday,March
2020-04-01,Product_5,214.67,6,25.18,Clothing,1288.02,Wednesday,April
2020-04-02,Product_5,251.84,8,68.77,Toys,2014.72,Thursday,April
2020-04-03,Product_5,259.1,8,84.45,Books,2072.8,Friday,April
2020-04-04,Product_5,237.4,7,29.32,Books,1661.8,Saturday,April
2020-04-05,Product_5,268.5,8,25.67,Electronics,2148.0,Sunday,April
2020-04-06,Product_5,202.77,6,54.0,Electronics,1216.6200000000001,Monday,April
2020-04-07,Product_5,267.14,8,63.76,Clothing,2137.12,Tuesday,April
2020-04-08,Product_5,230.25,7,31.13,Electronics,1611.75,Wednesday,April
2020-04-09,Product_5,262.98,8,34.03,Food,2103.84,Thursday,April
2020-04-10,Product_5,301.24,9,31.89,Books,2711.16,Friday,April
2020-04-11,Product_5,205.91,6,91.57,Toys,1235.46,Saturday,April
2020-04-12,Product_5,189.89,6,26.49,Books,1139.34,Sunday,April
2020-04-13,Product_5,184.13,5,68.02,Clothing,920.65,Monday,April
2020-04-14,Product_5,244.57,7,52.34,Clothing,1711.99,Tuesday,April
2020-04-15,Product_5,204.74,6,22.73,Electronics,1228.44,Wednesday,April
2020-04-16,Product_5,275.9,8,35.88,Books,2207.2,Thursday,April
2020-04-17,Product_5,247.61,7,38.61,Electronics,1733.27,Friday,April
2020-04-18,Product_5,230.14,7,49.89,Food,1610.98,Saturday,April
2020-04-19,Product_5,241.28,7,55.83,Food,1688.96,Sunday,April
2020-04-20,Product_5,222.44,7,43.91,Food,1557.08,Monday,April
2020-04-21,Product_5,254.8,8,75.82,Clothing,2038.4,Tuesday,April
2020-04-22,Product_5,249.3,7,29.02,Electronics,1745.1000000000001,Wednesday,April
2020-04-23,Product_5,259.72,8,95.91,Electronics,2077.76,Thursday,April
2020-04-24,Product_5,247.15,7,83.69,Books,1730.05,Friday,April
2020-04-25,Product_5,243.24,7,81.59,Electronics,1702.68,Saturday,April
2020-04-26,Product_5,280.65,8,57.25,Toys,2245.2,Sunday,April
2020-04-27,Product_5,149.63,4,84.62,Electronics,598.52,Monday,April
2020-04-28,Product_5,243.85,7,45.71,Books,1706.95,Tuesday,April
2020-04-29,Product_5,213.98,6,54.02,Books,1283.8799999999999,Wednesday,April
2020-04-30,Product_5,267.22,8,75.79,Clothing,2137.76,Thursday,April
2020-05-01,Product_5,231.88,7,41.88,Clothing,1623.1599999999999,Friday,May
2020-05-02,Product_5,222.91,7,84.59,Toys,1560.37,Saturday,May
2020-05-03,Product_5,221.31,7,53.9,Food,1549.17,Sunday,May
2020-05-04,Product_5,203.32,6,28.41,Books,1219.92,Monday,May
2020-05-05,Product_5,231.15,7,37.33,Food,1618.05,Tuesday,May
2020-05-06,Product_5,222.17,7,35.93,Toys,1555.1899999999998,Wednesday,May
2020-05-07,Product_5,250.41,8,55.27,Electronics,2003.28,Thursday,May
2020-05-08,Product_5,230.55,7,72.78,Electronics,1613.8500000000001,Friday,May
2020-05-09,Product_5,262.15,8,69.67,Books,2097.2,Saturday,May
2020-05-10,Product_5,259.95,8,94.29,Toys,2079.6,Sunday,May
2020-05-11,Product_5,184.68,5,90.11,Toys,923.4000000000001,Monday,May
2020-05-12,Product_5,344.54,11,45.79,Clothing,3789.94,Tuesday,May
2020-05-13,Product_5,238.33,7,90.62,Electronics,1668.3100000000002,Wednesday,May
2020-05-14,Product_5,246.46,7,83.73,Toys,1725.22,Thursday,May
2020-05-15,Product_5,262.4,8,26.36,Clothing,2099.2,Friday,May
2020-05-16,Product_5,184.14,5,70.62,Electronics,920.6999999999999,Saturday,May
2020-05-17,Product_5,304.61,9,62.16,Toys,2741.4900000000002,Sunday,May
2020-05-18,Product_5,204.38,6,66.93,Clothing,1226.28,Monday,May
2020-05-19,Product_5,206.74,6,38.9,Books,1240.44,Tuesday,May
2020-05-20,Product_5,239.19,7,23.45,Electronics,1674.33,Wednesday,May
2020-05-21,Product_5,269.97,8,61.61,Books,2159.76,Thursday,May
2020-05-22,Product_5,267.7,8,29.38,Clothing,2141.6,Friday,May
2020-05-23,Product_5,245.12,7,50.23,Clothing,1715.8400000000001,Saturday,May
2020-05-24,Product_5,173.4,5,46.53,Clothing,867.0,Sunday,May
2020-05-25,Product_5,194.26,6,81.05,Books,1165.56,Monday,May
2020-05-26,Product_5,161.28,5,97.56,Food,806.4,Tuesday,May
2020-05-27,Product_5,211.74,6,47.04,Toys,1270.44,Wednesday,May
2020-05-28,Product_5,226.57,7,43.94,Toys,1585.99,Thursday,May
2020-05-29,Product_5,214.52,6,87.3,Electronics,1287.1200000000001,Friday,May
2020-05-30,Product_5,251.1,8,57.07,Toys,2008.8,Saturday,May
2020-05-31,Product_5,153.0,4,93.44,Toys,612.0,Sunday,May
2020-06-01,Product_5,224.56,7,75.78,Books,1571.92,Monday,June
2020-06-02,Product_5,154.28,4,91.96,Electronics,617.12,Tuesday,June
2020-06-03,Product_5,210.82,6,26.97,Books,1264.92,Wednesday,June
2020-06-04,Product_5,221.91,7,36.03,Electronics,1553.37,Thursday,June
2020-06-05,Product_5,220.39,7,75.34,Clothing,1542.73,Friday,June
2020-06-06,Product_5,251.48,8,52.62,Toys,2011.84,Saturday,June
2020-06-07,Product_5,207.54,6,79.76,Electronics,1245.24,Sunday,June
2020-06-08,Product_5,255.56,8,93.36,Books,2044.48,Monday,June
2020-06-09,Product_5,182.44,5,41.89,Food,912.2,Tuesday,June
2020-06-10,Product_5,250.85,8,93.05,Books,2006.8,Wednesday,June
2020-06-11,Product_5,220.68,7,60.48,Toys,1544.76,Thursday,June
2020-06-12,Product_5,240.92,7,43.27,Electronics,1686.4399999999998,Friday,June
2020-06-13,Product_5,224.45,7,72.76,Clothing,1571.1499999999999,Saturday,June
2020-06-14,Product_5,213.77,6,57.73,Food,1282.6200000000001,Sunday,June
2020-06-15,Product_5,165.16,5,54.03,Clothing,825.8,Monday,June
2020-06-16,Product_5,218.42,7,37.84,Clothing,1528.9399999999998,Tuesday,June
2020-06-17,Product_5,237.21,7,92.57,Electronics,1660.47,Wednesday,June
2020-06-18,Product_5,203.09,6,57.41,Food,1218.54,Thursday,June
2020-06-19,Product_5,266.89,8,79.97,Food,2135.12,Friday,June
2020-06-20,Product_5,197.86,6,25.33,Food,1187.16,Saturday,June
2020-06-21,Product_5,238.45,7,22.4,Clothing,1669.1499999999999,Sunday,June
2020-06-22,Product_5,177.4,5,29.72,Books,887.0,Monday,June
2020-06-23,Product_5,136.41,4,32.97,Food,545.64,Tuesday,June
2020-06-24,Product_5,181.8,5,76.83,Food,909.0,Wednesday,June
2020-06-25,Product_5,194.88,6,79.68,Electronics,1169.28,Thursday,June
2020-06-26,Product_5,221.98,7,55.54,Electronics,1553.86,Friday,June
2020-06-27,Product_5,197.27,6,64.35,Electronics,1183.6200000000001,Saturday,June
2020-06-28,Product_5,198.75,6,47.99,Toys,1192.5,Sunday,June
2020-06-29,Product_5,155.31,4,83.06,Books,621.24,Monday,June
2020-06-30,Product_5,212.98,6,55.61,Clothing,1277.8799999999999,Tuesday,June
2020-07-01,Product_5,233.59,7,55.98,Electronics,1635.13,Wednesday,July
2020-07-02,Product_5,197.73,6,23.49,Food,1186.3799999999999,Thursday,July
2020-07-03,Product_5,238.37,7,78.92,Books,1668.5900000000001,Friday,July
2020-07-04,Product_5,180.41,5,24.74,Clothing,902.05,Saturday,July
2020-07-05,Product_5,167.15,5,60.91,Toys,835.75,Sunday,July
2020-07-06,Product_5,278.67,8,73.42,Toys,2229.36,Monday,July
2020-07-07,Product_5,171.69,5,35.0,Books,858.45,Tuesday,July
2020-07-08,Product_5,174.1,5,49.18,Electronics,870.5,Wednesday,July
2020-07-09,Product_5,242.37,7,35.14,Clothing,1696.5900000000001,Thursday,July
2020-07-10,Product_5,248.09,7,27.58,Clothing,1736.63,Friday,July
2020-07-11,Product_5,243.28,7,94.98,Toys,1702.96,Saturday,July
2020-07-12,Product_5,158.18,5,78.34,Food,790.9000000000001,Sunday,July
2020-07-13,Product_5,138.98,4,40.73,Toys,555.92,Monday,July
2020-07-14,Product_5,223.73,7,27.77,Books,1566.11,Tuesday,July
2020-07-15,Product_5,156.67,5,73.69,Food,783.3499999999999,Wednesday,July
2020-07-16,Product_5,223.8,7,49.53,Electronics,1566.6000000000001,Thursday,July
2020-07-17,Product_5,201.57,6,26.45,Clothing,1209.42,Friday,July
2020-07-18,Product_5,203.3,6,71.56,Food,1219.8000000000002,Saturday,July
2020-07-19,Product_5,178.9,5,76.32,Clothing,894.5,Sunday,July
2020-07-20,Product_5,211.74,6,22.63,Food,1270.44,Monday,July
2020-07-21,Product_5,165.41,5,63.12,Clothing,827.05,Tuesday,July
2020-07-22,Product_5,161.58,5,56.14,Electronics,807.9000000000001,Wednesday,July
2020-07-23,Product_5,197.5,6,28.64,Clothing,1185.0,Thursday,July
2020-07-24,Product_5,177.18,5,91.26,Toys,885.9000000000001,Friday,July
2020-07-25,Product_5,207.74,6,50.47,Books,1246.44,Saturday,July
2020-07-26,Product_5,111.44,3,70.08,Clothing,334.32,Sunday,July
2020-07-27,Product_5,188.52,6,64.97,Toys,1131.1200000000001,Monday,July
2020-07-28,Product_5,184.67,5,21.94,Toys,923.3499999999999,Tuesday,July
2020-07-29,Product_5,176.81,5,53.71,Food,884.05,Wednesday,July
2020-07-30,Product_5,176.95,5,91.38,Electronics,884.75,Thursday,July
2020-07-31,Product_5,187.73,6,94.02,Clothing,1126.3799999999999,Friday,July
2020-08-01,Product_5,207.9,6,31.95,Food,1247.4,Saturday,August
2020-08-02,Product_5,146.74,4,66.66,Electronics,586.96,Sunday,August
2020-08-03,Product_5,73.4,2,99.63,Books,146.8,Monday,August
2020-08-04,Product_5,156.38,5,47.14,Toys,781.9,Tuesday,August
2020-08-05,Product_5,127.77,4,26.97,Books,511.08,Wednesday,August
2020-08-06,Product_5,174.85,5,87.0,Electronics,874.25,Thursday,August
2020-08-07,Product_5,244.52,7,23.76,Food,1711.64,Friday,August
2020-08-08,Product_5,162.94,5,55.37,Clothing,814.7,Saturday,August
2020-08-09,Product_5,87.3,2,56.42,Toys,174.6,Sunday,August
2020-08-10,Product_5,141.36,4,47.01,Books,565.44,Monday,August
2020-08-11,Product_5,140.43,4,52.02,Electronics,561.72,Tuesday,August
2020-08-12,Product_5,155.65,4,53.75,Electronics,622.6,Wednesday,August
2020-08-13,Product_5,153.38,4,99.65,Electronics,613.52,Thursday,August
2020-08-14,Product_5,197.09,6,58.52,Food,1182.54,Friday,August
2020-08-15,Product_5,177.67,5,24.01,Books,888.3499999999999,Saturday,August
2020-08-16,Product_5,98.31,3,55.61,Books,294.93,Sunday,August
2020-08-17,Product_5,144.22,4,30.49,Electronics,576.88,Monday,August
2020-08-18,Product_5,176.22,5,48.85,Food,881.1,Tuesday,August
2020-08-19,Product_5,162.37,5,69.49,Electronics,811.85,Wednesday,August
2020-08-20,Product_5,163.03,5,73.91,Books,815.15,Thursday,August
2020-08-21,Product_5,206.6,6,94.77,Food,1239.6,Friday,August
2020-08-22,Product_5,183.31,5,50.29,Books,916.55,Saturday,August
2020-08-23,Product_5,131.44,4,23.87,Food,525.76,Sunday,August
2020-08-24,Product_5,117.86,3,58.44,Toys,353.58,Monday,August
2020-08-25,Product_5,128.7,4,54.02,Electronics,514.8,Tuesday,August
2020-08-26,Product_5,167.29,5,51.51,Clothing,836.4499999999999,Wednesday,August
2020-08-27,Product_5,159.09,5,96.39,Clothing,795.45,Thursday,August
2020-08-28,Product_5,202.16,6,83.54,Clothing,1212.96,Friday,August
2020-08-29,Product_5,143.45,4,55.97,Clothing,573.8,Saturday,August
2020-08-30,Product_5,119.28,3,73.53,Food,357.84000000000003,Sunday,August
2020-08-31,Product_5,179.15,5,71.25,Toys,895.75,Monday,August
2020-09-01,Product_5,110.83,3,56.34,Books,332.49,Tuesday,September
2020-09-02,Product_5,175.76,5,79.83,Electronics,878.8,Wednesday,September
2020-09-03,Product_5,148.53,4,36.2,Clothing,594.12,Thursday,September
2020-09-04,Product_5,172.25,5,61.06,Clothing,861.25,Friday,September
2020-09-05,Product_5,231.74,7,21.37,Clothing,1622.18,Saturday,September
2020-09-06,Product_5,120.97,3,41.03,Books,362.90999999999997,Sunday,September
2020-09-07,Product_5,169.33,5,58.54,Clothing,846.6500000000001,Monday,September
2020-09-08,Product_5,142.05,4,51.89,Books,568.2,Tuesday,September
2020-09-09,Product_5,122.65,3,99.36,Toys,367.95000000000005,Wednesday,September
2020-09-10,Product_5,183.6,5,80.69,Books,918.0,Thursday,September
2020-09-11,Product_5,111.98,3,62.87,Books,335.94,Friday,September
2020-09-12,Product_5,169.79,5,90.94,Books,848.9499999999999,Saturday,September
2020-09-13,Product_5,132.83,4,62.77,Books,531.32,Sunday,September
2020-09-14,Product_5,90.93,2,45.28,Toys,181.86,Monday,September
2020-09-15,Product_5,99.69,3,64.16,Books,299.07,Tuesday,September
2020-09-16,Product_5,155.24,4,20.82,Food,620.96,Wednesday,September
2020-09-17,Product_5,178.03,5,77.52,Clothing,890.15,Thursday,September
2020-09-18,Product_5,159.17,5,97.03,Toys,795.8499999999999,Friday,September
2020-09-19,Product_5,128.17,4,86.28,Food,512.68,Saturday,September
2020-09-20,Product_5,149.62,4,85.68,Food,598.48,Sunday,September
2020-09-21,Product_5,114.2,3,75.73,Books,342.6,Monday,September
2020-09-22,Product_5,114.42,3,24.19,Electronics,343.26,Tuesday,September
2020-09-23,Product_5,195.8,6,92.46,Food,1174.8000000000002,Wednesday,September
2020-09-24,Product_5,158.74,5,97.22,Electronics,793.7,Thursday,September
2020-09-25,Product_5,180.05,5,73.22,Books,900.25,Friday,September
2020-09-26,Product_5,144.94,4,24.83,Clothing,579.76,Saturday,September
2020-09-27,Product_5,142.62,4,89.61,Toys,570.48,Sunday,September
2020-09-28,Product_5,142.69,4,42.2,Books,570.76,Monday,September
2020-09-29,Product_5,130.16,4,41.17,Electronics,520.64,Tuesday,September
2020-09-30,Product_5,185.47,5,77.72,Electronics,927.35,Wednesday,September
2020-10-01,Product_5,190.2,6,86.38,Toys,1141.1999999999998,Thursday,October
2020-10-02,Product_5,127.55,4,60.67,Clothing,510.2,Friday,October
2020-10-03,Product_5,167.5,5,40.03,Food,837.5,Saturday,October
2020-10-04,Product_5,95.66,3,90.27,Toys,286.98,Sunday,October
2020-10-05,Product_5,203.93,6,80.85,Toys,1223.58,Monday,October
2020-10-06,Product_5,117.52,3,87.2,Books,352.56,Tuesday,October
2020-10-07,Product_5,126.56,4,51.81,Food,506.24,Wednesday,October
2020-10-08,Product_5,119.76,3,87.46,Books,359.28000000000003,Thursday,October
2020-10-09,Product_5,133.4,4,48.54,Toys,533.6,Friday,October
2020-10-10,Product_5,123.4,3,81.51,Toys,370.20000000000005,Saturday,October
2020-10-11,Product_5,117.79,3,37.66,Toys,353.37,Sunday,October
2020-10-12,Product_5,164.38,5,98.86,Food,821.9,Monday,October
2020-10-13,Product_5,124.36,3,53.13,Books,373.08,Tuesday,October
2020-10-14,Product_5,162.2,5,92.32,Electronics,811.0,Wednesday,October
2020-10-15,Product_5,152.82,4,34.28,Toys,611.28,Thursday,October
2020-10-16,Product_5,141.92,4,51.21,Toys,567.68,Friday,October
2020-10-17,Product_5,122.91,3,60.22,Clothing,368.73,Saturday,October
2020-10-18,Product_5,152.25,4,41.24,Electronics,609.0,Sunday,October
2020-10-19,Product_5,144.54,4,28.06,Clothing,578.16,Monday,October
2020-10-20,Product_5,147.52,4,40.71,Toys,590.08,Tuesday,October
2020-10-21,Product_5,106.82,3,54.43,Books,320.46,Wednesday,October
2020-10-22,Product_5,136.92,4,84.81,Books,547.68,Thursday,October
2020-10-23,Product_5,167.2,5,68.81,Toys,836.0,Friday,October
2020-10-24,Product_5,125.97,4,31.62,Books,503.88,Saturday,October
2020-10-25,Product_5,149.11,4,74.11,Electronics,596.44,Sunday,October
2020-10-26,Product_5,125.76,4,92.82,Electronics,503.04,Monday,October
2020-10-27,Product_5,138.41,4,31.36,Toys,553.64,Tuesday,October
2020-10-28,Product_5,172.29,5,70.4,Electronics,861.4499999999999,Wednesday,October
2020-10-29,Product_5,186.8,5,78.25,Food,934.0,Thursday,October
2020-10-30,Product_5,136.13,4,69.27,Electronics,544.52,Friday,October
2020-10-31,Product_5,172.36,5,24.17,Food,861.8000000000001,Saturday,October
2020-11-01,Product_5,80.43,2,78.17,Toys,160.86,Sunday,November
2020-11-02,Product_5,170.15,5,73.05,Clothing,850.75,Monday,November
2020-11-03,Product_5,125.43,4,31.99,Toys,501.72,Tuesday,November
2020-11-04,Product_5,105.86,3,85.66,Electronics,317.58,Wednesday,November
2020-11-05,Product_5,144.46,4,50.61,Clothing,577.84,Thursday,November
2020-11-06,Product_5,152.0,4,91.33,Clothing,608.0,Friday,November
2020-11-07,Product_5,175.49,5,61.92,Clothing,877.45,Saturday,November
2020-11-08,Product_5,146.28,4,87.42,Food,585.12,Sunday,November
2020-11-09,Product_5,141.46,4,47.13,Electronics,565.84,Monday,November
2020-11-10,Product_5,79.8,2,57.82,Clothing,159.6,Tuesday,November
2020-11-11,Product_5,180.35,5,73.87,Books,901.75,Wednesday,November
2020-11-12,Product_5,180.24,5,77.16,Books,901.2,Thursday,November
2020-11-13,Product_5,133.68,4,39.3,Toys,534.72,Friday,November
2020-11-14,Product_5,216.96,6,88.64,Toys,1301.76,Saturday,November
2020-11-15,Product_5,168.47,5,40.34,Food,842.35,Sunday,November
2020-11-16,Product_5,155.09,4,55.27,Food,620.36,Monday,November
2020-11-17,Product_5,180.85,5,25.87,Food,904.25,Tuesday,November
2020-11-18,Product_5,199.28,6,77.72,Food,1195.68,Wednesday,November
2020-11-19,Product_5,179.49,5,44.36,Books,897.45,Thursday,November
2020-11-20,Product_5,225.11,7,49.13,Toys,1575.77,Friday,November
2020-11-21,Product_5,216.21,6,76.33,Clothing,1297.26,Saturday,November
2020-11-22,Product_5,169.38,5,86.48,Clothing,846.9,Sunday,November
2020-11-23,Product_5,132.58,4,82.14,Books,530.32,Monday,November
2020-11-24,Product_5,86.96,2,74.01,Clothing,173.92,Tuesday,November
2020-11-25,Product_5,209.56,6,87.4,Electronics,1257.3600000000001,Wednesday,November
2020-11-26,Product_5,136.43,4,88.55,Food,545.72,Thursday,November
2020-11-27,Product_5,173.26,5,72.93,Food,866.3,Friday,November
2020-11-28,Product_5,175.91,5,50.23,Electronics,879.55,Saturday,November
2020-11-29,Product_5,123.08,3,20.2,Toys,369.24,Sunday,November
2020-11-30,Product_5,149.43,4,43.45,Food,597.72,Monday,November
2020-12-01,Product_5,162.03,5,75.24,Food,810.15,Tuesday,December
2020-12-02,Product_5,172.78,5,27.47,Food,863.9,Wednesday,December
2020-12-03,Product_5,208.17,6,22.46,Toys,1249.02,Thursday,December
2020-12-04,Product_5,158.0,5,47.99,Electronics,790.0,Friday,December
2020-12-05,Product_5,209.92,6,89.41,Food,1259.52,Saturday,December
2020-12-06,Product_5,104.68,3,87.37,Electronics,314.04,Sunday,December
2020-12-07,Product_5,209.63,6,46.26,Food,1257.78,Monday,December
2020-12-08,Product_5,136.03,4,91.74,Food,544.12,Tuesday,December
2020-12-09,Product_5,178.48,5,78.48,Clothing,892.4,Wednesday,December
2020-12-10,Product_5,233.83,7,89.7,Electronics,1636.8100000000002,Thursday,December
2020-12-11,Product_5,214.22,6,88.42,Toys,1285.32,Friday,December
2020-12-12,Product_5,200.74,6,83.24,Books,1204.44,Saturday,December
2020-12-13,Product_5,196.65,6,77.8,Books,1179.9,Sunday,December
2020-12-14,Product_5,170.33,5,76.29,Books,851.6500000000001,Monday,December
2020-12-15,Product_5,149.51,4,64.85,Clothing,598.04,Tuesday,December
2020-12-16,Product_5,204.55,6,95.96,Toys,1227.3000000000002,Wednesday,December
2020-12-17,Product_5,178.06,5,36.89,Clothing,890.3,Thursday,December
2020-12-18,Product_5,242.59,7,36.92,Toys,1698.13,Friday,December
2020-12-19,Product_5,170.74,5,85.81,Toys,853.7,Saturday,December
2020-12-20,Product_5,171.94,5,38.16,Books,859.7,Sunday,December
2020-12-21,Product_5,148.22,4,30.27,Toys,592.88,Monday,December
2020-12-22,Product_5,165.79,5,23.42,Clothing,828.9499999999999,Tuesday,December
2020-12-23,Product_5,192.27,6,60.73,Clothing,1153.6200000000001,Wednesday,December
2020-12-24,Product_5,134.8,4,39.51,Toys,539.2,Thursday,December
2020-12-25,Product_5,183.36,5,40.74,Toys,916.8000000000001,Friday,December
2020-12-26,Product_5,274.41,8,56.76,Food,2195.28,Saturday,December
2020-12-27,Product_5,146.97,4,53.31,Electronics,587.88,Sunday,December
2020-12-28,Product_5,207.59,6,68.08,Toys,1245.54,Monday,December
2020-12-29,Product_5,180.28,5,55.78,Clothing,901.4,Tuesday,December
2020-12-30,Product_5,227.69,7,41.66,Books,1593.83,Wednesday,December
2020-12-31,Product_5,241.1,7,70.06,Clothing,1687.7,Thursday,December
2021-01-01,Product_5,195.89,6,94.79,Toys,1175.34,Friday,January
2021-01-02,Product_5,166.52,5,52.02,Food,832.6,Saturday,January
2021-01-03,Product_5,188.98,6,88.64,Electronics,1133.8799999999999,Sunday,January
2021-01-04,Product_5,142.17,4,50.21,Toys,568.68,Monday,January
2021-01-05,Product_5,134.13,4,91.42,Clothing,536.52,Tuesday,January
2021-01-06,Product_5,228.16,7,65.34,Food,1597.12,Wednesday,January
2021-01-07,Product_5,235.49,7,36.59,Books,1648.43,Thursday,January
2021-01-08,Product_5,234.84,7,70.44,Clothing,1643.88,Friday,January
2021-01-09,Product_5,243.37,7,42.43,Books,1703.5900000000001,Saturday,January
2021-01-10,Product_5,246.76,7,58.68,Food,1727.32,Sunday,January
2021-01-11,Product_5,191.5,6,73.09,Electronics,1149.0,Monday,January
2021-01-12,Product_5,192.84,6,83.24,Toys,1157.04,Tuesday,January
2021-01-13,Product_5,216.44,6,67.55,Toys,1298.6399999999999,Wednesday,January
2021-01-14,Product_5,198.71,6,65.55,Clothing,1192.26,Thursday,January
2021-01-15,Product_5,280.31,8,60.7,Clothing,2242.48,Friday,January
2021-01-16,Product_5,236.39,7,67.13,Food,1654.73,Saturday,January
2021-01-17,Product_5,279.21,8,36.3,Books,2233.68,Sunday,January
2021-01-18,Product_5,170.13,5,86.26,Books,850.65,Monday,January
2021-01-19,Product_5,234.99,7,89.24,Toys,1644.93,Tuesday,January
2021-01-20,Product_5,247.47,7,23.65,Toys,1732.29,Wednesday,January
2021-01-21,Product_5,163.4,5,22.0,Toys,817.0,Thursday,January
2021-01-22,Product_5,141.55,4,55.31,Food,566.2,Friday,January
2021-01-23,Product_5,318.91,10,42.44,Books,3189.1000000000004,Saturday,January
2021-01-24,Product_5,206.22,6,48.47,Electronics,1237.32,Sunday,January
2021-01-25,Product_5,234.67,7,76.19,Clothing,1642.6899999999998,Monday,January
2021-01-26,Product_5,243.3,7,68.09,Food,1703.1000000000001,Tuesday,January
2021-01-27,Product_5,281.07,9,77.19,Clothing,2529.63,Wednesday,January
2021-01-28,Product_5,182.38,5,63.22,Toys,911.9,Thursday,January
2021-01-29,Product_5,300.53,9,22.34,Clothing,2704.7699999999995,Friday,January
2021-01-30,Product_5,256.84,8,56.02,Clothing,2054.72,Saturday,January
2021-01-31,Product_5,174.59,5,27.41,Food,872.95,Sunday,January
2021-02-01,Product_5,204.53,6,21.08,Toys,1227.18,Monday,February
2021-02-02,Product_5,221.36,7,56.21,Toys,1549.52,Tuesday,February
2021-02-03,Product_5,279.96,8,45.34,Toys,2239.68,Wednesday,February
2021-02-04,Product_5,180.46,5,59.73,Food,902.3000000000001,Thursday,February
2021-02-05,Product_5,273.87,8,40.34,Books,2190.96,Friday,February
2021-02-06,Product_5,198.66,6,50.2,Books,1191.96,Saturday,February
2021-02-07,Product_5,266.5,8,79.31,Toys,2132.0,Sunday,February
2021-02-08,Product_5,234.2,7,81.97,Books,1639.3999999999999,Monday,February
2021-02-09,Product_5,236.24,7,89.52,Electronics,1653.68,Tuesday,February
2021-02-10,Product_5,260.57,8,87.85,Food,2084.56,Wednesday,February
2021-02-11,Product_5,302.64,9,47.14,Books,2723.7599999999998,Thursday,February
2021-02-12,Product_5,266.85,8,23.68,Toys,2134.8,Friday,February
2021-02-13,Product_5,235.87,7,77.18,Electronics,1651.0900000000001,Saturday,February
2021-02-14,Product_5,199.13,6,49.08,Books,1194.78,Sunday,February
2021-02-15,Product_5,258.74,8,98.19,Toys,2069.92,Monday,February
2021-02-16,Product_5,221.92,7,72.52,Electronics,1553.4399999999998,Tuesday,February
2021-02-17,Product_5,245.77,7,94.84,Electronics,1720.39,Wednesday,February
2021-02-18,Product_5,286.48,9,28.94,Books,2578.32,Thursday,February
2021-02-19,Product_5,279.9,8,97.25,Books,2239.2,Friday,February
2021-02-20,Product_5,292.34,9,46.17,Toys,2631.06,Saturday,February
2021-02-21,Product_5,218.03,6,63.87,Toys,1308.18,Sunday,February
2021-02-22,Product_5,219.09,7,58.78,Toys,1533.63,Monday,February
2021-02-23,Product_5,213.62,6,89.99,Toys,1281.72,Tuesday,February
2021-02-24,Product_5,261.39,8,53.19,Clothing,2091.12,Wednesday,February
2021-02-25,Product_5,284.21,9,20.06,Clothing,2557.89,Thursday,February
2021-02-26,Product_5,277.42,8,22.63,Electronics,2219.36,Friday,February
2021-02-27,Product_5,291.91,9,21.23,Electronics,2627.19,Saturday,February
2021-02-28,Product_5,219.79,7,78.14,Electronics,1538.53,Sunday,February
2021-03-01,Product_5,187.38,6,43.66,Toys,1124.28,Monday,March
2021-03-02,Product_5,271.65,8,42.11,Electronics,2173.2,Tuesday,March
2021-03-03,Product_5,245.9,7,50.38,Food,1721.3,Wednesday,March
2021-03-04,Product_5,264.05,8,46.21,Books,2112.4,Thursday,March
2021-03-05,Product_5,311.34,9,41.09,Clothing,2802.06,Friday,March
2021-03-06,Product_5,269.13,8,58.83,Electronics,2153.04,Saturday,March
2021-03-07,Product_5,267.36,8,54.33,Food,2138.88,Sunday,March
2021-03-08,Product_5,213.59,6,100.0,Toys,1281.54,Monday,March
2021-03-09,Product_5,240.98,7,80.22,Books,1686.86,Tuesday,March
2021-03-10,Product_5,317.19,10,36.6,Electronics,3171.9,Wednesday,March
2021-03-11,Product_5,251.22,8,66.28,Toys,2009.76,Thursday,March
2021-03-12,Product_5,278.71,8,41.27,Food,2229.68,Friday,March
2021-03-13,Product_5,247.29,7,95.36,Toys,1731.03,Saturday,March
2021-03-14,Product_5,240.29,7,63.51,Books,1682.03,Sunday,March
2021-03-15,Product_5,179.34,5,59.78,Clothing,896.7,Monday,March
2021-03-16,Product_5,230.97,7,63.15,Electronics,1616.79,Tuesday,March
2021-03-17,Product_5,316.65,10,84.76,Food,3166.5,Wednesday,March
2021-03-18,Product_5,278.87,8,90.71,Electronics,2230.96,Thursday,March
2021-03-19,Product_5,246.94,7,53.24,Food,1728.58,Friday,March
2021-03-20,Product_5,268.05,8,27.15,Toys,2144.4,Saturday,March
2021-03-21,Product_5,283.44,9,56.09,Toys,2550.96,Sunday,March
2021-03-22,Product_5,252.94,8,50.08,Electronics,2023.52,Monday,March
2021-03-23,Product_5,248.43,7,78.42,Toys,1739.01,Tuesday,March
2021-03-24,Product_5,245.07,7,24.12,Electronics,1715.49,Wednesday,March
2021-03-25,Product_5,293.11,9,55.93,Toys,2637.9900000000002,Thursday,March
2021-03-26,Product_5,252.89,8,48.9,Clothing,2023.12,Friday,March
2021-03-27,Product_5,294.13,9,20.8,Food,2647.17,Saturday,March
2021-03-28,Product_5,281.06,9,61.71,Books,2529.54,Sunday,March
2021-03-29,Product_5,241.19,7,74.61,Toys,1688.33,Monday,March
2021-03-30,Product_5,190.92,6,96.75,Books,1145.52,Tuesday,March
2021-03-31,Product_5,240.6,7,34.61,Electronics,1684.2,Wednesday,March
2021-04-01,Product_5,232.11,7,89.28,Toys,1624.77,Thursday,April
2021-04-02,Product_5,303.52,9,27.08,Food,2731.68,Friday,April
2021-04-03,Product_5,267.3,8,25.37,Books,2138.4,Saturday,April
2021-04-04,Product_5,236.23,7,56.31,Electronics,1653.61,Sunday,April
2021-04-05,Product_5,211.4,6,81.15,Toys,1268.4,Monday,April
2021-04-06,Product_5,213.95,6,52.98,Clothing,1283.6999999999998,Tuesday,April
2021-04-07,Product_5,257.74,8,50.62,Clothing,2061.92,Wednesday,April
2021-04-08,Product_5,241.89,7,51.49,Electronics,1693.23,Thursday,April
2021-04-09,Product_5,308.99,9,96.12,Food,2780.91,Friday,April
2021-04-10,Product_5,269.01,8,60.52,Clothing,2152.08,Saturday,April
2021-04-11,Product_5,189.15,6,32.69,Food,1134.9,Sunday,April
2021-04-12,Product_5,255.77,8,42.19,Clothing,2046.16,Monday,April
2021-04-13,Product_5,219.9,7,61.47,Clothing,1539.3,Tuesday,April
2021-04-14,Product_5,249.03,7,53.9,Toys,1743.21,Wednesday,April
2021-04-15,Product_5,251.27,8,44.57,Clothing,2010.16,Thursday,April
2021-04-16,Product_5,265.02,8,66.44,Clothing,2120.16,Friday,April
2021-04-17,Product_5,210.76,6,64.71,Electronics,1264.56,Saturday,April
2021-04-18,Product_5,222.05,7,41.34,Books,1554.3500000000001,Sunday,April
2021-04-19,Product_5,190.33,6,59.64,Food,1141.98,Monday,April
2021-04-20,Product_5,229.71,7,99.35,Books,1607.97,Tuesday,April
2021-04-21,Product_5,229.47,7,21.92,Clothing,1606.29,Wednesday,April
2021-04-22,Product_5,214.54,6,87.27,Clothing,1287.24,Thursday,April
2021-04-23,Product_5,211.78,6,58.2,Clothing,1270.68,Friday,April
2021-04-24,Product_5,236.0,7,81.66,Food,1652.0,Saturday,April
2021-04-25,Product_5,249.42,7,44.93,Food,1745.9399999999998,Sunday,April
2021-04-26,Product_5,228.6,7,64.68,Toys,1600.2,Monday,April
2021-04-27,Product_5,182.07,5,45.88,Food,910.3499999999999,Tuesday,April
2021-04-28,Product_5,269.16,8,85.74,Electronics,2153.28,Wednesday,April
2021-04-29,Product_5,237.82,7,59.63,Clothing,1664.74,Thursday,April
2021-04-30,Product_5,302.86,9,73.45,Electronics,2725.7400000000002,Friday,April
2021-05-01,Product_5,241.17,7,87.75,Food,1688.1899999999998,Saturday,May
2021-05-02,Product_5,176.05,5,71.51,Food,880.25,Sunday,May
2021-05-03,Product_5,285.21,9,63.78,Food,2566.89,Monday,May
2021-05-04,Product_5,231.78,7,53.55,Electronics,1622.46,Tuesday,May
2021-05-05,Product_5,205.02,6,95.25,Electronics,1230.1200000000001,Wednesday,May
2021-05-06,Product_5,275.16,8,37.26,Books,2201.28,Thursday,May
2021-05-07,Product_5,290.24,9,83.53,Books,2612.16,Friday,May
2021-05-08,Product_5,246.97,7,35.12,Food,1728.79,Saturday,May
2021-05-09,Product_5,217.75,6,92.01,Toys,1306.5,Sunday,May
2021-05-10,Product_5,261.61,8,49.17,Electronics,2092.88,Monday,May
2021-05-11,Product_5,181.8,5,30.15,Clothing,909.0,Tuesday,May
2021-05-12,Product_5,241.55,7,32.18,Electronics,1690.8500000000001,Wednesday,May
2021-05-13,Product_5,244.24,7,67.85,Electronics,1709.68,Thursday,May
2021-05-14,Product_5,242.52,7,30.12,Food,1697.64,Friday,May
2021-05-15,Product_5,277.29,8,71.22,Electronics,2218.32,Saturday,May
2021-05-16,Product_5,270.67,8,90.84,Books,2165.36,Sunday,May
2021-05-17,Product_5,265.48,8,48.99,Clothing,2123.84,Monday,May
2021-05-18,Product_5,220.21,7,74.42,Clothing,1541.47,Tuesday,May
2021-05-19,Product_5,220.03,7,30.85,Food,1540.21,Wednesday,May
2021-05-20,Product_5,248.01,7,56.08,Electronics,1736.07,Thursday,May
2021-05-21,Product_5,210.67,6,91.02,Electronics,1264.02,Friday,May
2021-05-22,Product_5,231.25,7,73.59,Books,1618.75,Saturday,May
2021-05-23,Product_5,243.21,7,80.88,Electronics,1702.47,Sunday,May
2021-05-24,Product_5,207.65,6,62.51,Toys,1245.9,Monday,May
2021-05-25,Product_5,213.16,6,66.63,Toys,1278.96,Tuesday,May
2021-05-26,Product_5,185.8,5,96.96,Toys,929.0,Wednesday,May
2021-05-27,Product_5,399.58,12,99.14,Electronics,4794.96,Thursday,May
2021-05-28,Product_5,258.6,8,28.37,Toys,2068.8,Friday,May
2021-05-29,Product_5,227.42,7,51.4,Books,1591.9399999999998,Saturday,May
2021-05-30,Product_5,209.38,6,84.87,Clothing,1256.28,Sunday,May
2021-05-31,Product_5,158.59,5,94.78,Food,792.95,Monday,May
2021-06-01,Product_5,235.26,7,41.63,Clothing,1646.82,Tuesday,June
2021-06-02,Product_5,135.28,4,38.75,Toys,541.12,Wednesday,June
2021-06-03,Product_5,249.54,7,58.84,Clothing,1746.78,Thursday,June
2021-06-04,Product_5,306.66,9,99.77,Clothing,2759.94,Friday,June
2021-06-05,Product_5,254.22,8,48.37,Toys,2033.76,Saturday,June
2021-06-06,Product_5,202.18,6,27.6,Toys,1213.08,Sunday,June
2021-06-07,Product_5,190.3,6,91.62,Food,1141.8000000000002,Monday,June
2021-06-08,Product_5,181.85,5,61.48,Food,909.25,Tuesday,June
2021-06-09,Product_5,210.56,6,65.59,Books,1263.3600000000001,Wednesday,June
2021-06-10,Product_5,251.6,8,53.35,Clothing,2012.8,Thursday,June
2021-06-11,Product_5,260.3,8,97.0,Books,2082.4,Friday,June
2021-06-12,Product_5,278.81,8,59.99,Food,2230.48,Saturday,June
2021-06-13,Product_5,192.29,6,98.73,Food,1153.74,Sunday,June
2021-06-14,Product_5,195.37,6,39.97,Clothing,1172.22,Monday,June
2021-06-15,Product_5,178.93,5,42.31,Books,894.6500000000001,Tuesday,June
2021-06-16,Product_5,222.41,7,32.12,Toys,1556.87,Wednesday,June
2021-06-17,Product_5,199.73,6,38.55,Clothing,1198.3799999999999,Thursday,June
2021-06-18,Product_5,234.16,7,60.04,Books,1639.12,Friday,June
2021-06-19,Product_5,234.26,7,58.39,Books,1639.82,Saturday,June
2021-06-20,Product_5,155.57,4,93.33,Electronics,622.28,Sunday,June
2021-06-21,Product_5,170.11,5,35.96,Toys,850.5500000000001,Monday,June
2021-06-22,Product_5,187.22,6,37.19,Toys,1123.32,Tuesday,June
2021-06-23,Product_5,222.95,7,44.14,Electronics,1560.6499999999999,Wednesday,June
2021-06-24,Product_5,311.48,9,74.56,Electronics,2803.32,Thursday,June
2021-06-25,Product_5,290.02,9,61.56,Toys,2610.18,Friday,June
2021-06-26,Product_5,222.71,7,68.68,Food,1558.97,Saturday,June
2021-06-27,Product_5,161.74,5,78.82,Food,808.7,Sunday,June
2021-06-28,Product_5,192.25,6,94.0,Toys,1153.5,Monday,June
2021-06-29,Product_5,183.65,5,59.59,Toys,918.25,Tuesday,June
2021-06-30,Product_5,240.69,7,35.32,Food,1684.83,Wednesday,June
2021-07-01,Product_5,237.21,7,72.05,Clothing,1660.47,Thursday,July
2021-07-02,Product_5,246.14,7,68.49,Toys,1722.98,Friday,July
2021-07-03,Product_5,193.11,6,57.62,Books,1158.66,Saturday,July
2021-07-04,Product_5,181.04,5,48.59,Electronics,905.1999999999999,Sunday,July
2021-07-05,Product_5,162.83,5,38.34,Food,814.1500000000001,Monday,July
2021-07-06,Product_5,198.0,6,66.49,Food,1188.0,Tuesday,July
2021-07-07,Product_5,179.41,5,58.05,Food,897.05,Wednesday,July
2021-07-08,Product_5,202.3,6,25.64,Electronics,1213.8000000000002,Thursday,July
2021-07-09,Product_5,230.91,7,74.74,Electronics,1616.37,Friday,July
2021-07-10,Product_5,189.03,6,93.4,Toys,1134.18,Saturday,July
2021-07-11,Product_5,221.14,7,25.12,Clothing,1547.98,Sunday,July
2021-07-12,Product_5,163.59,5,94.99,Toys,817.95,Monday,July
2021-07-13,Product_5,212.04,6,89.05,Clothing,1272.24,Tuesday,July
2021-07-14,Product_5,212.61,6,47.0,Books,1275.66,Wednesday,July
2021-07-15,Product_5,255.42,8,47.37,Toys,2043.36,Thursday,July
2021-07-16,Product_5,223.15,7,60.44,Books,1562.05,Friday,July
2021-07-17,Product_5,208.94,6,98.19,Electronics,1253.6399999999999,Saturday,July
2021-07-18,Product_5,159.39,5,73.75,Books,796.9499999999999,Sunday,July
2021-07-19,Product_5,156.74,5,82.47,Electronics,783.7,Monday,July
2021-07-20,Product_5,131.84,4,62.25,Clothing,527.36,Tuesday,July
2021-07-21,Product_5,141.13,4,79.04,Clothing,564.52,Wednesday,July
2021-07-22,Product_5,231.85,7,93.66,Books,1622.95,Thursday,July
2021-07-23,Product_5,200.58,6,76.64,Books,1203.48,Friday,July
2021-07-24,Product_5,203.48,6,85.28,Food,1220.8799999999999,Saturday,July
2021-07-25,Product_5,210.03,6,75.43,Clothing,1260.18,Sunday,July
2021-07-26,Product_5,173.58,5,54.3,Clothing,867.9000000000001,Monday,July
2021-07-27,Product_5,94.14,3,82.77,Clothing,282.42,Tuesday,July
2021-07-28,Product_5,224.7,7,81.93,Books,1572.8999999999999,Wednesday,July
2021-07-29,Product_5,157.8,5,52.31,Clothing,789.0,Thursday,July
2021-07-30,Product_5,192.16,6,39.16,Toys,1152.96,Friday,July
2021-07-31,Product_5,188.49,6,73.98,Clothing,1130.94,Saturday,July
2021-08-01,Product_5,200.7,6,40.04,Food,1204.1999999999998,Sunday,August
2021-08-02,Product_5,258.41,8,62.54,Toys,2067.28,Monday,August
2021-08-03,Product_5,180.24,5,41.87,Books,901.2,Tuesday,August
2021-08-04,Product_5,174.43,5,41.15,Toys,872.1500000000001,Wednesday,August
2021-08-05,Product_5,174.09,5,35.46,Food,870.45,Thursday,August
2021-08-06,Product_5,217.96,6,62.67,Books,1307.76,Friday,August
2021-08-07,Product_5,190.6,6,46.26,Food,1143.6,Saturday,August
2021-08-08,Product_5,194.07,6,22.62,Electronics,1164.42,Sunday,August
2021-08-09,Product_5,208.08,6,98.29,Food,1248.48,Monday,August
2021-08-10,Product_5,177.37,5,22.86,Clothing,886.85,Tuesday,August
2021-08-11,Product_5,166.84,5,21.52,Clothing,834.2,Wednesday,August
2021-08-12,Product_5,218.59,7,64.49,Electronics,1530.13,Thursday,August
2021-08-13,Product_5,175.67,5,32.54,Toys,878.3499999999999,Friday,August
2021-08-14,Product_5,175.78,5,59.45,Toys,878.9,Saturday,August
2021-08-15,Product_5,201.85,6,30.21,Electronics,1211.1,Sunday,August
2021-08-16,Product_5,149.36,4,49.33,Food,597.44,Monday,August
2021-08-17,Product_5,172.07,5,50.34,Books,860.3499999999999,Tuesday,August
2021-08-18,Product_5,142.34,4,84.13,Electronics,569.36,Wednesday,August
2021-08-19,Product_5,228.01,7,72.03,Food,1596.07,Thursday,August
2021-08-20,Product_5,215.4,6,27.74,Toys,1292.4,Friday,August
2021-08-21,Product_5,171.78,5,41.6,Food,858.9,Saturday,August
2021-08-22,Product_5,130.59,4,31.0,Books,522.36,Sunday,August
2021-08-23,Product_5,182.45,5,40.93,Electronics,912.25,Monday,August
2021-08-24,Product_5,187.42,6,51.44,Clothing,1124.52,Tuesday,August
2021-08-25,Product_5,170.06,5,90.99,Books,850.3,Wednesday,August
2021-08-26,Product_5,186.74,5,21.52,Books,933.7,Thursday,August
2021-08-27,Product_5,185.25,5,99.83,Electronics,926.25,Friday,August
2021-08-28,Product_5,209.12,6,54.16,Food,1254.72,Saturday,August
2021-08-29,Product_5,168.08,5,75.89,Food,840.4000000000001,Sunday,August
2021-08-30,Product_5,172.64,5,64.08,Electronics,863.1999999999999,Monday,August
2021-08-31,Product_5,133.43,4,51.88,Toys,533.72,Tuesday,August
2021-09-01,Product_5,170.3,5,98.08,Books,851.5,Wednesday,September
2021-09-02,Product_5,195.23,6,41.24,Food,1171.3799999999999,Thursday,September
2021-09-03,Product_5,168.13,5,47.58,Books,840.65,Friday,September
2021-09-04,Product_5,192.87,6,59.76,Electronics,1157.22,Saturday,September
2021-09-05,Product_5,143.99,4,48.4,Food,575.96,Sunday,September
2021-09-06,Product_5,107.82,3,31.19,Books,323.46,Monday,September
2021-09-07,Product_5,141.89,4,22.07,Electronics,567.56,Tuesday,September
2021-09-08,Product_5,161.64,5,83.61,Books,808.1999999999999,Wednesday,September
2021-09-09,Product_5,131.21,4,47.43,Clothing,524.84,Thursday,September
2021-09-10,Product_5,158.23,5,50.18,Books,791.15,Friday,September
2021-09-11,Product_5,136.44,4,53.18,Electronics,545.76,Saturday,September
2021-09-12,Product_5,187.9,6,62.02,Books,1127.4,Sunday,September
2021-09-13,Product_5,112.26,3,97.51,Electronics,336.78000000000003,Monday,September
2021-09-14,Product_5,162.01,5,52.24,Food,810.05,Tuesday,September
2021-09-15,Product_5,192.62,6,50.16,Food,1155.72,Wednesday,September
2021-09-16,Product_5,157.72,5,75.49,Toys,788.6,Thursday,September
2021-09-17,Product_5,142.78,4,64.72,Clothing,571.12,Friday,September
2021-09-18,Product_5,148.08,4,58.14,Toys,592.32,Saturday,September
2021-09-19,Product_5,146.84,4,56.89,Electronics,587.36,Sunday,September
2021-09-20,Product_5,163.17,5,23.27,Books,815.8499999999999,Monday,September
2021-09-21,Product_5,131.64,4,23.84,Books,526.56,Tuesday,September
2021-09-22,Product_5,153.82,4,28.93,Toys,615.28,Wednesday,September
2021-09-23,Product_5,157.18,5,46.4,Books,785.9000000000001,Thursday,September
2021-09-24,Product_5,180.13,5,56.84,Toys,900.65,Friday,September
2021-09-25,Product_5,208.64,6,28.93,Books,1251.84,Saturday,September
2021-09-26,Product_5,150.74,4,32.29,Food,602.96,Sunday,September
2021-09-27,Product_5,175.0,5,35.02,Clothing,875.0,Monday,September
2021-09-28,Product_5,141.27,4,43.08,Toys,565.08,Tuesday,September
2021-09-29,Product_5,111.94,3,40.46,Clothing,335.82,Wednesday,September
2021-09-30,Product_5,199.33,6,31.23,Books,1195.98,Thursday,September
2021-10-01,Product_5,156.08,5,21.3,Food,780.4000000000001,Friday,October
2021-10-02,Product_5,159.43,5,89.95,Toys,797.1500000000001,Saturday,October
2021-10-03,Product_5,201.72,6,81.83,Food,1210.32,Sunday,October
2021-10-04,Product_5,165.23,5,86.66,Toys,826.15,Monday,October
2021-10-05,Product_5,137.93,4,92.6,Food,551.72,Tuesday,October
2021-10-06,Product_5,208.23,6,70.97,Clothing,1249.3799999999999,Wednesday,October
2021-10-07,Product_5,208.67,6,24.41,Food,1252.02,Thursday,October
2021-10-08,Product_5,175.31,5,75.49,Books,876.55,Friday,October
2021-10-09,Product_5,159.73,5,59.92,Food,798.65,Saturday,October
2021-10-10,Product_5,177.86,5,53.04,Food,889.3000000000001,Sunday,October
2021-10-11,Product_5,166.49,5,88.17,Toys,832.45,Monday,October
2021-10-12,Product_5,124.73,3,71.57,Food,374.19,Tuesday,October
2021-10-13,Product_5,155.11,4,44.97,Electronics,620.44,Wednesday,October
2021-10-14,Product_5,179.58,5,32.39,Food,897.9000000000001,Thursday,October
2021-10-15,Product_5,126.26,4,23.55,Books,505.04,Friday,October
2021-10-16,Product_5,180.7,5,49.48,Books,903.5,Saturday,October
2021-10-17,Product_5,139.57,4,45.92,Toys,558.28,Sunday,October
2021-10-18,Product_5,160.99,5,33.36,Electronics,804.95,Monday,October
2021-10-19,Product_5,74.73,2,49.08,Toys,149.46,Tuesday,October
2021-10-20,Product_5,206.44,6,63.0,Toys,1238.6399999999999,Wednesday,October
2021-10-21,Product_5,129.57,4,95.54,Books,518.28,Thursday,October
2021-10-22,Product_5,253.52,8,31.68,Food,2028.16,Friday,October
2021-10-23,Product_5,157.85,5,67.29,Food,789.25,Saturday,October
2021-10-24,Product_5,159.24,5,21.97,Clothing,796.2,Sunday,October
2021-10-25,Product_5,131.75,4,46.32,Books,527.0,Monday,October
2021-10-26,Product_5,111.46,3,69.58,Toys,334.38,Tuesday,October
2021-10-27,Product_5,176.0,5,37.54,Food,880.0,Wednesday,October
2021-10-28,Product_5,203.7,6,72.48,Electronics,1222.1999999999998,Thursday,October
2021-10-29,Product_5,211.0,6,53.08,Toys,1266.0,Friday,October
2021-10-30,Product_5,190.7,6,23.66,Toys,1144.1999999999998,Saturday,October
2021-10-31,Product_5,135.56,4,83.76,Books,542.24,Sunday,October
2021-11-01,Product_5,166.51,5,83.66,Books,832.55,Monday,November
2021-11-02,Product_5,175.43,5,37.79,Food,877.1500000000001,Tuesday,November
2021-11-03,Product_5,136.2,4,51.05,Electronics,544.8,Wednesday,November
2021-11-04,Product_5,161.81,5,78.5,Books,809.05,Thursday,November
2021-11-05,Product_5,143.13,4,78.56,Books,572.52,Friday,November
2021-11-06,Product_5,212.07,6,34.82,Food,1272.42,Saturday,November
2021-11-07,Product_5,132.82,4,21.32,Clothing,531.28,Sunday,November
2021-11-08,Product_5,145.75,4,73.24,Electronics,583.0,Monday,November
2021-11-09,Product_5,169.69,5,69.6,Food,848.45,Tuesday,November
2021-11-10,Product_5,201.67,6,60.73,Toys,1210.02,Wednesday,November
2021-11-11,Product_5,197.55,6,40.36,Toys,1185.3000000000002,Thursday,November
2021-11-12,Product_5,165.93,5,90.93,Clothing,829.6500000000001,Friday,November
2021-11-13,Product_5,137.41,4,93.59,Electronics,549.64,Saturday,November
2021-11-14,Product_5,138.89,4,72.57,Clothing,555.56,Sunday,November
2021-11-15,Product_5,166.84,5,60.84,Electronics,834.2,Monday,November
2021-11-16,Product_5,185.6,5,32.33,Toys,928.0,Tuesday,November
2021-11-17,Product_5,174.9,5,25.81,Clothing,874.5,Wednesday,November
2021-11-18,Product_5,225.78,7,60.76,Books,1580.46,Thursday,November
2021-11-19,Product_5,240.31,7,25.71,Electronics,1682.17,Friday,November
2021-11-20,Product_5,182.54,5,27.0,Toys,912.6999999999999,Saturday,November
2021-11-21,Product_5,194.86,6,60.66,Food,1169.16,Sunday,November
2021-11-22,Product_5,162.58,5,78.49,Books,812.9000000000001,Monday,November
2021-11-23,Product_5,156.11,5,96.81,Books,780.5500000000001,Tuesday,November
2021-11-24,Product_5,223.48,7,47.77,Toys,1564.36,Wednesday,November
2021-11-25,Product_5,218.44,7,78.52,Books,1529.08,Thursday,November
2021-11-26,Product_5,271.44,8,84.08,Food,2171.52,Friday,November
2021-11-27,Product_5,223.39,7,82.6,Books,1563.73,Saturday,November
2021-11-28,Product_5,201.13,6,94.2,Books,1206.78,Sunday,November
2021-11-29,Product_5,192.72,6,96.42,Books,1156.32,Monday,November
2021-11-30,Product_5,203.02,6,54.29,Books,1218.1200000000001,Tuesday,November
2021-12-01,Product_5,187.8,6,53.85,Clothing,1126.8000000000002,Wednesday,December
2021-12-02,Product_5,149.28,4,83.06,Toys,597.12,Thursday,December
2021-12-03,Product_5,207.07,6,46.31,Clothing,1242.42,Friday,December
2021-12-04,Product_5,189.4,6,32.85,Electronics,1136.4,Saturday,December
2021-12-05,Product_5,177.54,5,62.03,Electronics,887.6999999999999,Sunday,December
2021-12-06,Product_5,177.06,5,40.59,Toys,885.3,Monday,December
2021-12-07,Product_5,171.86,5,97.42,Books,859.3000000000001,Tuesday,December
2021-12-08,Product_5,194.01,6,29.57,Electronics,1164.06,Wednesday,December
2021-12-09,Product_5,225.22,7,98.68,Electronics,1576.54,Thursday,December
2021-12-10,Product_5,199.38,6,65.0,Food,1196.28,Friday,December
2021-12-11,Product_5,214.82,6,98.16,Books,1288.92,Saturday,December
2021-12-12,Product_5,248.94,7,25.16,Clothing,1742.58,Sunday,December
2021-12-13,Product_5,144.18,4,97.15,Clothing,576.72,Monday,December
2021-12-14,Product_5,222.01,7,96.39,Electronics,1554.07,Tuesday,December
2021-12-15,Product_5,239.75,7,21.68,Food,1678.25,Wednesday,December
2021-12-16,Product_5,233.95,7,46.22,Toys,1637.6499999999999,Thursday,December
2021-12-17,Product_5,237.51,7,30.21,Clothing,1662.57,Friday,December
2021-12-18,Product_5,281.01,9,88.83,Toys,2529.09,Saturday,December
2021-12-19,Product_5,198.02,6,38.26,Books,1188.1200000000001,Sunday,December
2021-12-20,Product_5,167.1,5,98.16,Food,835.5,Monday,December
2021-12-21,Product_5,229.28,7,25.9,Books,1604.96,Tuesday,December
2021-12-22,Product_5,179.24,5,51.76,Clothing,896.2,Wednesday,December
2021-12-23,Product_5,239.86,7,30.69,Books,1679.02,Thursday,December
2021-12-24,Product_5,188.31,6,30.99,Clothing,1129.8600000000001,Friday,December
2021-12-25,Product_5,178.1,5,82.84,Food,890.5,Saturday,December
2021-12-26,Product_5,223.7,7,65.7,Clothing,1565.8999999999999,Sunday,December
2021-12-27,Product_5,180.37,5,21.09,Electronics,901.85,Monday,December
2021-12-28,Product_5,210.04,6,53.3,Books,1260.24,Tuesday,December
2021-12-29,Product_5,273.97,8,23.16,Food,2191.76,Wednesday,December
2021-12-30,Product_5,211.03,6,61.95,Books,1266.18,Thursday,December
2021-12-31,Product_5,212.5,6,24.01,Books,1275.0,Friday,December
2022-01-01,Product_5,193.85,6,85.66,Food,1163.1,Saturday,January
2022-01-02,Product_5,249.15,7,80.76,Toys,1744.05,Sunday,January
2022-01-03,Product_5,225.12,7,80.53,Toys,1575.8400000000001,Monday,January
2022-01-04,Product_5,136.7,4,38.68,Electronics,546.8,Tuesday,January
2022-01-05,Product_5,231.18,7,80.72,Books,1618.26,Wednesday,January
2022-01-06,Product_5,199.56,6,50.56,Books,1197.3600000000001,Thursday,January
2022-01-07,Product_5,297.72,9,81.39,Food,2679.4800000000005,Friday,January
2022-01-08,Product_5,213.37,6,93.47,Clothing,1280.22,Saturday,January
2022-01-09,Product_5,236.61,7,77.74,Books,1656.27,Sunday,January
2022-01-10,Product_5,171.78,5,56.83,Toys,858.9,Monday,January
2022-01-11,Product_5,191.41,6,40.03,Electronics,1148.46,Tuesday,January
2022-01-12,Product_5,194.5,6,98.36,Toys,1167.0,Wednesday,January
2022-01-13,Product_5,206.48,6,76.81,Clothing,1238.8799999999999,Thursday,January
2022-01-14,Product_5,239.91,7,55.62,Electronics,1679.37,Friday,January
2022-01-15,Product_5,231.39,7,26.08,Toys,1619.73,Saturday,January
2022-01-16,Product_5,231.17,7,65.36,Electronics,1618.1899999999998,Sunday,January
2022-01-17,Product_5,204.2,6,51.71,Clothing,1225.1999999999998,Monday,January
2022-01-18,Product_5,190.95,6,43.74,Toys,1145.6999999999998,Tuesday,January
2022-01-19,Product_5,199.68,6,89.0,Books,1198.08,Wednesday,January
2022-01-20,Product_5,239.24,7,94.26,Food,1674.68,Thursday,January
2022-01-21,Product_5,261.38,8,20.21,Books,2091.04,Friday,January
2022-01-22,Product_5,211.94,6,63.12,Electronics,1271.6399999999999,Saturday,January
2022-01-23,Product_5,245.72,7,37.74,Clothing,1720.04,Sunday,January
2022-01-24,Product_5,200.92,6,43.64,Toys,1205.52,Monday,January
2022-01-25,Product_5,180.21,5,92.69,Books,901.0500000000001,Tuesday,January
2022-01-26,Product_5,263.09,8,33.21,Toys,2104.72,Wednesday,January
2022-01-27,Product_5,215.91,6,75.8,Books,1295.46,Thursday,January
2022-01-28,Product_5,340.07,10,50.39,Food,3400.7,Friday,January
2022-01-29,Product_5,281.19,9,64.39,Toys,2530.71,Saturday,January
2022-01-30,Product_5,217.0,6,84.8,Toys,1302.0,Sunday,January
2022-01-31,Product_5,202.38,6,66.56,Clothing,1214.28,Monday,January
2022-02-01,Product_5,265.75,8,92.26,Clothing,2126.0,Tuesday,February
2022-02-02,Product_5,218.89,7,56.99,Electronics,1532.23,Wednesday,February
2022-02-03,Product_5,252.15,8,58.71,Food,2017.2,Thursday,February
2022-02-04,Product_5,246.08,7,45.55,Food,1722.5600000000002,Friday,February
2022-02-05,Product_5,205.72,6,86.3,Clothing,1234.32,Saturday,February
2022-02-06,Product_5,212.41,6,74.88,Books,1274.46,Sunday,February
2022-02-07,Product_5,233.66,7,99.62,Clothing,1635.62,Monday,February
2022-02-08,Product_5,164.54,5,63.27,Food,822.6999999999999,Tuesday,February
2022-02-09,Product_5,211.61,6,27.91,Books,1269.66,Wednesday,February
2022-02-10,Product_5,244.63,7,84.21,Electronics,1712.4099999999999,Thursday,February
2022-02-11,Product_5,282.66,9,99.86,Food,2543.94,Friday,February
2022-02-12,Product_5,309.23,9,72.3,Electronics,2783.07,Saturday,February
2022-02-13,Product_5,189.01,6,42.45,Food,1134.06,Sunday,February
2022-02-14,Product_5,222.98,7,36.15,Food,1560.86,Monday,February
2022-02-15,Product_5,178.33,5,40.98,Toys,891.6500000000001,Tuesday,February
2022-02-16,Product_5,231.57,7,26.18,Books,1620.99,Wednesday,February
2022-02-17,Product_5,218.38,7,47.18,Toys,1528.6599999999999,Thursday,February
2022-02-18,Product_5,279.94,8,35.77,Books,2239.52,Friday,February
2022-02-19,Product_5,308.86,9,56.11,Food,2779.7400000000002,Saturday,February
2022-02-20,Product_5,221.95,7,42.46,Food,1553.6499999999999,Sunday,February
2022-02-21,Product_5,240.45,7,59.72,Books,1683.1499999999999,Monday,February
2022-02-22,Product_5,244.39,7,75.63,Electronics,1710.73,Tuesday,February
2022-02-23,Product_5,290.18,9,41.49,Food,2611.62,Wednesday,February
2022-02-24,Product_5,259.01,8,21.41,Toys,2072.08,Thursday,February
2022-02-25,Product_5,288.46,9,80.6,Books,2596.14,Friday,February
2022-02-26,Product_5,260.87,8,86.04,Electronics,2086.96,Saturday,February
2022-02-27,Product_5,240.2,7,80.56,Electronics,1681.3999999999999,Sunday,February
2022-02-28,Product_5,258.85,8,43.33,Clothing,2070.8,Monday,February
2022-03-01,Product_5,288.38,9,48.49,Clothing,2595.42,Tuesday,March
2022-03-02,Product_5,251.9,8,40.1,Books,2015.2,Wednesday,March
2022-03-03,Product_5,337.42,10,32.17,Food,3374.2000000000003,Thursday,March
2022-03-04,Product_5,276.65,8,31.26,Food,2213.2,Friday,March
2022-03-05,Product_5,268.07,8,64.03,Food,2144.56,Saturday,March
2022-03-06,Product_5,255.2,8,65.84,Clothing,2041.6,Sunday,March
2022-03-07,Product_5,248.6,7,72.66,Clothing,1740.2,Monday,March
2022-03-08,Product_5,254.19,8,79.74,Books,2033.52,Tuesday,March
2022-03-09,Product_5,290.65,9,57.85,Electronics,2615.85,Wednesday,March
2022-03-10,Product_5,250.61,8,99.95,Electronics,2004.88,Thursday,March
2022-03-11,Product_5,213.16,6,99.3,Electronics,1278.96,Friday,March
2022-03-12,Product_5,271.47,8,33.27,Food,2171.76,Saturday,March
2022-03-13,Product_5,198.39,6,91.88,Clothing,1190.34,Sunday,March
2022-03-14,Product_5,236.79,7,82.0,Toys,1657.53,Monday,March
2022-03-15,Product_5,276.81,8,71.62,Electronics,2214.48,Tuesday,March
2022-03-16,Product_5,215.94,6,40.73,Clothing,1295.6399999999999,Wednesday,March
2022-03-17,Product_5,289.4,9,91.2,Books,2604.6,Thursday,March
2022-03-18,Product_5,316.98,10,90.52,Electronics,3169.8,Friday,March
2022-03-19,Product_5,295.78,9,64.64,Food,2662.0199999999995,Saturday,March
2022-03-20,Product_5,278.2,8,47.62,Books,2225.6,Sunday,March
2022-03-21,Product_5,223.42,7,77.65,Books,1563.9399999999998,Monday,March
2022-03-22,Product_5,305.32,9,21.94,Toys,2747.88,Tuesday,March
2022-03-23,Product_5,285.8,9,58.76,Clothing,2572.2000000000003,Wednesday,March
2022-03-24,Product_5,235.69,7,28.31,Toys,1649.83,Thursday,March
2022-03-25,Product_5,336.33,10,87.59,Electronics,3363.2999999999997,Friday,March
2022-03-26,Product_5,281.13,9,98.35,Electronics,2530.17,Saturday,March
2022-03-27,Product_5,209.9,6,25.07,Food,1259.4,Sunday,March
2022-03-28,Product_5,208.56,6,27.71,Books,1251.3600000000001,Monday,March
2022-03-29,Product_5,234.3,7,47.2,Toys,1640.1000000000001,Tuesday,March
2022-03-30,Product_5,287.74,9,20.62,Books,2589.66,Wednesday,March
2022-03-31,Product_5,322.29,10,85.67,Electronics,3222.9,Thursday,March
2022-04-01,Product_5,274.52,8,44.82,Toys,2196.16,Friday,April
2022-04-02,Product_5,329.6,10,28.8,Books,3296.0,Saturday,April
2022-04-03,Product_5,255.19,8,99.61,Books,2041.52,Sunday,April
2022-04-04,Product_5,214.06,6,72.78,Clothing,1284.3600000000001,Monday,April
2022-04-05,Product_5,245.4,7,60.17,Books,1717.8,Tuesday,April
2022-04-06,Product_5,295.53,9,46.06,Electronics,2659.7699999999995,Wednesday,April
2022-04-07,Product_5,325.26,10,37.71,Electronics,3252.6,Thursday,April
2022-04-08,Product_5,279.27,8,70.57,Toys,2234.16,Friday,April
2022-04-09,Product_5,273.48,8,90.77,Toys,2187.84,Saturday,April
2022-04-10,Product_5,248.78,7,86.36,Toys,1741.46,Sunday,April
2022-04-11,Product_5,252.5,8,52.19,Clothing,2020.0,Monday,April
2022-04-12,Product_5,286.27,9,93.49,Toys,2576.43,Tuesday,April
2022-04-13,Product_5,249.78,8,92.84,Food,1998.24,Wednesday,April
2022-04-14,Product_5,315.31,10,30.64,Toys,3153.1,Thursday,April
2022-04-15,Product_5,272.46,8,95.45,Clothing,2179.68,Friday,April
2022-04-16,Product_5,262.0,8,26.59,Toys,2096.0,Saturday,April
2022-04-17,Product_5,274.22,8,28.02,Books,2193.76,Sunday,April
2022-04-18,Product_5,289.88,9,38.01,Books,2608.92,Monday,April
2022-04-19,Product_5,278.45,8,39.72,Food,2227.6,Tuesday,April
2022-04-20,Product_5,228.64,7,89.0,Toys,1600.48,Wednesday,April
2022-04-21,Product_5,337.79,10,36.2,Food,3377.9,Thursday,April
2022-04-22,Product_5,291.08,9,66.66,Electronics,2619.72,Friday,April
2022-04-23,Product_5,271.48,8,88.05,Toys,2171.84,Saturday,April
2022-04-24,Product_5,320.52,10,77.63,Toys,3205.2,Sunday,April
2022-04-25,Product_5,265.83,8,29.89,Electronics,2126.64,Monday,April
2022-04-26,Product_5,257.64,8,24.0,Food,2061.12,Tuesday,April
2022-04-27,Product_5,253.56,8,64.52,Electronics,2028.48,Wednesday,April
2022-04-28,Product_5,307.49,9,98.54,Clothing,2767.41,Thursday,April
2022-04-29,Product_5,273.24,8,29.85,Electronics,2185.92,Friday,April
2022-04-30,Product_5,284.17,9,50.75,Food,2557.53,Saturday,April
2022-05-01,Product_5,236.83,7,66.58,Toys,1657.8100000000002,Sunday,May
2022-05-02,Product_5,262.31,8,32.59,Clothing,2098.48,Monday,May
2022-05-03,Product_5,212.83,6,45.42,Clothing,1276.98,Tuesday,May
2022-05-04,Product_5,253.65,8,38.89,Toys,2029.2,Wednesday,May
2022-05-05,Product_5,250.1,8,25.89,Food,2000.8,Thursday,May
2022-05-06,Product_5,263.31,8,83.27,Food,2106.48,Friday,May
2022-05-07,Product_5,317.69,10,90.55,Clothing,3176.9,Saturday,May
2022-05-08,Product_5,306.41,9,69.23,Food,2757.69,Sunday,May
2022-05-09,Product_5,211.45,6,41.86,Toys,1268.6999999999998,Monday,May
2022-05-10,Product_5,235.0,7,52.67,Food,1645.0,Tuesday,May
2022-05-11,Product_5,239.53,7,83.74,Books,1676.71,Wednesday,May
2022-05-12,Product_5,283.61,9,62.68,Books,2552.4900000000002,Thursday,May
2022-05-13,Product_5,325.7,10,29.99,Electronics,3257.0,Friday,May
2022-05-14,Product_5,261.16,8,91.93,Books,2089.28,Saturday,May
2022-05-15,Product_5,215.93,6,79.73,Books,1295.58,Sunday,May
2022-05-16,Product_5,279.94,8,83.91,Electronics,2239.52,Monday,May
2022-05-17,Product_5,279.79,8,37.15,Electronics,2238.32,Tuesday,May
2022-05-18,Product_5,204.19,6,29.9,Books,1225.1399999999999,Wednesday,May
2022-05-19,Product_5,260.6,8,56.77,Electronics,2084.8,Thursday,May
2022-05-20,Product_5,236.68,7,83.61,Electronics,1656.76,Friday,May
2022-05-21,Product_5,290.4,9,58.83,Books,2613.6,Saturday,May
2022-05-22,Product_5,260.09,8,82.18,Electronics,2080.72,Sunday,May
2022-05-23,Product_5,278.13,8,79.32,Clothing,2225.04,Monday,May
2022-05-24,Product_5,176.5,5,93.14,Books,882.5,Tuesday,May
2022-05-25,Product_5,261.5,8,66.59,Electronics,2092.0,Wednesday,May
2022-05-26,Product_5,242.71,7,41.79,Electronics,1698.97,Thursday,May
2022-05-27,Product_5,319.73,10,64.8,Electronics,3197.3,Friday,May
2022-05-28,Product_5,267.87,8,97.61,Toys,2142.96,Saturday,May
2022-05-29,Product_5,250.03,8,52.05,Electronics,2000.24,Sunday,May
2022-05-30,Product_5,253.15,8,62.15,Toys,2025.2,Monday,May
2022-05-31,Product_5,219.79,7,24.02,Food,1538.53,Tuesday,May
2022-06-01,Product_5,229.12,7,36.92,Toys,1603.8400000000001,Wednesday,June
2022-06-02,Product_5,250.52,8,73.95,Toys,2004.16,Thursday,June
2022-06-03,Product_5,240.06,7,47.44,Books,1680.42,Friday,June
2022-06-04,Product_5,201.7,6,60.84,Toys,1210.1999999999998,Saturday,June
2022-06-05,Product_5,213.88,6,21.13,Food,1283.28,Sunday,June
2022-06-06,Product_5,239.25,7,26.26,Books,1674.75,Monday,June
2022-06-07,Product_5,168.83,5,41.37,Books,844.1500000000001,Tuesday,June
2022-06-08,Product_5,212.35,6,95.43,Books,1274.1,Wednesday,June
2022-06-09,Product_5,243.47,7,73.77,Electronics,1704.29,Thursday,June
2022-06-10,Product_5,243.71,7,25.82,Electronics,1705.97,Friday,June
2022-06-11,Product_5,244.15,7,85.31,Electronics,1709.05,Saturday,June
2022-06-12,Product_5,217.82,6,74.34,Clothing,1306.92,Sunday,June
2022-06-13,Product_5,204.82,6,44.86,Toys,1228.92,Monday,June
2022-06-14,Product_5,255.37,8,38.7,Books,2042.96,Tuesday,June
2022-06-15,Product_5,215.53,6,61.7,Toys,1293.18,Wednesday,June
2022-06-16,Product_5,291.8,9,82.61,Food,2626.2000000000003,Thursday,June
2022-06-17,Product_5,249.06,7,83.25,Clothing,1743.42,Friday,June
2022-06-18,Product_5,304.06,9,51.95,Clothing,2736.54,Saturday,June
2022-06-19,Product_5,236.98,7,80.35,Food,1658.86,Sunday,June
2022-06-20,Product_5,201.15,6,21.47,Toys,1206.9,Monday,June
2022-06-21,Product_5,233.7,7,34.93,Books,1635.8999999999999,Tuesday,June
2022-06-22,Product_5,254.04,8,35.21,Books,2032.32,Wednesday,June
2022-06-23,Product_5,233.32,7,71.59,Toys,1633.24,Thursday,June
2022-06-24,Product_5,247.35,7,89.41,Electronics,1731.45,Friday,June
2022-06-25,Product_5,221.1,7,20.46,Clothing,1547.7,Saturday,June
2022-06-26,Product_5,226.07,7,71.44,Books,1582.49,Sunday,June
2022-06-27,Product_5,209.25,6,65.8,Electronics,1255.5,Monday,June
2022-06-28,Product_5,214.59,6,20.93,Toys,1287.54,Tuesday,June
2022-06-29,Product_5,224.66,7,68.53,Electronics,1572.62,Wednesday,June
2022-06-30,Product_5,241.97,7,76.58,Toys,1693.79,Thursday,June
2022-07-01,Product_5,261.66,8,95.6,Books,2093.28,Friday,July
2022-07-02,Product_5,206.24,6,20.26,Books,1237.44,Saturday,July
2022-07-03,Product_5,202.29,6,47.91,Electronics,1213.74,Sunday,July
2022-07-04,Product_5,229.17,7,98.01,Electronics,1604.1899999999998,Monday,July
2022-07-05,Product_5,155.29,4,23.86,Clothing,621.16,Tuesday,July
2022-07-06,Product_5,212.21,6,63.47,Clothing,1273.26,Wednesday,July
2022-07-07,Product_5,245.25,7,53.1,Electronics,1716.75,Thursday,July
2022-07-08,Product_5,291.61,9,28.39,Toys,2624.4900000000002,Friday,July
2022-07-09,Product_5,229.11,7,25.33,Clothing,1603.77,Saturday,July
2022-07-10,Product_5,257.45,8,34.09,Clothing,2059.6,Sunday,July
2022-07-11,Product_5,243.27,7,83.8,Food,1702.89,Monday,July
2022-07-12,Product_5,229.53,7,37.21,Electronics,1606.71,Tuesday,July
2022-07-13,Product_5,206.32,6,35.41,Electronics,1237.92,Wednesday,July
2022-07-14,Product_5,214.48,6,21.62,Books,1286.8799999999999,Thursday,July
2022-07-15,Product_5,246.67,7,79.29,Books,1726.6899999999998,Friday,July
2022-07-16,Product_5,213.0,6,80.44,Clothing,1278.0,Saturday,July
2022-07-17,Product_5,194.23,6,74.55,Food,1165.3799999999999,Sunday,July
2022-07-18,Product_5,189.1,6,20.48,Books,1134.6,Monday,July
2022-07-19,Product_5,188.61,6,47.84,Clothing,1131.66,Tuesday,July
2022-07-20,Product_5,203.42,6,28.72,Books,1220.52,Wednesday,July
2022-07-21,Product_5,252.72,8,37.93,Books,2021.76,Thursday,July
2022-07-22,Product_5,212.76,6,23.6,Food,1276.56,Friday,July
2022-07-23,Product_5,227.46,7,99.23,Electronics,1592.22,Saturday,July
2022-07-24,Product_5,223.95,7,92.25,Toys,1567.6499999999999,Sunday,July
2022-07-25,Product_5,272.77,8,32.53,Books,2182.16,Monday,July
2022-07-26,Product_5,258.94,8,89.27,Clothing,2071.52,Tuesday,July
2022-07-27,Product_5,131.83,4,95.57,Food,527.32,Wednesday,July
2022-07-28,Product_5,238.55,7,25.03,Clothing,1669.8500000000001,Thursday,July
2022-07-29,Product_5,217.96,6,62.96,Clothing,1307.76,Friday,July
2022-07-30,Product_5,246.53,7,59.86,Clothing,1725.71,Saturday,July
2022-07-31,Product_5,210.24,6,42.96,Books,1261.44,Sunday,July
2022-08-01,Product_5,202.08,6,30.82,Books,1212.48,Monday,August
2022-08-02,Product_5,220.03,7,74.25,Clothing,1540.21,Tuesday,August
2022-08-03,Product_5,181.86,5,30.9,Toys,909.3000000000001,Wednesday,August
2022-08-04,Product_5,221.69,7,58.7,Books,1551.83,Thursday,August
2022-08-05,Product_5,196.57,6,56.64,Clothing,1179.42,Friday,August
2022-08-06,Product_5,159.81,5,99.9,Toys,799.05,Saturday,August
2022-08-07,Product_5,214.99,6,91.95,Clothing,1289.94,Sunday,August
2022-08-08,Product_5,141.9,4,70.01,Books,567.6,Monday,August
2022-08-09,Product_5,191.29,6,59.34,Clothing,1147.74,Tuesday,August
2022-08-10,Product_5,143.15,4,57.67,Books,572.6,Wednesday,August
2022-08-11,Product_5,205.89,6,44.89,Books,1235.34,Thursday,August
2022-08-12,Product_5,194.37,6,21.34,Toys,1166.22,Friday,August
2022-08-13,Product_5,183.76,5,87.58,Electronics,918.8,Saturday,August
2022-08-14,Product_5,225.63,7,33.39,Clothing,1579.4099999999999,Sunday,August
2022-08-15,Product_5,223.1,7,84.13,Electronics,1561.7,Monday,August
2022-08-16,Product_5,175.67,5,32.92,Food,878.3499999999999,Tuesday,August
2022-08-17,Product_5,150.42,4,35.68,Books,601.68,Wednesday,August
2022-08-18,Product_5,244.11,7,62.46,Toys,1708.77,Thursday,August
2022-08-19,Product_5,213.62,6,81.7,Food,1281.72,Friday,August
2022-08-20,Product_5,204.69,6,52.02,Electronics,1228.1399999999999,Saturday,August
2022-08-21,Product_5,200.46,6,40.75,Food,1202.76,Sunday,August
2022-08-22,Product_5,157.46,5,82.19,Clothing,787.3000000000001,Monday,August
2022-08-23,Product_5,189.7,6,79.77,Food,1138.1999999999998,Tuesday,August
2022-08-24,Product_5,192.39,6,21.41,Electronics,1154.34,Wednesday,August
2022-08-25,Product_5,151.35,4,81.56,Electronics,605.4,Thursday,August
2022-08-26,Product_5,232.32,7,31.23,Books,1626.24,Friday,August
2022-08-27,Product_5,215.12,6,21.44,Electronics,1290.72,Saturday,August
2022-08-28,Product_5,215.13,6,64.47,Toys,1290.78,Sunday,August
2022-08-29,Product_5,200.15,6,33.51,Clothing,1200.9,Monday,August
2022-08-30,Product_5,137.56,4,30.59,Clothing,550.24,Tuesday,August
2022-08-31,Product_5,170.53,5,94.11,Books,852.65,Wednesday,August
2022-09-01,Product_5,179.78,5,21.65,Electronics,898.9,Thursday,September
2022-09-02,Product_5,160.32,5,71.66,Food,801.5999999999999,Friday,September
2022-09-03,Product_5,245.09,7,30.33,Books,1715.63,Saturday,September
2022-09-04,Product_5,187.18,6,39.2,Electronics,1123.08,Sunday,September
2022-09-05,Product_5,182.82,5,26.01,Books,914.0999999999999,Monday,September
2022-09-06,Product_5,173.39,5,70.67,Books,866.9499999999999,Tuesday,September
2022-09-07,Product_5,160.16,5,23.61,Clothing,800.8,Wednesday,September
2022-09-08,Product_5,188.84,6,89.68,Food,1133.04,Thursday,September
2022-09-09,Product_5,217.93,6,72.85,Toys,1307.58,Friday,September
2022-09-10,Product_5,198.17,6,61.61,Toys,1189.02,Saturday,September
2022-09-11,Product_5,167.35,5,89.09,Books,836.75,Sunday,September
2022-09-12,Product_5,206.31,6,41.65,Electronics,1237.8600000000001,Monday,September
2022-09-13,Product_5,194.0,6,56.42,Electronics,1164.0,Tuesday,September
2022-09-14,Product_5,182.37,5,69.14,Electronics,911.85,Wednesday,September
2022-09-15,Product_5,183.5,5,82.97,Food,917.5,Thursday,September
2022-09-16,Product_5,171.54,5,49.56,Electronics,857.6999999999999,Friday,September
2022-09-17,Product_5,184.97,5,51.77,Clothing,924.85,Saturday,September
2022-09-18,Product_5,201.54,6,53.09,Toys,1209.24,Sunday,September
2022-09-19,Product_5,245.41,7,84.66,Books,1717.87,Monday,September
2022-09-20,Product_5,114.41,3,41.94,Food,343.23,Tuesday,September
2022-09-21,Product_5,215.9,6,67.65,Clothing,1295.4,Wednesday,September
2022-09-22,Product_5,179.08,5,24.08,Food,895.4000000000001,Thursday,September
2022-09-23,Product_5,152.26,4,82.98,Toys,609.04,Friday,September
2022-09-24,Product_5,137.92,4,51.46,Clothing,551.68,Saturday,September
2022-09-25,Product_5,120.26,3,97.18,Food,360.78000000000003,Sunday,September
2022-09-26,Product_5,121.74,3,26.82,Clothing,365.21999999999997,Monday,September
2022-09-27,Product_5,192.99,6,96.27,Books,1157.94,Tuesday,September
2022-09-28,Product_5,152.76,4,92.46,Food,611.04,Wednesday,September
2022-09-29,Product_5,143.89,4,81.81,Toys,575.56,Thursday,September
2022-09-30,Product_5,230.02,7,74.37,Books,1610.14,Friday,September
2022-10-01,Product_5,210.24,6,64.75,Toys,1261.44,Saturday,October
2022-10-02,Product_5,191.22,6,35.44,Food,1147.32,Sunday,October
2022-10-03,Product_5,180.5,5,71.79,Clothing,902.5,Monday,October
2022-10-04,Product_5,111.13,3,72.87,Food,333.39,Tuesday,October
2022-10-05,Product_5,169.93,5,89.77,Clothing,849.6500000000001,Wednesday,October
2022-10-06,Product_5,212.61,6,83.34,Electronics,1275.66,Thursday,October
2022-10-07,Product_5,178.43,5,96.59,Toys,892.1500000000001,Friday,October
2022-10-08,Product_5,141.77,4,49.64,Clothing,567.08,Saturday,October
2022-10-09,Product_5,150.83,4,65.56,Toys,603.32,Sunday,October
2022-10-10,Product_5,165.65,5,97.83,Food,828.25,Monday,October
2022-10-11,Product_5,145.83,4,89.42,Food,583.32,Tuesday,October
2022-10-12,Product_5,139.44,4,85.04,Food,557.76,Wednesday,October
2022-10-13,Product_5,142.84,4,40.69,Clothing,571.36,Thursday,October
2022-10-14,Product_5,192.72,6,45.26,Toys,1156.32,Friday,October
2022-10-15,Product_5,176.88,5,76.74,Food,884.4,Saturday,October
2022-10-16,Product_5,142.46,4,81.47,Food,569.84,Sunday,October
2022-10-17,Product_5,159.12,5,69.75,Food,795.6,Monday,October
2022-10-18,Product_5,143.57,4,84.98,Toys,574.28,Tuesday,October
2022-10-19,Product_5,190.39,6,62.15,Electronics,1142.34,Wednesday,October
2022-10-20,Product_5,204.93,6,82.43,Toys,1229.58,Thursday,October
2022-10-21,Product_5,209.82,6,62.97,Books,1258.92,Friday,October
2022-10-22,Product_5,211.43,6,96.62,Books,1268.58,Saturday,October
2022-10-23,Product_5,128.93,4,72.49,Clothing,515.72,Sunday,October
2022-10-24,Product_5,160.13,5,29.65,Clothing,800.65,Monday,October
2022-10-25,Product_5,154.51,4,27.39,Electronics,618.04,Tuesday,October
2022-10-26,Product_5,150.49,4,79.01,Electronics,601.96,Wednesday,October
2022-10-27,Product_5,192.16,6,99.05,Books,1152.96,Thursday,October
2022-10-28,Product_5,182.16,5,55.61,Books,910.8,Friday,October
2022-10-29,Product_5,216.35,6,20.24,Food,1298.1,Saturday,October
2022-10-30,Product_5,169.69,5,74.38,Electronics,848.45,Sunday,October
2022-10-31,Product_5,134.6,4,58.95,Books,538.4,Monday,October
2022-11-01,Product_5,157.9,5,23.64,Books,789.5,Tuesday,November
2022-11-02,Product_5,221.15,7,79.06,Electronics,1548.05,Wednesday,November
2022-11-03,Product_5,201.85,6,78.16,Electronics,1211.1,Thursday,November
2022-11-04,Product_5,131.34,4,77.42,Electronics,525.36,Friday,November
2022-11-05,Product_5,187.87,6,58.02,Clothing,1127.22,Saturday,November
2022-11-06,Product_5,174.25,5,95.12,Electronics,871.25,Sunday,November
2022-11-07,Product_5,177.18,5,25.12,Clothing,885.9000000000001,Monday,November
2022-11-08,Product_5,176.53,5,76.33,Clothing,882.65,Tuesday,November
2022-11-09,Product_5,178.42,5,66.69,Food,892.0999999999999,Wednesday,November
2022-11-10,Product_5,241.65,7,69.82,Clothing,1691.55,Thursday,November
2022-11-11,Product_5,186.68,5,43.08,Clothing,933.4000000000001,Friday,November
2022-11-12,Product_5,198.51,6,79.47,Food,1191.06,Saturday,November
2022-11-13,Product_5,143.98,4,49.86,Clothing,575.92,Sunday,November
2022-11-14,Product_5,182.7,5,32.95,Food,913.5,Monday,November
2022-11-15,Product_5,209.49,6,91.75,Food,1256.94,Tuesday,November
2022-11-16,Product_5,186.04,5,43.73,Food,930.1999999999999,Wednesday,November
2022-11-17,Product_5,215.1,6,83.76,Electronics,1290.6,Thursday,November
2022-11-18,Product_5,178.53,5,72.24,Clothing,892.65,Friday,November
2022-11-19,Product_5,203.2,6,86.33,Electronics,1219.1999999999998,Saturday,November
2022-11-20,Product_5,217.24,6,95.52,Books,1303.44,Sunday,November
2022-11-21,Product_5,175.03,5,31.74,Clothing,875.15,Monday,November
2022-11-22,Product_5,152.67,4,66.72,Clothing,610.68,Tuesday,November
2022-11-23,Product_5,171.87,5,75.63,Clothing,859.35,Wednesday,November
2022-11-24,Product_5,195.81,6,32.91,Food,1174.8600000000001,Thursday,November
2022-11-25,Product_5,173.73,5,56.35,Electronics,868.65,Friday,November
2022-11-26,Product_5,244.97,7,85.88,Books,1714.79,Saturday,November
2022-11-27,Product_5,248.67,7,27.56,Toys,1740.6899999999998,Sunday,November
2022-11-28,Product_5,188.13,6,58.74,Clothing,1128.78,Monday,November
2022-11-29,Product_5,233.01,7,28.18,Electronics,1631.07,Tuesday,November
2022-11-30,Product_5,224.11,7,94.58,Food,1568.77,Wednesday,November
2022-12-01,Product_5,240.99,7,63.27,Books,1686.93,Thursday,December
2022-12-02,Product_5,245.84,7,90.1,Clothing,1720.88,Friday,December
2022-12-03,Product_5,216.55,6,58.37,Toys,1299.3000000000002,Saturday,December
2022-12-04,Product_5,139.17,4,61.54,Toys,556.68,Sunday,December
2022-12-05,Product_5,223.31,7,88.87,Clothing,1563.17,Monday,December
2022-12-06,Product_5,226.68,7,83.2,Electronics,1586.76,Tuesday,December
2022-12-07,Product_5,191.26,6,66.9,Electronics,1147.56,Wednesday,December
2022-12-08,Product_5,201.42,6,40.09,Books,1208.52,Thursday,December
2022-12-09,Product_5,189.94,6,23.26,Food,1139.6399999999999,Friday,December
2022-12-10,Product_5,229.82,7,80.12,Electronics,1608.74,Saturday,December
2022-12-11,Product_5,224.56,7,89.84,Food,1571.92,Sunday,December
2022-12-12,Product_5,177.04,5,59.69,Food,885.1999999999999,Monday,December
2022-12-13,Product_5,228.58,7,66.6,Toys,1600.0600000000002,Tuesday,December
2022-12-14,Product_5,219.46,7,60.34,Books,1536.22,Wednesday,December
2022-12-15,Product_5,244.63,7,89.3,Clothing,1712.4099999999999,Thursday,December
2022-12-16,Product_5,238.26,7,64.19,Clothing,1667.82,Friday,December
2022-12-17,Product_5,194.37,6,49.64,Toys,1166.22,Saturday,December
2022-12-18,Product_5,270.63,8,61.07,Toys,2165.04,Sunday,December
2022-12-19,Product_5,254.16,8,89.33,Food,2033.28,Monday,December
2022-12-20,Product_5,166.09,5,91.62,Electronics,830.45,Tuesday,December
2022-12-21,Product_5,188.37,6,66.15,Electronics,1130.22,Wednesday,December
2022-12-22,Product_5,332.28,10,73.36,Clothing,3322.7999999999997,Thursday,December
2022-12-23,Product_5,219.04,7,44.65,Books,1533.28,Friday,December
2022-12-24,Product_5,238.63,7,26.38,Toys,1670.4099999999999,Saturday,December
2022-12-25,Product_5,274.55,8,47.49,Food,2196.4,Sunday,December
2022-12-26,Product_5,228.27,7,98.5,Books,1597.89,Monday,December
2022-12-27,Product_5,212.89,6,66.07,Toys,1277.34,Tuesday,December
2022-12-28,Product_5,200.6,6,81.88,Toys,1203.6,Wednesday,December
2022-12-29,Product_5,215.12,6,84.66,Books,1290.72,Thursday,December
2022-12-30,Product_5,205.39,6,48.99,Books,1232.34,Friday,December
2022-12-31,Product_5,264.37,8,97.35,Electronics,2114.96,Saturday,December
2023-01-01,Product_5,238.63,7,51.49,Electronics,1670.4099999999999,Sunday,January
2023-01-02,Product_5,158.46,5,53.12,Toys,792.3000000000001,Monday,January
2023-01-03,Product_5,227.83,7,64.36,Toys,1594.8100000000002,Tuesday,January
2023-01-04,Product_5,211.27,6,26.48,Food,1267.6200000000001,Wednesday,January
2023-01-05,Product_5,224.28,7,55.79,Clothing,1569.96,Thursday,January
2023-01-06,Product_5,266.65,8,41.33,Food,2133.2,Friday,January
2023-01-07,Product_5,239.73,7,81.95,Books,1678.11,Saturday,January
2023-01-08,Product_5,221.34,7,26.01,Books,1549.38,Sunday,January
2023-01-09,Product_5,204.46,6,77.27,Books,1226.76,Monday,January
2023-01-10,Product_5,218.57,7,80.91,Food,1529.99,Tuesday,January
2023-01-11,Product_5,188.36,6,66.69,Clothing,1130.16,Wednesday,January
2023-01-12,Product_5,271.8,8,88.48,Books,2174.4,Thursday,January
2023-01-13,Product_5,262.11,8,50.45,Electronics,2096.88,Friday,January
2023-01-14,Product_5,285.67,9,46.49,Electronics,2571.03,Saturday,January
2023-01-15,Product_5,218.83,7,92.08,Electronics,1531.8100000000002,Sunday,January
2023-01-16,Product_5,240.09,7,93.55,Books,1680.63,Monday,January
2023-01-17,Product_5,204.93,6,38.76,Toys,1229.58,Tuesday,January
2023-01-18,Product_5,199.31,6,99.75,Toys,1195.8600000000001,Wednesday,January
2023-01-19,Product_5,247.38,7,97.67,Electronics,1731.6599999999999,Thursday,January
2023-01-20,Product_5,267.96,8,62.52,Books,2143.68,Friday,January
2023-01-21,Product_5,264.62,8,30.91,Food,2116.96,Saturday,January
2023-01-22,Product_5,155.79,4,84.82,Books,623.16,Sunday,January
2023-01-23,Product_5,213.33,6,96.77,Toys,1279.98,Monday,January
2023-01-24,Product_5,235.51,7,34.3,Clothing,1648.57,Tuesday,January
2023-01-25,Product_5,299.58,9,81.18,Clothing,2696.22,Wednesday,January
2023-01-26,Product_5,261.93,8,40.35,Electronics,2095.44,Thursday,January
2023-01-27,Product_5,254.71,8,21.7,Food,2037.68,Friday,January
2023-01-28,Product_5,226.65,7,94.08,Toys,1586.55,Saturday,January
2023-01-29,Product_5,219.02,7,54.34,Books,1533.14,Sunday,January
2023-01-30,Product_5,239.74,7,80.45,Electronics,1678.18,Monday,January
2023-01-31,Product_5,224.34,7,66.18,Clothing,1570.38,Tuesday,January
2023-02-01,Product_5,271.08,8,52.43,Toys,2168.64,Wednesday,February
2023-02-02,Product_5,272.57,8,55.25,Electronics,2180.56,Thursday,February
2023-02-03,Product_5,284.6,9,74.84,Electronics,2561.4,Friday,February
2023-02-04,Product_5,299.63,9,48.3,Books,2696.67,Saturday,February
2023-02-05,Product_5,211.0,6,81.31,Books,1266.0,Sunday,February
2023-02-06,Product_5,286.62,9,97.6,Food,2579.58,Monday,February
2023-02-07,Product_5,278.55,8,26.21,Books,2228.4,Tuesday,February
2023-02-08,Product_5,235.2,7,30.06,Clothing,1646.3999999999999,Wednesday,February
2023-02-09,Product_5,267.94,8,56.87,Books,2143.52,Thursday,February
2023-02-10,Product_5,313.05,10,64.22,Clothing,3130.5,Friday,February
2023-02-11,Product_5,231.12,7,60.39,Electronics,1617.8400000000001,Saturday,February
2023-02-12,Product_5,255.71,8,66.35,Books,2045.68,Sunday,February
2023-02-13,Product_5,233.52,7,87.63,Toys,1634.64,Monday,February
2023-02-14,Product_5,236.29,7,95.74,Toys,1654.03,Tuesday,February
2023-02-15,Product_5,287.25,9,72.16,Clothing,2585.25,Wednesday,February
2023-02-16,Product_5,306.38,9,89.59,Books,2757.42,Thursday,February
2023-02-17,Product_5,258.26,8,24.5,Clothing,2066.08,Friday,February
2023-02-18,Product_5,308.15,9,83.58,Clothing,2773.35,Saturday,February
2023-02-19,Product_5,286.17,9,55.92,Electronics,2575.53,Sunday,February
2023-02-20,Product_5,321.64,10,31.51,Toys,3216.3999999999996,Monday,February
2023-02-21,Product_5,237.28,7,80.38,Electronics,1660.96,Tuesday,February
2023-02-22,Product_5,243.35,7,71.42,Toys,1703.45,Wednesday,February
2023-02-23,Product_5,298.11,9,79.79,Food,2682.9900000000002,Thursday,February
2023-02-24,Product_5,304.16,9,73.38,Clothing,2737.44,Friday,February
2023-02-25,Product_5,315.86,10,38.71,Electronics,3158.6000000000004,Saturday,February
2023-02-26,Product_5,229.68,7,72.99,Books,1607.76,Sunday,February
2023-02-27,Product_5,235.84,7,86.7,Books,1650.88,Monday,February
2023-02-28,Product_5,245.18,7,83.23,Toys,1716.26,Tuesday,February
2023-03-01,Product_5,283.93,9,91.13,Electronics,2555.37,Wednesday,March
2023-03-02,Product_5,230.63,7,73.29,Electronics,1614.4099999999999,Thursday,March
2023-03-03,Product_5,280.05,8,32.68,Electronics,2240.4,Friday,March
2023-03-04,Product_5,243.08,7,58.15,Food,1701.5600000000002,Saturday,March
2023-03-05,Product_5,242.28,7,83.94,Books,1695.96,Sunday,March
2023-03-06,Product_5,213.04,6,33.46,Food,1278.24,Monday,March
2023-03-07,Product_5,283.93,9,66.14,Electronics,2555.37,Tuesday,March
2023-03-08,Product_5,302.81,9,26.52,Clothing,2725.29,Wednesday,March
2023-03-09,Product_5,307.69,9,76.2,Electronics,2769.21,Thursday,March
2023-03-10,Product_5,271.61,8,62.06,Clothing,2172.88,Friday,March
2023-03-11,Product_5,257.27,8,32.33,Toys,2058.16,Saturday,March
2023-03-12,Product_5,289.07,9,74.48,Books,2601.63,Sunday,March
2023-03-13,Product_5,279.01,8,66.95,Electronics,2232.08,Monday,March
2023-03-14,Product_5,400.75,12,81.62,Toys,4809.0,Tuesday,March
2023-03-15,Product_5,294.64,9,21.09,Clothing,2651.7599999999998,Wednesday,March
2023-03-16,Product_5,308.15,9,37.15,Food,2773.35,Thursday,March
2023-03-17,Product_5,334.78,10,79.17,Toys,3347.7999999999997,Friday,March
2023-03-18,Product_5,299.11,9,77.91,Clothing,2691.9900000000002,Saturday,March
2023-03-19,Product_5,296.81,9,49.82,Clothing,2671.29,Sunday,March
2023-03-20,Product_5,291.59,9,41.27,Clothing,2624.31,Monday,March
2023-03-21,Product_5,253.75,8,47.94,Food,2030.0,Tuesday,March
2023-03-22,Product_5,337.17,10,73.11,Toys,3371.7000000000003,Wednesday,March
2023-03-23,Product_5,356.6,11,93.97,Toys,3922.6000000000004,Thursday,March
2023-03-24,Product_5,327.32,10,99.28,Toys,3273.2,Friday,March
2023-03-25,Product_5,263.52,8,93.5,Food,2108.16,Saturday,March
2023-03-26,Product_5,275.52,8,51.01,Electronics,2204.16,Sunday,March
2023-03-27,Product_5,284.03,9,96.35,Books,2556.2699999999995,Monday,March
2023-03-28,Product_5,279.55,8,24.78,Books,2236.4,Tuesday,March
2023-03-29,Product_5,432.46,13,67.24,Toys,5621.98,Wednesday,March
2023-03-30,Product_5,318.06,10,40.6,Toys,3180.6,Thursday,March
2023-03-31,Product_5,315.49,10,79.05,Clothing,3154.9,Friday,March
2023-04-01,Product_5,235.73,7,32.52,Clothing,1650.11,Saturday,April
2023-04-02,Product_5,287.15,9,39.07,Clothing,2584.35,Sunday,April
2023-04-03,Product_5,243.75,7,44.51,Clothing,1706.25,Monday,April
2023-04-04,Product_5,287.74,9,77.6,Toys,2589.66,Tuesday,April
2023-04-05,Product_5,270.77,8,22.99,Food,2166.16,Wednesday,April
2023-04-06,Product_5,250.62,8,98.43,Books,2004.96,Thursday,April
2023-04-07,Product_5,311.57,9,93.63,Books,2804.13,Friday,April
2023-04-08,Product_5,297.93,9,90.13,Electronics,2681.37,Saturday,April
2023-04-09,Product_5,250.99,8,43.42,Toys,2007.92,Sunday,April
2023-04-10,Product_5,269.19,8,98.82,Electronics,2153.52,Monday,April
2023-04-11,Product_5,247.29,7,30.5,Food,1731.03,Tuesday,April
2023-04-12,Product_5,303.17,9,43.53,Books,2728.53,Wednesday,April
2023-04-13,Product_5,295.09,9,89.54,Toys,2655.81,Thursday,April
2023-04-14,Product_5,286.52,9,90.36,Electronics,2578.68,Friday,April
2023-04-15,Product_5,277.77,8,96.97,Books,2222.16,Saturday,April
2023-04-16,Product_5,324.32,10,44.56,Food,3243.2,Sunday,April
2023-04-17,Product_5,273.8,8,33.99,Books,2190.4,Monday,April
2023-04-18,Product_5,303.54,9,70.04,Books,2731.86,Tuesday,April
2023-04-19,Product_5,279.12,8,57.04,Food,2232.96,Wednesday,April
2023-04-20,Product_5,277.55,8,61.84,Food,2220.4,Thursday,April
2023-04-21,Product_5,331.08,10,80.05,Books,3310.7999999999997,Friday,April
2023-04-22,Product_5,287.82,9,93.48,Food,2590.38,Saturday,April
2023-04-23,Product_5,236.58,7,73.08,Toys,1656.0600000000002,Sunday,April
2023-04-24,Product_5,270.78,8,77.17,Toys,2166.24,Monday,April
2023-04-25,Product_5,275.53,8,94.02,Electronics,2204.24,Tuesday,April
2023-04-26,Product_5,309.09,9,91.03,Electronics,2781.81,Wednesday,April
2023-04-27,Product_5,305.6,9,66.23,Books,2750.4,Thursday,April
2023-04-28,Product_5,318.3,10,69.66,Clothing,3183.0,Friday,April
2023-04-29,Product_5,276.38,8,23.06,Clothing,2211.04,Saturday,April
2023-04-30,Product_5,275.92,8,59.73,Electronics,2207.36,Sunday,April
2023-05-01,Product_5,270.42,8,53.36,Food,2163.36,Monday,May
2023-05-02,Product_5,241.6,7,96.33,Toys,1691.2,Tuesday,May
2023-05-03,Product_5,244.5,7,80.9,Toys,1711.5,Wednesday,May
2023-05-04,Product_5,282.38,9,60.72,Books,2541.42,Thursday,May
2023-05-05,Product_5,303.99,9,33.32,Food,2735.91,Friday,May
2023-05-06,Product_5,256.71,8,79.72,Food,2053.68,Saturday,May
2023-05-07,Product_5,242.08,7,55.31,Electronics,1694.5600000000002,Sunday,May
2023-05-08,Product_5,208.44,6,87.22,Food,1250.6399999999999,Monday,May
2023-05-09,Product_5,253.34,8,46.67,Books,2026.72,Tuesday,May
2023-05-10,Product_5,317.99,10,33.54,Toys,3179.9,Wednesday,May
2023-05-11,Product_5,296.04,9,95.84,Toys,2664.36,Thursday,May
2023-05-12,Product_5,299.54,9,83.54,Food,2695.86,Friday,May
2023-05-13,Product_5,245.55,7,85.39,Clothing,1718.8500000000001,Saturday,May
2023-05-14,Product_5,211.88,6,30.66,Electronics,1271.28,Sunday,May
2023-05-15,Product_5,271.6,8,83.04,Books,2172.8,Monday,May
2023-05-16,Product_5,280.15,8,56.08,Toys,2241.2,Tuesday,May
2023-05-17,Product_5,287.39,9,83.77,Toys,2586.5099999999998,Wednesday,May
2023-05-18,Product_5,258.53,8,39.11,Electronics,2068.24,Thursday,May
2023-05-19,Product_5,322.28,10,51.63,Toys,3222.7999999999997,Friday,May
2023-05-20,Product_5,250.41,8,94.67,Food,2003.28,Saturday,May
2023-05-21,Product_5,220.38,7,79.22,Food,1542.6599999999999,Sunday,May
2023-05-22,Product_5,258.8,8,82.39,Books,2070.4,Monday,May
2023-05-23,Product_5,258.9,8,55.21,Toys,2071.2,Tuesday,May
2023-05-24,Product_5,242.48,7,80.21,Electronics,1697.36,Wednesday,May
2023-05-25,Product_5,302.18,9,77.09,Books,2719.62,Thursday,May
2023-05-26,Product_5,253.42,8,42.0,Electronics,2027.36,Friday,May
2023-05-27,Product_5,319.4,10,98.9,Toys,3194.0,Saturday,May
2023-05-28,Product_5,274.11,8,73.49,Books,2192.88,Sunday,May
2023-05-29,Product_5,273.23,8,80.8,Electronics,2185.84,Monday,May
2023-05-30,Product_5,262.05,8,79.3,Clothing,2096.4,Tuesday,May
2023-05-31,Product_5,249.39,7,81.57,Clothing,1745.73,Wednesday,May
2023-06-01,Product_5,307.77,9,99.86,Clothing,2769.93,Thursday,June
2023-06-02,Product_5,249.42,7,86.77,Books,1745.9399999999998,Friday,June
2023-06-03,Product_5,303.22,9,74.19,Books,2728.9800000000005,Saturday,June
2023-06-04,Product_5,295.63,9,54.77,Electronics,2660.67,Sunday,June
2023-06-05,Product_5,267.4,8,62.78,Books,2139.2,Monday,June
2023-06-06,Product_5,238.74,7,54.83,Clothing,1671.18,Tuesday,June
2023-06-07,Product_5,306.16,9,69.27,Toys,2755.44,Wednesday,June
2023-06-08,Product_5,281.45,9,28.64,Books,2533.0499999999997,Thursday,June
2023-06-09,Product_5,272.89,8,77.46,Clothing,2183.12,Friday,June
2023-06-10,Product_5,257.04,8,44.63,Electronics,2056.32,Saturday,June
2023-06-11,Product_5,241.06,7,20.62,Toys,1687.42,Sunday,June
2023-06-12,Product_5,245.36,7,83.35,Electronics,1717.52,Monday,June
2023-06-13,Product_5,245.81,7,97.32,Clothing,1720.67,Tuesday,June
2023-06-14,Product_5,268.32,8,21.19,Toys,2146.56,Wednesday,June
2023-06-15,Product_5,226.05,7,41.11,Food,1582.3500000000001,Thursday,June
2023-06-16,Product_5,280.73,8,78.49,Food,2245.84,Friday,June
2023-06-17,Product_5,259.13,8,93.81,Books,2073.04,Saturday,June
2023-06-18,Product_5,236.76,7,47.44,Food,1657.32,Sunday,June
2023-06-19,Product_5,228.21,7,20.99,Electronics,1597.47,Monday,June
2023-06-20,Product_5,220.59,7,90.21,Books,1544.13,Tuesday,June
2023-06-21,Product_5,315.06,10,68.88,Books,3150.6,Wednesday,June
2023-06-22,Product_5,239.11,7,54.02,Toys,1673.77,Thursday,June
2023-06-23,Product_5,289.82,9,21.7,Toys,2608.38,Friday,June
2023-06-24,Product_5,255.95,8,25.11,Clothing,2047.6,Saturday,June
2023-06-25,Product_5,241.5,7,91.72,Books,1690.5,Sunday,June
2023-06-26,Product_5,216.44,6,88.42,Toys,1298.6399999999999,Monday,June
2023-06-27,Product_5,208.26,6,74.12,Electronics,1249.56,Tuesday,June
2023-06-28,Product_5,247.92,7,29.74,Clothing,1735.4399999999998,Wednesday,June
2023-06-29,Product_5,243.54,7,54.75,Electronics,1704.78,Thursday,June
2023-06-30,Product_5,295.11,9,90.92,Food,2655.9900000000002,Friday,June
2023-07-01,Product_5,215.03,6,89.38,Books,1290.18,Saturday,July
2023-07-02,Product_5,244.73,7,30.26,Electronics,1713.11,Sunday,July
2023-07-03,Product_5,208.49,6,97.91,Food,1250.94,Monday,July
2023-07-04,Product_5,233.19,7,57.82,Food,1632.33,Tuesday,July
2023-07-05,Product_5,255.86,8,41.89,Electronics,2046.88,Wednesday,July
2023-07-06,Product_5,224.14,7,71.14,Clothing,1568.98,Thursday,July
2023-07-07,Product_5,247.4,7,20.99,Food,1731.8,Friday,July
2023-07-08,Product_5,267.68,8,71.14,Books,2141.44,Saturday,July
2023-07-09,Product_5,206.22,6,24.95,Food,1237.32,Sunday,July
2023-07-10,Product_5,234.33,7,29.49,Books,1640.3100000000002,Monday,July
2023-07-11,Product_5,216.6,6,67.59,Food,1299.6,Tuesday,July
2023-07-12,Product_5,257.03,8,62.95,Food,2056.24,Wednesday,July
2023-07-13,Product_5,217.29,6,59.0,Toys,1303.74,Thursday,July
2023-07-14,Product_5,228.81,7,23.35,Clothing,1601.67,Friday,July
2023-07-15,Product_5,229.77,7,89.86,Toys,1608.39,Saturday,July
2023-07-16,Product_5,256.21,8,62.73,Food,2049.68,Sunday,July
2023-07-17,Product_5,226.79,7,82.62,Books,1587.53,Monday,July
2023-07-18,Product_5,304.44,9,58.59,Clothing,2739.96,Tuesday,July
2023-07-19,Product_5,219.95,7,88.03,Toys,1539.6499999999999,Wednesday,July
2023-07-20,Product_5,244.46,7,42.01,Clothing,1711.22,Thursday,July
2023-07-21,Product_5,228.27,7,91.66,Food,1597.89,Friday,July
2023-07-22,Product_5,292.51,9,85.28,Clothing,2632.59,Saturday,July
2023-07-23,Product_5,219.43,7,22.84,Toys,1536.01,Sunday,July
2023-07-24,Product_5,246.6,7,38.19,Books,1726.2,Monday,July
2023-07-25,Product_5,127.9,4,79.8,Toys,511.6,Tuesday,July
2023-07-26,Product_5,274.72,8,52.65,Food,2197.76,Wednesday,July
2023-07-27,Product_5,315.87,10,21.57,Food,3158.7,Thursday,July
2023-07-28,Product_5,267.48,8,94.63,Clothing,2139.84,Friday,July
2023-07-29,Product_5,220.82,7,53.79,Clothing,1545.74,Saturday,July
2023-07-30,Product_5,260.85,8,83.97,Food,2086.8,Sunday,July
2023-07-31,Product_5,192.84,6,26.64,Food,1157.04,Monday,July
2023-08-01,Product_5,224.18,7,31.71,Food,1569.26,Tuesday,August
2023-08-02,Product_5,233.26,7,66.14,Books,1632.82,Wednesday,August
2023-08-03,Product_5,259.87,8,40.48,Books,2078.96,Thursday,August
2023-08-04,Product_5,298.99,9,51.8,Clothing,2690.91,Friday,August
2023-08-05,Product_5,220.34,7,36.3,Books,1542.38,Saturday,August
2023-08-06,Product_5,201.9,6,28.75,Clothing,1211.4,Sunday,August
2023-08-07,Product_5,157.75,5,39.73,Toys,788.75,Monday,August
2023-08-08,Product_5,177.2,5,71.01,Food,886.0,Tuesday,August
2023-08-09,Product_5,215.55,6,99.78,Food,1293.3000000000002,Wednesday,August
2023-08-10,Product_5,250.13,8,86.12,Electronics,2001.04,Thursday,August
2023-08-11,Product_5,284.12,9,72.31,Books,2557.08,Friday,August
2023-08-12,Product_5,170.51,5,94.75,Toys,852.55,Saturday,August
2023-08-13,Product_5,200.49,6,39.1,Clothing,1202.94,Sunday,August
2023-08-14,Product_5,148.69,4,86.8,Toys,594.76,Monday,August
2023-08-15,Product_5,220.94,7,44.97,Food,1546.58,Tuesday,August
2023-08-16,Product_5,202.41,6,42.41,Food,1214.46,Wednesday,August
2023-08-17,Product_5,243.36,7,58.82,Food,1703.52,Thursday,August
2023-08-18,Product_5,234.55,7,50.35,Food,1641.8500000000001,Friday,August
2023-08-19,Product_5,193.36,6,98.34,Clothing,1160.16,Saturday,August
2023-08-20,Product_5,228.53,7,44.14,Electronics,1599.71,Sunday,August
2023-08-21,Product_5,279.67,8,55.87,Clothing,2237.36,Monday,August
2023-08-22,Product_5,132.72,4,65.2,Food,530.88,Tuesday,August
2023-08-23,Product_5,221.07,7,99.23,Food,1547.49,Wednesday,August
2023-08-24,Product_5,237.53,7,65.47,Electronics,1662.71,Thursday,August
2023-08-25,Product_5,226.36,7,74.37,Clothing,1584.52,Friday,August
2023-08-26,Product_5,201.75,6,27.98,Food,1210.5,Saturday,August
2023-08-27,Product_5,197.53,6,43.33,Toys,1185.18,Sunday,August
2023-08-28,Product_5,156.57,5,79.2,Books,782.8499999999999,Monday,August
2023-08-29,Product_5,145.6,4,89.93,Clothing,582.4,Tuesday,August
2023-08-30,Product_5,219.29,7,74.43,Toys,1535.03,Wednesday,August
2023-08-31,Product_5,207.23,6,36.02,Toys,1243.3799999999999,Thursday,August
2023-09-01,Product_5,176.9,5,73.47,Food,884.5,Friday,September
2023-09-02,Product_5,263.76,8,44.95,Electronics,2110.08,Saturday,September
2023-09-03,Product_5,179.38,5,47.07,Food,896.9,Sunday,September
2023-09-04,Product_5,205.6,6,26.61,Toys,1233.6,Monday,September
2023-09-05,Product_5,169.42,5,94.33,Books,847.0999999999999,Tuesday,September
2023-09-06,Product_5,198.59,6,68.51,Books,1191.54,Wednesday,September
2023-09-07,Product_5,206.5,6,56.25,Clothing,1239.0,Thursday,September
2023-09-08,Product_5,186.04,5,45.64,Toys,930.1999999999999,Friday,September
2023-09-09,Product_5,187.54,6,57.34,Books,1125.24,Saturday,September
2023-09-10,Product_5,149.34,4,99.52,Clothing,597.36,Sunday,September
2023-09-11,Product_5,193.23,6,89.42,Clothing,1159.3799999999999,Monday,September
2023-09-12,Product_5,178.91,5,25.08,Toys,894.55,Tuesday,September
2023-09-13,Product_5,191.22,6,64.2,Toys,1147.32,Wednesday,September
2023-09-14,Product_5,206.65,6,59.93,Toys,1239.9,Thursday,September
2023-09-15,Product_5,189.42,6,32.0,Electronics,1136.52,Friday,September
2023-09-16,Product_5,184.41,5,61.84,Books,922.05,Saturday,September
2023-09-17,Product_5,131.07,4,89.04,Food,524.28,Sunday,September
2023-09-18,Product_5,218.92,7,22.23,Food,1532.4399999999998,Monday,September
2023-09-19,Product_5,177.23,5,87.09,Food,886.15,Tuesday,September
2023-09-20,Product_5,158.12,5,33.52,Books,790.6,Wednesday,September
2023-09-21,Product_5,239.47,7,90.49,Electronics,1676.29,Thursday,September
2023-09-22,Product_5,185.83,5,39.42,Clothing,929.1500000000001,Friday,September
2023-09-23,Product_5,180.92,5,83.38,Toys,904.5999999999999,Saturday,September
2023-09-24,Product_5,160.61,5,98.08,Toys,803.0500000000001,Sunday,September
2023-09-25,Product_5,140.41,4,71.5,Books,561.64,Monday,September
2023-09-26,Product_5,206.54,6,91.19,Food,1239.24,Tuesday,September
2023-09-27,Product_5,211.2,6,52.0,Clothing,1267.1999999999998,Wednesday,September
2023-09-28,Product_5,239.56,7,80.59,Toys,1676.92,Thursday,September
2023-09-29,Product_5,232.96,7,55.95,Toys,1630.72,Friday,September
2023-09-30,Product_5,197.4,6,24.26,Electronics,1184.4,Saturday,September
2023-10-01,Product_5,183.79,5,70.84,Food,918.9499999999999,Sunday,October
2023-10-02,Product_5,226.1,7,85.52,Clothing,1582.7,Monday,October
2023-10-03,Product_5,174.34,5,84.41,Toys,871.7,Tuesday,October
2023-10-04,Product_5,198.1,6,65.26,Food,1188.6,Wednesday,October
2023-10-05,Product_5,232.1,7,33.27,Electronics,1624.7,Thursday,October
2023-10-06,Product_5,256.33,8,39.08,Toys,2050.64,Friday,October
2023-10-07,Product_5,214.41,6,60.18,Books,1286.46,Saturday,October
2023-10-08,Product_5,173.32,5,63.96,Food,866.5999999999999,Sunday,October
2023-10-09,Product_5,130.63,4,73.66,Food,522.52,Monday,October
2023-10-10,Product_5,227.07,7,39.53,Food,1589.49,Tuesday,October
2023-10-11,Product_5,182.73,5,20.81,Toys,913.65,Wednesday,October
2023-10-12,Product_5,199.36,6,31.46,Food,1196.16,Thursday,October
2023-10-13,Product_5,199.9,6,73.1,Toys,1199.4,Friday,October
2023-10-14,Product_5,179.45,5,96.98,Books,897.25,Saturday,October
2023-10-15,Product_5,224.03,7,43.34,Books,1568.21,Sunday,October
2023-10-16,Product_5,148.83,4,61.18,Electronics,595.32,Monday,October
2023-10-17,Product_5,180.53,5,87.42,Electronics,902.65,Tuesday,October
2023-10-18,Product_5,146.94,4,49.89,Clothing,587.76,Wednesday,October
2023-10-19,Product_5,187.92,6,75.06,Electronics,1127.52,Thursday,October
2023-10-20,Product_5,221.59,7,38.2,Toys,1551.13,Friday,October
2023-10-21,Product_5,180.84,5,62.87,Toys,904.2,Saturday,October
2023-10-22,Product_5,206.55,6,48.87,Clothing,1239.3000000000002,Sunday,October
2023-10-23,Product_5,172.81,5,96.58,Clothing,864.05,Monday,October
2023-10-24,Product_5,130.57,4,72.25,Food,522.28,Tuesday,October
2023-10-25,Product_5,183.87,5,44.4,Toys,919.35,Wednesday,October
2023-10-26,Product_5,238.19,7,58.26,Clothing,1667.33,Thursday,October
2023-10-27,Product_5,304.25,9,90.97,Clothing,2738.25,Friday,October
2023-10-28,Product_5,236.0,7,49.73,Food,1652.0,Saturday,October
2023-10-29,Product_5,188.24,6,44.53,Books,1129.44,Sunday,October
2023-10-30,Product_5,199.33,6,63.41,Food,1195.98,Monday,October
2023-10-31,Product_5,212.37,6,84.3,Food,1274.22,Tuesday,October
2023-11-01,Product_5,189.38,6,35.35,Electronics,1136.28,Wednesday,November
2023-11-02,Product_5,194.36,6,23.13,Food,1166.16,Thursday,November
2023-11-03,Product_5,280.44,8,55.7,Books,2243.52,Friday,November
2023-11-04,Product_5,229.46,7,40.15,Books,1606.22,Saturday,November
2023-11-05,Product_5,241.45,7,41.96,Food,1690.1499999999999,Sunday,November
2023-11-06,Product_5,183.22,5,65.22,Clothing,916.1,Monday,November
2023-11-07,Product_5,133.73,4,34.65,Clothing,534.92,Tuesday,November
2023-11-08,Product_5,248.58,7,43.64,Toys,1740.0600000000002,Wednesday,November
2023-11-09,Product_5,214.65,6,95.54,Food,1287.9,Thursday,November
2023-11-10,Product_5,260.59,8,20.35,Books,2084.72,Friday,November
2023-11-11,Product_5,283.34,9,27.88,Clothing,2550.06,Saturday,November
2023-11-12,Product_5,194.2,6,29.47,Toys,1165.1999999999998,Sunday,November
2023-11-13,Product_5,201.32,6,43.36,Books,1207.92,Monday,November
2023-11-14,Product_5,163.03,5,84.94,Clothing,815.15,Tuesday,November
2023-11-15,Product_5,222.78,7,64.12,Toys,1559.46,Wednesday,November
2023-11-16,Product_5,242.63,7,82.23,Books,1698.4099999999999,Thursday,November
2023-11-17,Product_5,218.46,7,57.58,Books,1529.22,Friday,November
2023-11-18,Product_5,208.63,6,35.14,Books,1251.78,Saturday,November
2023-11-19,Product_5,220.39,7,64.4,Clothing,1542.73,Sunday,November
2023-11-20,Product_5,208.46,6,83.13,Toys,1250.76,Monday,November
2023-11-21,Product_5,215.73,6,74.66,Food,1294.3799999999999,Tuesday,November
2023-11-22,Product_5,259.0,8,70.53,Clothing,2072.0,Wednesday,November
2023-11-23,Product_5,179.91,5,63.44,Toys,899.55,Thursday,November
2023-11-24,Product_5,220.85,7,39.75,Electronics,1545.95,Friday,November
2023-11-25,Product_5,218.92,7,54.79,Books,1532.4399999999998,Saturday,November
2023-11-26,Product_5,188.5,6,84.14,Electronics,1131.0,Sunday,November
2023-11-27,Product_5,220.66,7,47.73,Food,1544.62,Monday,November
2023-11-28,Product_5,206.72,6,29.78,Clothing,1240.32,Tuesday,November
2023-11-29,Product_5,248.83,7,29.64,Food,1741.8100000000002,Wednesday,November
2023-11-30,Product_5,286.78,9,58.86,Toys,2581.0199999999995,Thursday,November
2023-12-01,Product_5,274.21,8,84.79,Books,2193.68,Friday,December
2023-12-02,Product_5,241.22,7,56.53,Electronics,1688.54,Saturday,December
2023-12-03,Product_5,217.81,6,35.98,Electronics,1306.8600000000001,Sunday,December
2023-12-04,Product_5,202.96,6,64.89,Toys,1217.76,Monday,December
2023-12-05,Product_5,167.63,5,54.97,Food,838.15,Tuesday,December
2023-12-06,Product_5,167.81,5,24.54,Electronics,839.05,Wednesday,December
2023-12-07,Product_5,211.78,6,29.46,Electronics,1270.68,Thursday,December
2023-12-08,Product_5,256.47,8,26.21,Electronics,2051.76,Friday,December
2023-12-09,Product_5,246.66,7,53.52,Food,1726.62,Saturday,December
2023-12-10,Product_5,245.73,7,65.87,Books,1720.11,Sunday,December
2023-12-11,Product_5,217.44,6,30.18,Food,1304.6399999999999,Monday,December
2023-12-12,Product_5,254.27,8,52.86,Toys,2034.16,Tuesday,December
2023-12-13,Product_5,219.51,7,68.8,Books,1536.57,Wednesday,December
2023-12-14,Product_5,231.65,7,95.79,Clothing,1621.55,Thursday,December
2023-12-15,Product_5,269.91,8,98.84,Books,2159.28,Friday,December
2023-12-16,Product_5,231.05,7,87.87,Books,1617.3500000000001,Saturday,December
2023-12-17,Product_5,220.35,7,75.11,Toys,1542.45,Sunday,December
2023-12-18,Product_5,211.91,6,56.7,Food,1271.46,Monday,December
2023-12-19,Product_5,276.16,8,27.39,Food,2209.28,Tuesday,December
2023-12-20,Product_5,221.45,7,34.73,Food,1550.1499999999999,Wednesday,December
2023-12-21,Product_5,300.77,9,35.33,Food,2706.93,Thursday,December
2023-12-22,Product_5,254.7,8,83.5,Clothing,2037.6,Friday,December
2023-12-23,Product_5,271.36,8,78.41,Electronics,2170.88,Saturday,December
2023-12-24,Product_5,232.03,7,71.51,Electronics,1624.21,Sunday,December
2023-12-25,Product_5,231.48,7,69.81,Toys,1620.36,Monday,December
2023-12-26,Product_5,228.85,7,52.01,Toys,1601.95,Tuesday,December
2023-12-27,Product_5,224.46,7,75.44,Electronics,1571.22,Wednesday,December
2023-12-28,Product_5,244.74,7,99.73,Clothing,1713.18,Thursday,December
2023-12-29,Product_5,261.43,8,98.82,Food,2091.44,Friday,December
2023-12-30,Product_5,254.57,8,97.78,Toys,2036.56,Saturday,December
2023-12-31,Product_5,320.94,10,95.77,Toys,3209.4,Sunday,December
2024-01-01,Product_5,232.15,7,37.24,Food,1625.05,Monday,January
2024-01-02,Product_5,261.41,8,25.7,Electronics,2091.28,Tuesday,January
2024-01-03,Product_5,299.6,9,50.36,Books,2696.4,Wednesday,January
2024-01-04,Product_5,305.08,9,44.5,Clothing,2745.72,Thursday,January
2024-01-05,Product_5,323.33,10,45.8,Books,3233.2999999999997,Friday,January
2024-01-06,Product_5,282.68,9,32.56,Food,2544.12,Saturday,January
2024-01-07,Product_5,232.82,7,97.36,Electronics,1629.74,Sunday,January
2024-01-08,Product_5,199.07,6,42.43,Clothing,1194.42,Monday,January
2024-01-09,Product_5,225.81,7,48.83,Books,1580.67,Tuesday,January
2024-01-10,Product_5,289.07,9,80.58,Food,2601.63,Wednesday,January
2024-01-11,Product_5,288.31,9,46.21,Books,2594.79,Thursday,January
2024-01-12,Product_5,274.16,8,98.14,Toys,2193.28,Friday,January
2024-01-13,Product_5,301.63,9,66.78,Toys,2714.67,Saturday,January
2024-01-14,Product_5,242.11,7,98.64,Toys,1694.77,Sunday,January
2024-01-15,Product_5,246.44,7,82.38,Toys,1725.08,Monday,January
2024-01-16,Product_5,231.16,7,34.98,Electronics,1618.12,Tuesday,January
2024-01-17,Product_5,239.94,7,22.11,Food,1679.58,Wednesday,January
2024-01-18,Product_5,281.89,9,59.27,Clothing,2537.0099999999998,Thursday,January
2024-01-19,Product_5,306.0,9,60.64,Electronics,2754.0,Friday,January
2024-01-20,Product_5,271.11,8,61.18,Food,2168.88,Saturday,January
2024-01-21,Product_5,310.9,9,78.14,Toys,2798.1,Sunday,January
2024-01-22,Product_5,262.36,8,40.51,Toys,2098.88,Monday,January
2024-01-23,Product_5,272.81,8,85.5,Electronics,2182.48,Tuesday,January
2024-01-24,Product_5,272.46,8,26.13,Food,2179.68,Wednesday,January
2024-01-25,Product_5,248.44,7,28.47,Electronics,1739.08,Thursday,January
2024-01-26,Product_5,266.65,8,79.02,Clothing,2133.2,Friday,January
2024-01-27,Product_5,261.54,8,35.48,Food,2092.32,Saturday,January
2024-01-28,Product_5,312.08,10,87.59,Electronics,3120.7999999999997,Sunday,January
2024-01-29,Product_5,269.64,8,52.37,Clothing,2157.12,Monday,January
2024-01-30,Product_5,221.53,7,20.37,Food,1550.71,Tuesday,January
2024-01-31,Product_5,291.52,9,20.51,Electronics,2623.68,Wednesday,January
2024-02-01,Product_5,325.39,10,77.82,Clothing,3253.8999999999996,Thursday,February
2024-02-02,Product_5,321.22,10,36.35,Books,3212.2000000000003,Friday,February
2024-02-03,Product_5,252.41,8,34.14,Electronics,2019.28,Saturday,February
2024-02-04,Product_5,257.93,8,87.88,Toys,2063.44,Sunday,February
2024-02-05,Product_5,258.59,8,77.96,Clothing,2068.72,Monday,February
2024-02-06,Product_5,308.19,9,50.16,Toys,2773.71,Tuesday,February
2024-02-07,Product_5,266.62,8,27.19,Electronics,2132.96,Wednesday,February
2024-02-08,Product_5,333.73,10,74.21,Food,3337.3,Thursday,February
2024-02-09,Product_5,319.61,10,83.66,Toys,3196.1000000000004,Friday,February
2024-02-10,Product_5,311.17,9,21.89,Electronics,2800.53,Saturday,February
2024-02-11,Product_5,275.21,8,76.56,Books,2201.68,Sunday,February
2024-02-12,Product_5,302.25,9,41.24,Electronics,2720.25,Monday,February
2024-02-13,Product_5,233.42,7,66.13,Books,1633.9399999999998,Tuesday,February
2024-02-14,Product_5,281.12,9,35.78,Books,2530.08,Wednesday,February
2024-02-15,Product_5,338.75,10,64.4,Toys,3387.5,Thursday,February
2024-02-16,Product_5,299.35,9,69.27,Toys,2694.15,Friday,February
2024-02-17,Product_5,319.67,10,24.92,Books,3196.7000000000003,Saturday,February
2024-02-18,Product_5,264.53,8,28.9,Food,2116.24,Sunday,February
2024-02-19,Product_5,258.98,8,75.29,Clothing,2071.84,Monday,February
2024-02-20,Product_5,343.05,10,35.41,Food,3430.5,Tuesday,February
2024-02-21,Product_5,323.06,10,27.71,Toys,3230.6,Wednesday,February
2024-02-22,Product_5,313.83,10,88.11,Clothing,3138.2999999999997,Thursday,February
2024-02-23,Product_5,282.95,9,87.34,Food,2546.5499999999997,Friday,February
2024-02-24,Product_5,317.93,10,62.18,Electronics,3179.3,Saturday,February
2024-02-25,Product_5,250.55,8,98.58,Books,2004.4,Sunday,February
2024-02-26,Product_5,260.41,8,68.9,Toys,2083.28,Monday,February
2024-02-27,Product_5,254.32,8,76.54,Toys,2034.56,Tuesday,February
2024-02-28,Product_5,305.18,9,82.2,Toys,2746.62,Wednesday,February
2024-02-29,Product_5,264.3,8,94.97,Electronics,2114.4,Thursday,February
2024-03-01,Product_5,409.51,13,88.66,Toys,5323.63,Friday,March
2024-03-02,Product_5,285.9,9,42.28,Toys,2573.1,Saturday,March
2024-03-03,Product_5,339.14,10,71.45,Electronics,3391.3999999999996,Sunday,March
2024-03-04,Product_5,275.86,8,40.89,Toys,2206.88,Monday,March
2024-03-05,Product_5,277.55,8,68.14,Toys,2220.4,Tuesday,March
2024-03-06,Product_5,379.06,12,45.97,Electronics,4548.72,Wednesday,March
2024-03-07,Product_5,350.42,11,75.34,Books,3854.6200000000003,Thursday,March
2024-03-08,Product_5,338.51,10,96.14,Clothing,3385.1,Friday,March
2024-03-09,Product_5,275.69,8,75.36,Electronics,2205.52,Saturday,March
2024-03-10,Product_5,331.78,10,80.89,Books,3317.7999999999997,Sunday,March
2024-03-11,Product_5,266.95,8,32.76,Books,2135.6,Monday,March
2024-03-12,Product_5,251.3,8,58.15,Electronics,2010.4,Tuesday,March
2024-03-13,Product_5,259.54,8,80.16,Books,2076.32,Wednesday,March
2024-03-14,Product_5,312.1,10,92.31,Clothing,3121.0,Thursday,March
2024-03-15,Product_5,363.22,11,28.81,Electronics,3995.42,Friday,March
2024-03-16,Product_5,323.37,10,54.79,Food,3233.7,Saturday,March
2024-03-17,Product_5,276.22,8,95.53,Electronics,2209.76,Sunday,March
2024-03-18,Product_5,246.25,7,97.86,Books,1723.75,Monday,March
2024-03-19,Product_5,290.84,9,55.2,Clothing,2617.56,Tuesday,March
2024-03-20,Product_5,278.96,8,42.28,Food,2231.68,Wednesday,March
2024-03-21,Product_5,300.52,9,83.82,Food,2704.68,Thursday,March
2024-03-22,Product_5,325.3,10,61.47,Food,3253.0,Friday,March
2024-03-23,Product_5,269.77,8,59.78,Books,2158.16,Saturday,March
2024-03-24,Product_5,316.53,10,41.96,Clothing,3165.2999999999997,Sunday,March
2024-03-25,Product_5,304.21,9,97.79,Electronics,2737.89,Monday,March
2024-03-26,Product_5,251.54,8,67.98,Toys,2012.32,Tuesday,March
2024-03-27,Product_5,315.8,10,41.55,Books,3158.0,Wednesday,March
2024-03-28,Product_5,313.85,10,86.21,Electronics,3138.5,Thursday,March
2024-03-29,Product_5,280.95,9,35.01,Clothing,2528.5499999999997,Friday,March
2024-03-30,Product_5,291.79,9,87.9,Toys,2626.11,Saturday,March
2024-03-31,Product_5,274.28,8,61.79,Electronics,2194.24,Sunday,March
2024-04-01,Product_5,309.63,9,28.2,Books,2786.67,Monday,April
2024-04-02,Product_5,280.25,8,71.27,Electronics,2242.0,Tuesday,April
2024-04-03,Product_5,351.64,11,70.21,Electronics,3868.04,Wednesday,April
2024-04-04,Product_5,315.18,10,61.7,Food,3151.8,Thursday,April
2024-04-05,Product_5,307.5,9,53.11,Electronics,2767.5,Friday,April
2024-04-06,Product_5,303.13,9,58.01,Toys,2728.17,Saturday,April
2024-04-07,Product_5,303.83,9,39.4,Toys,2734.47,Sunday,April
2024-04-08,Product_5,257.37,8,46.09,Food,2058.96,Monday,April
2024-04-09,Product_5,273.71,8,99.85,Toys,2189.68,Tuesday,April
2024-04-10,Product_5,280.91,9,76.85,Toys,2528.19,Wednesday,April
2024-04-11,Product_5,406.58,13,79.92,Electronics,5285.54,Thursday,April
2024-04-12,Product_5,320.95,10,85.15,Electronics,3209.5,Friday,April
2024-04-13,Product_5,346.59,11,32.21,Food,3812.49,Saturday,April
2024-04-14,Product_5,346.36,11,74.63,Books,3809.96,Sunday,April
2024-04-15,Product_5,263.61,8,87.82,Toys,2108.88,Monday,April
2024-04-16,Product_5,304.97,9,55.94,Books,2744.7300000000005,Tuesday,April
2024-04-17,Product_5,290.4,9,63.81,Electronics,2613.6,Wednesday,April
2024-04-18,Product_5,303.98,9,27.07,Books,2735.82,Thursday,April
2024-04-19,Product_5,284.35,9,82.18,Toys,2559.15,Friday,April
2024-04-20,Product_5,328.99,10,84.93,Toys,3289.9,Saturday,April
2024-04-21,Product_5,292.08,9,92.16,Clothing,2628.72,Sunday,April
2024-04-22,Product_5,290.81,9,73.03,Toys,2617.29,Monday,April
2024-04-23,Product_5,285.14,9,45.54,Books,2566.2599999999998,Tuesday,April
2024-04-24,Product_5,317.14,10,93.44,Books,3171.3999999999996,Wednesday,April
2024-04-25,Product_5,376.09,12,85.73,Clothing,4513.08,Thursday,April
2024-04-26,Product_5,363.05,11,82.3,Clothing,3993.55,Friday,April
2024-04-27,Product_5,313.52,10,77.82,Books,3135.2,Saturday,April
2024-04-28,Product_5,265.92,8,35.04,Books,2127.36,Sunday,April
2024-04-29,Product_5,242.86,7,39.32,Electronics,1700.02,Monday,April
2024-04-30,Product_5,335.77,10,88.99,Books,3357.7,Tuesday,April
2024-05-01,Product_5,289.78,9,85.88,Books,2608.0199999999995,Wednesday,May
2024-05-02,Product_5,278.3,8,84.06,Food,2226.4,Thursday,May
2024-05-03,Product_5,326.86,10,67.09,Electronics,3268.6000000000004,Friday,May
2024-05-04,Product_5,291.12,9,28.9,Toys,2620.08,Saturday,May
2024-05-05,Product_5,293.84,9,32.97,Toys,2644.56,Sunday,May
2024-05-06,Product_5,304.0,9,32.58,Books,2736.0,Monday,May
2024-05-07,Product_5,260.71,8,77.56,Food,2085.68,Tuesday,May
2024-05-08,Product_5,302.25,9,69.64,Electronics,2720.25,Wednesday,May
2024-05-09,Product_5,337.44,10,23.91,Clothing,3374.4,Thursday,May
2024-05-10,Product_5,242.87,7,98.52,Books,1700.0900000000001,Friday,May
2024-05-11,Product_5,328.47,10,31.97,Toys,3284.7000000000003,Saturday,May
2024-05-12,Product_5,265.19,8,93.27,Books,2121.52,Sunday,May
2024-05-13,Product_5,254.34,8,74.3,Food,2034.72,Monday,May
2024-05-14,Product_5,268.4,8,35.07,Food,2147.2,Tuesday,May
2024-05-15,Product_5,322.67,10,82.8,Clothing,3226.7000000000003,Wednesday,May
2024-05-16,Product_5,319.14,10,31.49,Toys,3191.3999999999996,Thursday,May
2024-05-17,Product_5,323.35,10,69.58,Clothing,3233.5,Friday,May
2024-05-18,Product_5,311.21,9,84.8,Books,2800.89,Saturday,May
2024-05-19,Product_5,292.69,9,31.4,Toys,2634.21,Sunday,May
2024-05-20,Product_5,257.39,8,56.28,Electronics,2059.12,Monday,May
2024-05-21,Product_5,234.3,7,54.66,Electronics,1640.1000000000001,Tuesday,May
2024-05-22,Product_5,281.74,9,54.92,Food,2535.66,Wednesday,May
2024-05-23,Product_5,356.94,11,22.83,Electronics,3926.34,Thursday,May
2024-05-24,Product_5,284.83,9,74.6,Electronics,2563.47,Friday,May
2024-05-25,Product_5,327.14,10,94.71,Books,3271.3999999999996,Saturday,May
2024-05-26,Product_5,298.74,9,69.37,Electronics,2688.66,Sunday,May
2024-05-27,Product_5,193.15,6,96.78,Clothing,1158.9,Monday,May
2024-05-28,Product_5,289.23,9,40.83,Toys,2603.07,Tuesday,May
2024-05-29,Product_5,252.85,8,86.97,Toys,2022.8,Wednesday,May
2024-05-30,Product_5,256.91,8,69.72,Clothing,2055.28,Thursday,May
2024-05-31,Product_5,351.53,11,25.84,Electronics,3866.83,Friday,May
2024-06-01,Product_5,301.55,9,39.99,Electronics,2713.9500000000003,Saturday,June
2024-06-02,Product_5,286.9,9,43.86,Books,2582.1,Sunday,June
2024-06-03,Product_5,288.82,9,39.34,Books,2599.38,Monday,June
2024-06-04,Product_5,305.39,9,27.62,Clothing,2748.5099999999998,Tuesday,June
2024-06-05,Product_5,256.62,8,50.88,Electronics,2052.96,Wednesday,June
2024-06-06,Product_5,266.71,8,60.39,Electronics,2133.68,Thursday,June
2024-06-07,Product_5,292.86,9,64.93,Toys,2635.7400000000002,Friday,June
2024-06-08,Product_5,264.24,8,51.36,Electronics,2113.92,Saturday,June
2024-06-09,Product_5,280.88,9,97.01,Electronics,2527.92,Sunday,June
2024-06-10,Product_5,233.78,7,51.16,Electronics,1636.46,Monday,June
2024-06-11,Product_5,234.49,7,96.05,Electronics,1641.43,Tuesday,June
2024-06-12,Product_5,301.84,9,97.9,Books,2716.56,Wednesday,June
2024-06-13,Product_5,305.15,9,46.36,Electronics,2746.35,Thursday,June
2024-06-14,Product_5,248.19,7,23.0,Electronics,1737.33,Friday,June
2024-06-15,Product_5,316.26,10,38.81,Toys,3162.6,Saturday,June
2024-06-16,Product_5,198.7,6,91.34,Food,1192.1999999999998,Sunday,June
2024-06-17,Product_5,235.47,7,68.36,Books,1648.29,Monday,June
2024-06-18,Product_5,275.84,8,61.02,Food,2206.72,Tuesday,June
2024-06-19,Product_5,236.87,7,32.03,Books,1658.0900000000001,Wednesday,June
2024-06-20,Product_5,234.2,7,92.91,Food,1639.3999999999999,Thursday,June
2024-06-21,Product_5,287.04,9,85.83,Food,2583.36,Friday,June
2024-06-22,Product_5,282.92,9,31.66,Food,2546.28,Saturday,June
2024-06-23,Product_5,229.34,7,41.72,Food,1605.38,Sunday,June
2024-06-24,Product_5,209.18,6,37.03,Books,1255.08,Monday,June
2024-06-25,Product_5,299.91,9,35.25,Clothing,2699.19,Tuesday,June
2024-06-26,Product_5,270.05,8,81.89,Toys,2160.4,Wednesday,June
2024-06-27,Product_5,299.78,9,67.08,Food,2698.0199999999995,Thursday,June
2024-06-28,Product_5,303.54,9,71.21,Clothing,2731.86,Friday,June
2024-06-29,Product_5,289.48,9,53.27,Electronics,2605.32,Saturday,June
2024-06-30,Product_5,284.25,9,63.27,Food,2558.25,Sunday,June
2024-07-01,Product_5,244.99,7,53.98,Electronics,1714.93,Monday,July
2024-07-02,Product_5,221.5,7,58.8,Clothing,1550.5,Tuesday,July
2024-07-03,Product_5,300.67,9,55.88,Clothing,2706.03,Wednesday,July
2024-07-04,Product_5,272.68,8,27.1,Food,2181.44,Thursday,July
2024-07-05,Product_5,236.92,7,87.78,Food,1658.4399999999998,Friday,July
2024-07-06,Product_5,281.64,9,71.41,Food,2534.7599999999998,Saturday,July
2024-07-07,Product_5,229.1,7,53.19,Food,1603.7,Sunday,July
2024-07-08,Product_5,300.97,9,85.91,Books,2708.7300000000005,Monday,July
2024-07-09,Product_5,226.14,7,61.23,Toys,1582.98,Tuesday,July
2024-07-10,Product_5,297.19,9,38.4,Electronics,2674.71,Wednesday,July
2024-07-11,Product_5,339.54,10,70.57,Food,3395.4,Thursday,July
2024-07-12,Product_5,266.76,8,51.64,Toys,2134.08,Friday,July
2024-07-13,Product_5,203.56,6,44.76,Toys,1221.3600000000001,Saturday,July
2024-07-14,Product_5,248.22,7,30.66,Books,1737.54,Sunday,July
2024-07-15,Product_5,184.05,5,20.1,Food,920.25,Monday,July
2024-07-16,Product_5,242.05,7,67.42,Books,1694.3500000000001,Tuesday,July
2024-07-17,Product_5,210.9,6,97.55,Toys,1265.4,Wednesday,July
2024-07-18,Product_5,291.7,9,64.76,Books,2625.2999999999997,Thursday,July
2024-07-19,Product_5,303.3,9,22.92,Electronics,2729.7000000000003,Friday,July
2024-07-20,Product_5,251.35,8,48.94,Clothing,2010.8,Saturday,July
2024-07-21,Product_5,248.47,7,58.51,Books,1739.29,Sunday,July
2024-07-22,Product_5,236.62,7,78.66,Clothing,1656.3400000000001,Monday,July
2024-07-23,Product_5,250.96,8,54.67,Electronics,2007.68,Tuesday,July
2024-07-24,Product_5,263.55,8,47.04,Electronics,2108.4,Wednesday,July
2024-07-25,Product_5,256.26,8,50.66,Clothing,2050.08,Thursday,July
2024-07-26,Product_5,291.27,9,87.74,Electronics,2621.43,Friday,July
2024-07-27,Product_5,247.03,7,33.7,Toys,1729.21,Saturday,July
2024-07-28,Product_5,252.32,8,51.37,Clothing,2018.56,Sunday,July
2024-07-29,Product_5,191.92,6,70.09,Books,1151.52,Monday,July
2024-07-30,Product_5,220.04,7,75.51,Food,1540.28,Tuesday,July
2024-07-31,Product_5,268.22,8,30.74,Clothing,2145.76,Wednesday,July
2024-08-01,Product_5,223.99,7,96.33,Toys,1567.93,Thursday,August
2024-08-02,Product_5,246.34,7,24.43,Books,1724.38,Friday,August
2024-08-03,Product_5,251.6,8,97.29,Electronics,2012.8,Saturday,August
2024-08-04,Product_5,257.91,8,45.53,Clothing,2063.28,Sunday,August
2024-08-05,Product_5,214.85,6,69.0,Books,1289.1,Monday,August
2024-08-06,Product_5,235.6,7,40.22,Toys,1649.2,Tuesday,August
2024-08-07,Product_5,221.34,7,22.32,Clothing,1549.38,Wednesday,August
2024-08-08,Product_5,296.02,9,29.71,Electronics,2664.18,Thursday,August
2024-08-09,Product_5,286.19,9,78.67,Clothing,2575.71,Friday,August
2024-08-10,Product_5,234.54,7,73.47,Books,1641.78,Saturday,August
2024-08-11,Product_5,355.46,11,93.4,Electronics,3910.06,Sunday,August
2024-08-12,Product_5,186.22,5,75.18,Toys,931.1,Monday,August
2024-08-13,Product_5,192.5,6,91.8,Clothing,1155.0,Tuesday,August
2024-08-14,Product_5,190.13,6,25.33,Electronics,1140.78,Wednesday,August
2024-08-15,Product_5,281.85,9,53.11,Food,2536.65,Thursday,August
2024-08-16,Product_5,292.86,9,37.57,Toys,2635.7400000000002,Friday,August
2024-08-17,Product_5,237.58,7,49.3,Electronics,1663.0600000000002,Saturday,August
2024-08-18,Product_5,202.7,6,54.35,Toys,1216.1999999999998,Sunday,August
2024-08-19,Product_5,147.06,4,30.55,Clothing,588.24,Monday,August
2024-08-20,Product_5,159.52,5,47.24,Books,797.6,Tuesday,August
2024-08-21,Product_5,228.94,7,50.33,Toys,1602.58,Wednesday,August
2024-08-22,Product_5,248.76,7,69.29,Food,1741.32,Thursday,August
2024-08-23,Product_5,289.66,9,21.61,Toys,2606.94,Friday,August
2024-08-24,Product_5,232.94,7,44.47,Toys,1630.58,Saturday,August
2024-08-25,Product_5,201.51,6,66.75,Food,1209.06,Sunday,August
2024-08-26,Product_5,132.26,4,38.12,Food,529.04,Monday,August
2024-08-27,Product_5,190.44,6,67.22,Books,1142.6399999999999,Tuesday,August
2024-08-28,Product_5,216.3,6,37.95,Books,1297.8000000000002,Wednesday,August
2024-08-29,Product_5,224.75,7,32.71,Electronics,1573.25,Thursday,August
2024-08-30,Product_5,222.3,7,98.44,Toys,1556.1000000000001,Friday,August
2024-08-31,Product_5,230.91,7,38.2,Electronics,1616.37,Saturday,August
2024-09-01,Product_5,220.65,7,37.66,Clothing,1544.55,Sunday,September
2024-09-02,Product_5,176.98,5,24.01,Toys,884.9,Monday,September
2024-09-03,Product_5,195.17,6,77.82,Toys,1171.02,Tuesday,September
2024-09-04,Product_5,230.4,7,48.44,Toys,1612.8,Wednesday,September
2024-09-05,Product_5,194.17,6,93.16,Toys,1165.02,Thursday,September
2024-09-06,Product_5,210.08,6,31.72,Electronics,1260.48,Friday,September
2024-09-07,Product_5,208.51,6,90.86,Clothing,1251.06,Saturday,September
2024-09-08,Product_5,186.57,5,84.71,Food,932.8499999999999,Sunday,September
2024-09-09,Product_5,179.8,5,24.93,Clothing,899.0,Monday,September
2024-09-10,Product_5,170.77,5,47.52,Food,853.85,Tuesday,September
2024-09-11,Product_5,221.21,7,48.76,Electronics,1548.47,Wednesday,September
2024-09-12,Product_5,199.19,6,81.68,Books,1195.1399999999999,Thursday,September
2024-09-13,Product_5,261.98,8,85.11,Toys,2095.84,Friday,September
2024-09-14,Product_5,248.56,7,41.58,Electronics,1739.92,Saturday,September
2024-09-15,Product_5,232.04,7,25.99,Clothing,1624.28,Sunday,September
2024-09-16,Product_5,243.28,7,63.72,Electronics,1702.96,Monday,September
2024-09-17,Product_5,150.36,4,97.08,Electronics,601.44,Tuesday,September
2024-09-18,Product_5,179.99,5,23.78,Electronics,899.95,Wednesday,September
2024-09-19,Product_5,226.55,7,97.58,Electronics,1585.8500000000001,Thursday,September
2024-09-20,Product_5,209.83,6,89.61,Toys,1258.98,Friday,September
2024-09-21,Product_5,172.63,5,93.47,Clothing,863.15,Saturday,September
2024-09-22,Product_5,180.16,5,30.12,Clothing,900.8,Sunday,September
2024-09-23,Product_5,176.48,5,76.24,Books,882.4,Monday,September
2024-09-24,Product_5,174.16,5,50.25,Toys,870.8,Tuesday,September
2024-09-25,Product_5,198.98,6,29.0,Food,1193.8799999999999,Wednesday,September
2024-09-26,Product_5,249.15,7,86.91,Electronics,1744.05,Thursday,September
2024-09-27,Product_5,244.3,7,49.6,Toys,1710.1000000000001,Friday,September
2024-09-28,Product_5,183.32,5,70.0,Electronics,916.5999999999999,Saturday,September
2024-09-29,Product_5,196.56,6,98.77,Clothing,1179.3600000000001,Sunday,September
2024-09-30,Product_5,190.56,6,29.02,Toys,1143.3600000000001,Monday,September
2024-10-01,Product_5,174.79,5,57.59,Clothing,873.9499999999999,Tuesday,October
2024-10-02,Product_5,248.49,7,41.41,Electronics,1739.43,Wednesday,October
2024-10-03,Product_5,197.81,6,98.37,Books,1186.8600000000001,Thursday,October
2024-10-04,Product_5,214.24,6,26.42,Books,1285.44,Friday,October
2024-10-05,Product_5,244.93,7,21.18,Clothing,1714.51,Saturday,October
2024-10-06,Product_5,247.37,7,30.72,Food,1731.5900000000001,Sunday,October
2024-10-07,Product_5,252.46,8,40.27,Toys,2019.68,Monday,October
2024-10-08,Product_5,229.46,7,49.98,Food,1606.22,Tuesday,October
2024-10-09,Product_5,199.46,6,59.48,Food,1196.76,Wednesday,October
2024-10-10,Product_5,253.75,8,29.01,Books,2030.0,Thursday,October
2024-10-11,Product_5,270.96,8,58.47,Toys,2167.68,Friday,October
2024-10-12,Product_5,206.1,6,99.61,Toys,1236.6,Saturday,October
2024-10-13,Product_5,268.08,8,79.68,Food,2144.64,Sunday,October
2024-10-14,Product_5,155.22,4,84.12,Toys,620.88,Monday,October
2024-10-15,Product_5,210.63,6,37.47,Books,1263.78,Tuesday,October
2024-10-16,Product_5,212.18,6,76.35,Clothing,1273.08,Wednesday,October
2024-10-17,Product_5,239.5,7,94.64,Books,1676.5,Thursday,October
2024-10-18,Product_5,207.16,6,80.98,Food,1242.96,Friday,October
2024-10-19,Product_5,208.23,6,70.42,Books,1249.3799999999999,Saturday,October
2024-10-20,Product_5,148.23,4,50.66,Toys,592.92,Sunday,October
2024-10-21,Product_5,210.02,6,37.41,Electronics,1260.1200000000001,Monday,October
2024-10-22,Product_5,177.16,5,29.72,Food,885.8,Tuesday,October
2024-10-23,Product_5,222.28,7,36.45,Food,1555.96,Wednesday,October
2024-10-24,Product_5,246.66,7,94.89,Electronics,1726.62,Thursday,October
2024-10-25,Product_5,217.61,6,66.54,Books,1305.66,Friday,October
2024-10-26,Product_5,206.73,6,89.87,Electronics,1240.3799999999999,Saturday,October
2024-10-27,Product_5,254.19,8,76.45,Toys,2033.52,Sunday,October
2024-10-28,Product_5,221.99,7,93.04,Toys,1553.93,Monday,October
2024-10-29,Product_5,235.9,7,37.64,Electronics,1651.3,Tuesday,October
2024-10-30,Product_5,194.97,6,76.28,Electronics,1169.82,Wednesday,October
2024-10-31,Product_5,251.61,8,81.36,Electronics,2012.88,Thursday,October
2024-11-01,Product_5,258.89,8,97.05,Books,2071.12,Friday,November
2024-11-02,Product_5,198.59,6,45.39,Toys,1191.54,Saturday,November
2024-11-03,Product_5,188.93,6,28.4,Clothing,1133.58,Sunday,November
2024-11-04,Product_5,261.85,8,47.77,Clothing,2094.8,Monday,November
2024-11-05,Product_5,186.73,5,94.5,Books,933.65,Tuesday,November
2024-11-06,Product_5,210.23,6,82.59,Food,1261.3799999999999,Wednesday,November
2024-11-07,Product_5,230.29,7,46.91,Food,1612.03,Thursday,November
2024-11-08,Product_5,205.14,6,95.98,Books,1230.84,Friday,November
2024-11-09,Product_5,263.32,8,84.87,Food,2106.56,Saturday,November
2024-11-10,Product_5,264.33,8,63.52,Clothing,2114.64,Sunday,November
2024-11-11,Product_5,177.55,5,31.33,Books,887.75,Monday,November
2024-11-12,Product_5,251.42,8,61.17,Books,2011.36,Tuesday,November
2024-11-13,Product_5,255.86,8,34.95,Clothing,2046.88,Wednesday,November
2024-11-14,Product_5,257.32,8,37.03,Books,2058.56,Thursday,November
2024-11-15,Product_5,256.48,8,44.89,Electronics,2051.84,Friday,November
2024-11-16,Product_5,208.77,6,90.15,Food,1252.6200000000001,Saturday,November
2024-11-17,Product_5,207.45,6,86.95,Food,1244.6999999999998,Sunday,November
2024-11-18,Product_5,287.31,9,50.81,Toys,2585.79,Monday,November
2024-11-19,Product_5,162.54,5,65.86,Books,812.6999999999999,Tuesday,November
2024-11-20,Product_5,186.78,5,47.2,Clothing,933.9,Wednesday,November
2024-11-21,Product_5,258.77,8,59.01,Toys,2070.16,Thursday,November
2024-11-22,Product_5,295.55,9,45.55,Electronics,2659.9500000000003,Friday,November
2024-11-23,Product_5,243.2,7,36.66,Electronics,1702.3999999999999,Saturday,November
2024-11-24,Product_5,263.7,8,99.94,Books,2109.6,Sunday,November
2024-11-25,Product_5,259.56,8,23.92,Electronics,2076.48,Monday,November
2024-11-26,Product_5,265.74,8,50.06,Food,2125.92,Tuesday,November
2024-11-27,Product_5,278.21,8,40.79,Clothing,2225.68,Wednesday,November
2024-11-28,Product_5,256.48,8,26.34,Food,2051.84,Thursday,November
2024-11-29,Product_5,271.05,8,38.39,Books,2168.4,Friday,November
2024-11-30,Product_5,285.2,9,57.52,Electronics,2566.7999999999997,Saturday,November
2024-12-01,Product_5,253.04,8,49.18,Books,2024.32,Sunday,December
2024-12-02,Product_5,250.53,8,81.62,Electronics,2004.24,Monday,December
2024-12-03,Product_5,226.02,7,61.56,Clothing,1582.14,Tuesday,December
2024-12-04,Product_5,253.38,8,93.06,Toys,2027.04,Wednesday,December
2024-12-05,Product_5,263.2,8,58.98,Toys,2105.6,Thursday,December
2024-12-06,Product_5,224.74,7,43.23,Food,1573.18,Friday,December
2024-12-07,Product_5,258.91,8,27.92,Electronics,2071.28,Saturday,December
2024-12-08,Product_5,260.38,8,76.76,Electronics,2083.04,Sunday,December
2024-12-09,Product_5,251.42,8,59.42,Clothing,2011.36,Monday,December
2024-12-10,Product_5,267.66,8,43.56,Electronics,2141.28,Tuesday,December
2024-12-11,Product_5,199.16,6,89.36,Toys,1194.96,Wednesday,December
2024-12-12,Product_5,266.66,8,52.21,Clothing,2133.28,Thursday,December
2024-12-13,Product_5,322.68,10,38.5,Books,3226.8,Friday,December
2024-12-14,Product_5,257.98,8,99.72,Electronics,2063.84,Saturday,December
2024-12-15,Product_5,287.81,9,97.63,Clothing,2590.29,Sunday,December
2024-12-16,Product_5,257.51,8,33.12,Toys,2060.08,Monday,December
2024-12-17,Product_5,209.4,6,65.03,Books,1256.4,Tuesday,December
2024-12-18,Product_5,255.67,8,92.21,Electronics,2045.36,Wednesday,December
2024-12-19,Product_5,261.15,8,42.95,Clothing,2089.2,Thursday,December
2024-12-20,Product_5,280.04,8,33.29,Food,2240.32,Friday,December
2024-12-21,Product_5,240.32,7,54.07,Electronics,1682.24,Saturday,December
2024-12-22,Product_5,295.35,9,51.57,Food,2658.15,Sunday,December
2024-12-23,Product_5,240.58,7,50.56,Toys,1684.0600000000002,Monday,December
2024-12-24,Product_5,253.63,8,37.02,Clothing,2029.04,Tuesday,December
2024-12-25,Product_5,281.58,9,78.07,Books,2534.22,Wednesday,December
2024-12-26,Product_5,309.82,9,31.31,Food,2788.38,Thursday,December
2024-12-27,Product_5,286.73,9,78.89,Electronics,2580.57,Friday,December
2024-12-28,Product_5,274.57,8,47.52,Electronics,2196.56,Saturday,December
2024-12-29,Product_5,249.23,7,37.54,Clothing,1744.61,Sunday,December
2024-12-30,Product_5,230.8,7,84.36,Electronics,1615.6000000000001,Monday,December
2024-12-31,Product_5,223.87,7,30.26,Books,1567.0900000000001,Tuesday,December
